id,title,description,link,image_link,price,availability,condition,brand,google_product_category,product_type
4527238496,Kitsune Fox Sumi-e Ink Print | Zen Black White Wall Art Poster,"japanese kitsune fox sumi-e ink print — black and white zen wall art poster (unframed). Museum-quality matte paper for the living room, bedroom or home office. 🦊 The fox that knows something you don't In Japanese folklore the kitsune is a shapeshifter — messenger, trickster, guardian, depending on who is telling the story. In ink it keeps that ambiguity: a few strokes, a turned head, and an expression you can read three different ways. For a room that likes a little mischief under the calm. PRINT ONLY — FRAME NOT INCLUDED. The frames shown in the photos are for display only. 🖌 Painted in one breath Sumi-e is painted once. There is no sketch and no correction — the brush lands, moves, and the image is either alive or it isn't. That is the whole discipline: stop thinking, commit, let go. The Japanese call it muga — forgetting the self. That is also what it does to a room. Deep black ink, a",https://canvasminiart.site/p/4527238496.html,https://i.etsystatic.com/65245102/r/il/70fdbe/8221030997/il_fullxfull.8221030997_mhor.jpg,39.99 USD,in stock,new,MiniCanvasArt,"Home & Garden > Decor > Artwork > Posters, Prints, & Visual Artwork",Dragons & Mythical
4527242245,Mountain Dawn | Samurai Ink Wall Art | Black & White Ink Wall Art | Poster,"japanese samurai sumi-e ink print — black and white zen wall art poster (unframed). Museum-quality matte paper for the living room, bedroom or home office. 🗡 The calm before everything The samurai was never really about the sword. Bushido is a code for the mind: decide once, act without hesitation, hold your center when everything moves. This figure stands in that stillness — the composure you want on the days that ask the most of you. Hang it where you start your mornings and it sets the tone: quiet, ready, unhurried. PRINT ONLY — FRAME NOT INCLUDED. The frames shown in the photos are for display only. 🖌 Painted in one breath Sumi-e is painted once. There is no sketch and no correction — the brush lands, moves, and the image is either alive or it isn't. That is the whole discipline: stop thinking, commit, let go. The Japanese call it muga — forgetting the self. That is also what it does",https://canvasminiart.site/p/4527242245.html,https://i.etsystatic.com/65245102/r/il/0cc1d1/8173194680/il_fullxfull.8173194680_182b.jpg,39.99 USD,in stock,new,MiniCanvasArt,"Home & Garden > Decor > Artwork > Posters, Prints, & Visual Artwork",Samurai & Warriors
4521832551,Red-Crowned Cranes Japanese Ink | Sumi-e Wall Art Print | Printable Digital Download | Zen Japandi Decor,"japanese crane bird sumi-e ink printable wall art — instant download. Black and white zen print for the living room, bedroom or home office. Print any size up to A1. 🕊 A thousand cranes, one long life The crane stands for longevity, luck and faithfulness — folding a thousand of them is an old wish for health and long life. It carries a quiet, hopeful dignity. A graceful piece for a bedroom or a gift that means may you have a long, good life without needing to say it out loud. ⚡ INSTANT DOWNLOAD — nothing is shipped. The files are yours the moment you pay, so it can be on your wall tonight. 🖌 Painted in one breath Sumi-e is painted once. There is no sketch and no correction — the brush lands, moves, and the image is either alive or it isn't. That is the whole discipline: stop thinking, commit, let go. The Japanese call it muga — forgetting the self. That is also what it does to a room. De",https://canvasminiart.site/p/4521832551.html,https://i.etsystatic.com/65245102/r/il/a54fa6/8135966210/il_fullxfull.8135966210_9k94.jpg,8.99 USD,in stock,new,MiniCanvasArt,"Home & Garden > Decor > Artwork > Posters, Prints, & Visual Artwork",Koi & Animals
4527626849,Lotus Flower Ink Art Print | Japanese Sumi-e Zen Wall Art (Unframed),"japanese lotus flower sumi-e ink print — black and white zen wall art poster (unframed). Museum-quality matte paper for the living room, bedroom or home office. 🪷 Clean bloom out of the mud The lotus grows in the murk at the bottom of the pond and opens spotless above the water. That is its whole meaning — purity and rebirth that come through the difficult part, not around it. A soft, hopeful piece for a bedroom or meditation corner: proof on the wall that where you start doesn't decide how you bloom. PRINT ONLY — FRAME NOT INCLUDED. The frames shown in the photos are for display only. 🖌 Painted in one breath Sumi-e is painted once. There is no sketch and no correction — the brush lands, moves, and the image is either alive or it isn't. That is the whole discipline: stop thinking, commit, let go. The Japanese call it muga — forgetting the self. That is also what it does to a room. Deep b",https://canvasminiart.site/p/4527626849.html,https://i.etsystatic.com/65245102/r/il/bb5635/8223771329/il_fullxfull.8223771329_1m1z.jpg,39.99 USD,in stock,new,MiniCanvasArt,"Home & Garden > Decor > Artwork > Posters, Prints, & Visual Artwork",Florals & Botanical
4527626789,Bamboo Sparrow Sumi-e Ink Art Print | Zen Black & White Wall Art (Unframed),"japanese bamboo sumi-e ink print — black and white zen wall art poster (unframed). Museum-quality matte paper for the living room, bedroom or home office. 🎋 Bends in the storm, never breaks Bamboo is the classic symbol of resilience: it gives way to the wind and springs back, hollow inside so nothing weighs it down. Strength through flexibility, not rigidity. A grounding piece for a home office or reading corner — the reminder that staying flexible is how you stay standing. PRINT ONLY — FRAME NOT INCLUDED. The frames shown in the photos are for display only. 🖌 Painted in one breath Sumi-e is painted once. There is no sketch and no correction — the brush lands, moves, and the image is either alive or it isn't. That is the whole discipline: stop thinking, commit, let go. The Japanese call it muga — forgetting the self. That is also what it does to a room. Deep black ink, a wide field of em",https://canvasminiart.site/p/4527626789.html,https://i.etsystatic.com/65245102/r/il/512b27/8223770933/il_fullxfull.8223770933_ljfn.jpg,39.99 USD,in stock,new,MiniCanvasArt,"Home & Garden > Decor > Artwork > Posters, Prints, & Visual Artwork",Koi & Animals
4527633290,Fisher Dawn Net | Zen Life Sumi-e Scene | Black & White Ink Wall Art | Poster,"japanese fisherman sumi-e ink print — black and white zen wall art poster (unframed). Museum-quality matte paper for the living room, bedroom or home office. 🌅 One cast, before the world wakes up A fisherman throws his net into still water at first light. No audience, no hurry — just a movement he has made ten thousand times. That is the whole appeal of this one: work done quietly and well, long before anyone is watching. PRINT ONLY — FRAME NOT INCLUDED. The frames shown in the photos are for display only. 🖌 Painted in one breath Sumi-e is painted once. There is no sketch and no correction — the brush lands, moves, and the image is either alive or it isn't. That is the whole discipline: stop thinking, commit, let go. The Japanese call it muga — forgetting the self. That is also what it does to a room. Deep black ink, a wide field of empty paper, one quiet accent. Nothing shouting for you",https://canvasminiart.site/p/4527633290.html,https://i.etsystatic.com/65245102/r/il/955201/8175827228/il_fullxfull.8175827228_ov34.jpg,39.99 USD,in stock,new,MiniCanvasArt,"Home & Garden > Decor > Artwork > Posters, Prints, & Visual Artwork",Japanese & Zen
4527633234,Monk Autumn Maple | Zen Life Sumi-e Scene | Black & White Ink Wall Art | Poster,"zen monk sumi-e ink print — black and white zen wall art poster (unframed). Museum-quality matte paper for the living room, bedroom or home office. 🍁 Sitting still while the season leaves A monk under a maple, letting the leaves fall past him without reaching for a single one. Mono no aware — the tender awareness that everything is passing. In ink it reads as calm rather than sad: letting go is a skill, not a loss. PRINT ONLY — FRAME NOT INCLUDED. The frames shown in the photos are for display only. 🖌 Painted in one breath Sumi-e is painted once. There is no sketch and no correction — the brush lands, moves, and the image is either alive or it isn't. That is the whole discipline: stop thinking, commit, let go. The Japanese call it muga — forgetting the self. That is also what it does to a room. Deep black ink, a wide field of empty paper, one quiet accent. Nothing shouting for your atten",https://canvasminiart.site/p/4527633234.html,https://i.etsystatic.com/65245102/r/il/d795dc/8175826806/il_fullxfull.8175826806_qps1.jpg,39.99 USD,in stock,new,MiniCanvasArt,"Home & Garden > Decor > Artwork > Posters, Prints, & Visual Artwork",Japanese & Zen
4527633182,Pilgrim Torii Gate Steps | Zen Life Sumi-e Scene | Black & White Ink Wall Art | Poster,"japanese torii gate sumi-e ink print — black and white zen wall art poster (unframed). Museum-quality matte paper for the living room, bedroom or home office. ⛩ The line between ordinary and sacred A torii gate marks a threshold — step through and you leave the everyday for something set apart. It stands for transition, and for treating your own space as worth protecting. A calming piece for an entryway: the first breath of quiet the moment you come home. PRINT ONLY — FRAME NOT INCLUDED. The frames shown in the photos are for display only. 🖌 Painted in one breath Sumi-e is painted once. There is no sketch and no correction — the brush lands, moves, and the image is either alive or it isn't. That is the whole discipline: stop thinking, commit, let go. The Japanese call it muga — forgetting the self. That is also what it does to a room. Deep black ink, a wide field of empty paper, one quie",https://canvasminiart.site/p/4527633182.html,https://i.etsystatic.com/65245102/r/il/7ffcdc/8223760681/il_fullxfull.8223760681_s2a0.jpg,39.99 USD,in stock,new,MiniCanvasArt,"Home & Garden > Decor > Artwork > Posters, Prints, & Visual Artwork",Japanese & Zen
4527633108,Samurai Horse Mist | Zen Life Sumi-e Scene | Black & White Ink Wall Art | Poster,"japanese samurai sumi-e ink print — black and white zen wall art poster (unframed). Museum-quality matte paper for the living room, bedroom or home office. 🗡 The calm before everything The samurai was never really about the sword. Bushido is a code for the mind: decide once, act without hesitation, hold your center when everything moves. This figure stands in that stillness — the composure you want on the days that ask the most of you. Hang it where you start your mornings and it sets the tone: quiet, ready, unhurried. PRINT ONLY — FRAME NOT INCLUDED. The frames shown in the photos are for display only. 🖌 Painted in one breath Sumi-e is painted once. There is no sketch and no correction — the brush lands, moves, and the image is either alive or it isn't. That is the whole discipline: stop thinking, commit, let go. The Japanese call it muga — forgetting the self. That is also what it does",https://canvasminiart.site/p/4527633108.html,https://i.etsystatic.com/65245102/r/il/16d251/8175825888/il_fullxfull.8175825888_g45k.jpg,39.99 USD,in stock,new,MiniCanvasArt,"Home & Garden > Decor > Artwork > Posters, Prints, & Visual Artwork",Samurai & Warriors
4527633034,Samurai Snow Pass | Zen Life Sumi-e Scene | Black & White Ink Wall Art | Poster,"japanese samurai sumi-e ink print — black and white zen wall art poster (unframed). Museum-quality matte paper for the living room, bedroom or home office. 🗡 The calm before everything The samurai was never really about the sword. Bushido is a code for the mind: decide once, act without hesitation, hold your center when everything moves. This figure stands in that stillness — the composure you want on the days that ask the most of you. Hang it where you start your mornings and it sets the tone: quiet, ready, unhurried. PRINT ONLY — FRAME NOT INCLUDED. The frames shown in the photos are for display only. 🖌 Painted in one breath Sumi-e is painted once. There is no sketch and no correction — the brush lands, moves, and the image is either alive or it isn't. That is the whole discipline: stop thinking, commit, let go. The Japanese call it muga — forgetting the self. That is also what it does",https://canvasminiart.site/p/4527633034.html,https://i.etsystatic.com/65245102/r/il/e42ccc/8175825464/il_fullxfull.8175825464_fcf3.jpg,39.99 USD,in stock,new,MiniCanvasArt,"Home & Garden > Decor > Artwork > Posters, Prints, & Visual Artwork",Samurai & Warriors
4527625333,Tea Veranda Mountains | Zen Life Sumi-e Scene | Black & White Ink Wall Art | Poster,"japanese tea ceremony sumi-e ink print — black and white zen wall art poster (unframed). Museum-quality matte paper for the living room, bedroom or home office. 🍵 One meeting, one moment The tea ceremony lives by ichigo ichie — this gathering will never happen exactly this way again, so give it your whole attention. It is presence, distilled. A warm, grounding piece for a kitchen or reading corner that invites you to slow down and actually be here. PRINT ONLY — FRAME NOT INCLUDED. The frames shown in the photos are for display only. 🖌 Painted in one breath Sumi-e is painted once. There is no sketch and no correction — the brush lands, moves, and the image is either alive or it isn't. That is the whole discipline: stop thinking, commit, let go. The Japanese call it muga — forgetting the self. That is also what it does to a room. Deep black ink, a wide field of empty paper, one quiet accen",https://canvasminiart.site/p/4527625333.html,https://i.etsystatic.com/65245102/r/il/e2f2ed/8175825096/il_fullxfull.8175825096_pr0o.jpg,39.99 USD,in stock,new,MiniCanvasArt,"Home & Garden > Decor > Artwork > Posters, Prints, & Visual Artwork",Landscapes & Nature
4527625291,Woman Boat Lotus | Zen Life Sumi-e Scene | Black & White Ink Wall Art | Poster,"japanese lotus flower sumi-e ink print — black and white zen wall art poster (unframed). Museum-quality matte paper for the living room, bedroom or home office. 🪷 Clean bloom out of the mud The lotus grows in the murk at the bottom of the pond and opens spotless above the water. That is its whole meaning — purity and rebirth that come through the difficult part, not around it. A soft, hopeful piece for a bedroom or meditation corner: proof on the wall that where you start doesn't decide how you bloom. PRINT ONLY — FRAME NOT INCLUDED. The frames shown in the photos are for display only. 🖌 Painted in one breath Sumi-e is painted once. There is no sketch and no correction — the brush lands, moves, and the image is either alive or it isn't. That is the whole discipline: stop thinking, commit, let go. The Japanese call it muga — forgetting the self. That is also what it does to a room. Deep b",https://canvasminiart.site/p/4527625291.html,https://i.etsystatic.com/65245102/r/il/38b853/8175824628/il_fullxfull.8175824628_teqw.jpg,39.99 USD,in stock,new,MiniCanvasArt,"Home & Garden > Decor > Artwork > Posters, Prints, & Visual Artwork",Florals & Botanical
4527625237,Woman Cherry River | Zen Life Sumi-e Scene | Black & White Ink Wall Art | Poster,"japanese woman sumi-e ink print — black and white zen wall art poster (unframed). Museum-quality matte paper for the living room, bedroom or home office. 🌸 Cherry blossom season, and nowhere to be A woman stands at the river while the blossoms come down. Sakura lasts about a week — which is exactly why the Japanese make a season of it. The piece carries that into a room: beauty you are meant to notice now, not later. PRINT ONLY — FRAME NOT INCLUDED. The frames shown in the photos are for display only. 🖌 Painted in one breath Sumi-e is painted once. There is no sketch and no correction — the brush lands, moves, and the image is either alive or it isn't. That is the whole discipline: stop thinking, commit, let go. The Japanese call it muga — forgetting the self. That is also what it does to a room. Deep black ink, a wide field of empty paper, one quiet accent. Nothing shouting for your att",https://canvasminiart.site/p/4527625237.html,https://i.etsystatic.com/65245102/r/il/48121e/8175824164/il_fullxfull.8175824164_qr1s.jpg,39.99 USD,in stock,new,MiniCanvasArt,"Home & Garden > Decor > Artwork > Posters, Prints, & Visual Artwork",Japanese & Zen
4527625185,Woman Umbrella Snow | Zen Life Sumi-e Scene | Black & White Ink Wall Art | Poster,"japanese woman in snow sumi-e ink print — black and white zen wall art poster (unframed). Museum-quality matte paper for the living room, bedroom or home office. ❄️ Snow, an umbrella, and no hurry A woman walks through falling snow under a paper umbrella. Everything around her is quiet and white; she is the one dark, deliberate line in it. If your room already has enough noise, this is the piece that lowers the volume. PRINT ONLY — FRAME NOT INCLUDED. The frames shown in the photos are for display only. 🖌 Painted in one breath Sumi-e is painted once. There is no sketch and no correction — the brush lands, moves, and the image is either alive or it isn't. That is the whole discipline: stop thinking, commit, let go. The Japanese call it muga — forgetting the self. That is also what it does to a room. Deep black ink, a wide field of empty paper, one quiet accent. Nothing shouting for your a",https://canvasminiart.site/p/4527625185.html,https://i.etsystatic.com/65245102/r/il/7ea8c9/8175823668/il_fullxfull.8175823668_lqb1.jpg,39.99 USD,in stock,new,MiniCanvasArt,"Home & Garden > Decor > Artwork > Posters, Prints, & Visual Artwork",Japanese & Zen
4527625129,Child Kite Lake | Framed Zen Life Sumi-e Scene | Black & White Ink,"japanese child with kite sumi-e ink print — black and white zen wall art, framed and ready to hang. Museum-quality matte paper for the living room, bedroom or home office. 🪁 A child, a kite, and a lot of sky Almost all of this painting is empty paper. A small figure, a thin line, and a kite far above the lake — the emptiness is doing the work. It is the piece people stand in front of a second longer than they meant to, usually smiling. 🖌 Painted in one breath Sumi-e is painted once. There is no sketch and no correction — the brush lands, moves, and the image is either alive or it isn't. That is the whole discipline: stop thinking, commit, let go. The Japanese call it muga — forgetting the self. That is also what it does to a room. Deep black ink, a wide field of empty paper, one quiet accent. Nothing shouting for your attention. On a busy wall it is the one place your eyes rest. 🖼 What y",https://canvasminiart.site/p/4527625129.html,https://i.etsystatic.com/65245102/r/il/80ce20/8175893370/il_fullxfull.8175893370_65gx.jpg,144.99 USD,in stock,new,MiniCanvasArt,"Home & Garden > Decor > Artwork > Posters, Prints, & Visual Artwork",Framed Art Prints
4527632682,Fisher Dawn Net | Framed Zen Life Sumi-e Scene | Black & White Ink,"japanese fisherman sumi-e ink print — black and white zen wall art, framed and ready to hang. Museum-quality matte paper for the living room, bedroom or home office. 🌅 One cast, before the world wakes up A fisherman throws his net into still water at first light. No audience, no hurry — just a movement he has made ten thousand times. That is the whole appeal of this one: work done quietly and well, long before anyone is watching. 🖌 Painted in one breath Sumi-e is painted once. There is no sketch and no correction — the brush lands, moves, and the image is either alive or it isn't. That is the whole discipline: stop thinking, commit, let go. The Japanese call it muga — forgetting the self. That is also what it does to a room. Deep black ink, a wide field of empty paper, one quiet accent. Nothing shouting for your attention. On a busy wall it is the one place your eyes rest. 🖼 What you rec",https://canvasminiart.site/p/4527632682.html,https://i.etsystatic.com/65245102/r/il/a45a48/8175822942/il_fullxfull.8175822942_cm2c.jpg,144.99 USD,in stock,new,MiniCanvasArt,"Home & Garden > Decor > Artwork > Posters, Prints, & Visual Artwork",Framed Art Prints
4527632642,Pilgrim Torii Gate Steps | Framed Zen Life Sumi-e Scene | Black & White Ink,"japanese torii gate sumi-e ink print — black and white zen wall art, framed and ready to hang. Museum-quality matte paper for the living room, bedroom or home office. ⛩ The line between ordinary and sacred A torii gate marks a threshold — step through and you leave the everyday for something set apart. It stands for transition, and for treating your own space as worth protecting. A calming piece for an entryway: the first breath of quiet the moment you come home. 🖌 Painted in one breath Sumi-e is painted once. There is no sketch and no correction — the brush lands, moves, and the image is either alive or it isn't. That is the whole discipline: stop thinking, commit, let go. The Japanese call it muga — forgetting the self. That is also what it does to a room. Deep black ink, a wide field of empty paper, one quiet accent. Nothing shouting for your attention. On a busy wall it is the one pl",https://canvasminiart.site/p/4527632642.html,https://i.etsystatic.com/65245102/r/il/47573c/8223757087/il_fullxfull.8223757087_ta2n.jpg,144.99 USD,in stock,new,MiniCanvasArt,"Home & Garden > Decor > Artwork > Posters, Prints, & Visual Artwork",Framed Art Prints
4527632610,Samurai Horse Mist | Framed Zen Life Sumi-e Scene | Black & White Ink,"japanese samurai sumi-e ink print — black and white zen wall art, framed and ready to hang. Museum-quality matte paper for the living room, bedroom or home office. 🗡 The calm before everything The samurai was never really about the sword. Bushido is a code for the mind: decide once, act without hesitation, hold your center when everything moves. This figure stands in that stillness — the composure you want on the days that ask the most of you. Hang it where you start your mornings and it sets the tone: quiet, ready, unhurried. 🖌 Painted in one breath Sumi-e is painted once. There is no sketch and no correction — the brush lands, moves, and the image is either alive or it isn't. That is the whole discipline: stop thinking, commit, let go. The Japanese call it muga — forgetting the self. That is also what it does to a room. Deep black ink, a wide field of empty paper, one quiet accent. Not",https://canvasminiart.site/p/4527632610.html,https://i.etsystatic.com/65245102/r/il/b7a0c9/8175822356/il_fullxfull.8175822356_pep9.jpg,144.99 USD,in stock,new,MiniCanvasArt,"Home & Garden > Decor > Artwork > Posters, Prints, & Visual Artwork",Framed Art Prints
4527624985,Samurai Snow Pass | Framed Zen Life Sumi-e Scene | Black & White Ink,"japanese samurai sumi-e ink print — black and white zen wall art, framed and ready to hang. Museum-quality matte paper for the living room, bedroom or home office. 🗡 The calm before everything The samurai was never really about the sword. Bushido is a code for the mind: decide once, act without hesitation, hold your center when everything moves. This figure stands in that stillness — the composure you want on the days that ask the most of you. Hang it where you start your mornings and it sets the tone: quiet, ready, unhurried. 🖌 Painted in one breath Sumi-e is painted once. There is no sketch and no correction — the brush lands, moves, and the image is either alive or it isn't. That is the whole discipline: stop thinking, commit, let go. The Japanese call it muga — forgetting the self. That is also what it does to a room. Deep black ink, a wide field of empty paper, one quiet accent. Not",https://canvasminiart.site/p/4527624985.html,https://i.etsystatic.com/65245102/r/il/2a78e2/8175822126/il_fullxfull.8175822126_8j09.jpg,144.99 USD,in stock,new,MiniCanvasArt,"Home & Garden > Decor > Artwork > Posters, Prints, & Visual Artwork",Framed Art Prints
4527624947,Tea Veranda Mountains | Framed Zen Life Sumi-e Scene | Black & White Ink,"japanese tea ceremony sumi-e ink print — black and white zen wall art, framed and ready to hang. Museum-quality matte paper for the living room, bedroom or home office. 🍵 One meeting, one moment The tea ceremony lives by ichigo ichie — this gathering will never happen exactly this way again, so give it your whole attention. It is presence, distilled. A warm, grounding piece for a kitchen or reading corner that invites you to slow down and actually be here. 🖌 Painted in one breath Sumi-e is painted once. There is no sketch and no correction — the brush lands, moves, and the image is either alive or it isn't. That is the whole discipline: stop thinking, commit, let go. The Japanese call it muga — forgetting the self. That is also what it does to a room. Deep black ink, a wide field of empty paper, one quiet accent. Nothing shouting for your attention. On a busy wall it is the one place you",https://canvasminiart.site/p/4527624947.html,https://i.etsystatic.com/65245102/r/il/452977/8175821798/il_fullxfull.8175821798_3r8j.jpg,144.99 USD,in stock,new,MiniCanvasArt,"Home & Garden > Decor > Artwork > Posters, Prints, & Visual Artwork",Framed Art Prints
4527632498,Woman Boat Lotus | Framed Zen Life Sumi-e Scene | Black & White Ink,"japanese lotus flower sumi-e ink print — black and white zen wall art, framed and ready to hang. Museum-quality matte paper for the living room, bedroom or home office. 🪷 Clean bloom out of the mud The lotus grows in the murk at the bottom of the pond and opens spotless above the water. That is its whole meaning — purity and rebirth that come through the difficult part, not around it. A soft, hopeful piece for a bedroom or meditation corner: proof on the wall that where you start doesn't decide how you bloom. 🖌 Painted in one breath Sumi-e is painted once. There is no sketch and no correction — the brush lands, moves, and the image is either alive or it isn't. That is the whole discipline: stop thinking, commit, let go. The Japanese call it muga — forgetting the self. That is also what it does to a room. Deep black ink, a wide field of empty paper, one quiet accent. Nothing shouting for ",https://canvasminiart.site/p/4527632498.html,https://i.etsystatic.com/65245102/r/il/4dac36/8223755903/il_fullxfull.8223755903_phu0.jpg,144.99 USD,in stock,new,MiniCanvasArt,"Home & Garden > Decor > Artwork > Posters, Prints, & Visual Artwork",Framed Art Prints
4527632466,Woman Cherry River | Framed Zen Life Sumi-e Scene | Black & White Ink,"japanese woman sumi-e ink print — black and white zen wall art, framed and ready to hang. Museum-quality matte paper for the living room, bedroom or home office. 🌸 Cherry blossom season, and nowhere to be A woman stands at the river while the blossoms come down. Sakura lasts about a week — which is exactly why the Japanese make a season of it. The piece carries that into a room: beauty you are meant to notice now, not later. 🖌 Painted in one breath Sumi-e is painted once. There is no sketch and no correction — the brush lands, moves, and the image is either alive or it isn't. That is the whole discipline: stop thinking, commit, let go. The Japanese call it muga — forgetting the self. That is also what it does to a room. Deep black ink, a wide field of empty paper, one quiet accent. Nothing shouting for your attention. On a busy wall it is the one place your eyes rest. 🖼 What you receive ",https://canvasminiart.site/p/4527632466.html,https://i.etsystatic.com/65245102/r/il/60e90f/8175821240/il_fullxfull.8175821240_jmkl.jpg,144.99 USD,in stock,new,MiniCanvasArt,"Home & Garden > Decor > Artwork > Posters, Prints, & Visual Artwork",Framed Art Prints
4527624843,Woman Umbrella Snow | Framed Zen Life Sumi-e Scene | Black & White Ink,"japanese woman in snow sumi-e ink print — black and white zen wall art, framed and ready to hang. Museum-quality matte paper for the living room, bedroom or home office. ❄️ Snow, an umbrella, and no hurry A woman walks through falling snow under a paper umbrella. Everything around her is quiet and white; she is the one dark, deliberate line in it. If your room already has enough noise, this is the piece that lowers the volume. 🖌 Painted in one breath Sumi-e is painted once. There is no sketch and no correction — the brush lands, moves, and the image is either alive or it isn't. That is the whole discipline: stop thinking, commit, let go. The Japanese call it muga — forgetting the self. That is also what it does to a room. Deep black ink, a wide field of empty paper, one quiet accent. Nothing shouting for your attention. On a busy wall it is the one place your eyes rest. 🖼 What you receiv",https://canvasminiart.site/p/4527624843.html,https://i.etsystatic.com/65245102/r/il/ff7c66/8175820882/il_fullxfull.8175820882_72z3.jpg,144.99 USD,in stock,new,MiniCanvasArt,"Home & Garden > Decor > Artwork > Posters, Prints, & Visual Artwork",Framed Art Prints
4527632382,Child Kite Lake | Zen Life Sumi-e Scene | Black & White Ink Wall Art | Poster,"japanese child with kite sumi-e ink print — black and white zen wall art poster (unframed). Museum-quality matte paper for the living room, bedroom or home office. 🪁 A child, a kite, and a lot of sky Almost all of this painting is empty paper. A small figure, a thin line, and a kite far above the lake — the emptiness is doing the work. It is the piece people stand in front of a second longer than they meant to, usually smiling. PRINT ONLY — FRAME NOT INCLUDED. The frames shown in the photos are for display only. 🖌 Painted in one breath Sumi-e is painted once. There is no sketch and no correction — the brush lands, moves, and the image is either alive or it isn't. That is the whole discipline: stop thinking, commit, let go. The Japanese call it muga — forgetting the self. That is also what it does to a room. Deep black ink, a wide field of empty paper, one quiet accent. Nothing shouting f",https://canvasminiart.site/p/4527632382.html,https://i.etsystatic.com/65245102/r/il/74fcbc/8223755021/il_fullxfull.8223755021_ng52.jpg,39.99 USD,in stock,new,MiniCanvasArt,"Home & Garden > Decor > Artwork > Posters, Prints, & Visual Artwork",Landscapes & Nature
4527632322,Fisher Dawn Net | Zen Life Sumi-e Scene | Black & White Ink Wall Art | Poster,"japanese fisherman sumi-e ink print — black and white zen wall art poster (unframed). Museum-quality matte paper for the living room, bedroom or home office. 🌅 One cast, before the world wakes up A fisherman throws his net into still water at first light. No audience, no hurry — just a movement he has made ten thousand times. That is the whole appeal of this one: work done quietly and well, long before anyone is watching. PRINT ONLY — FRAME NOT INCLUDED. The frames shown in the photos are for display only. 🖌 Painted in one breath Sumi-e is painted once. There is no sketch and no correction — the brush lands, moves, and the image is either alive or it isn't. That is the whole discipline: stop thinking, commit, let go. The Japanese call it muga — forgetting the self. That is also what it does to a room. Deep black ink, a wide field of empty paper, one quiet accent. Nothing shouting for you",https://canvasminiart.site/p/4527632322.html,https://i.etsystatic.com/65245102/r/il/4c6a1a/8175820144/il_fullxfull.8175820144_5aew.jpg,39.99 USD,in stock,new,MiniCanvasArt,"Home & Garden > Decor > Artwork > Posters, Prints, & Visual Artwork",Japanese & Zen
4527632270,Monk Autumn Maple | Zen Life Sumi-e Scene | Black & White Ink Wall Art | Poster,"zen monk sumi-e ink print — black and white zen wall art poster (unframed). Museum-quality matte paper for the living room, bedroom or home office. 🍁 Sitting still while the season leaves A monk under a maple, letting the leaves fall past him without reaching for a single one. Mono no aware — the tender awareness that everything is passing. In ink it reads as calm rather than sad: letting go is a skill, not a loss. PRINT ONLY — FRAME NOT INCLUDED. The frames shown in the photos are for display only. 🖌 Painted in one breath Sumi-e is painted once. There is no sketch and no correction — the brush lands, moves, and the image is either alive or it isn't. That is the whole discipline: stop thinking, commit, let go. The Japanese call it muga — forgetting the self. That is also what it does to a room. Deep black ink, a wide field of empty paper, one quiet accent. Nothing shouting for your atten",https://canvasminiart.site/p/4527632270.html,https://i.etsystatic.com/65245102/r/il/daca0d/8175819684/il_fullxfull.8175819684_thum.jpg,39.99 USD,in stock,new,MiniCanvasArt,"Home & Garden > Decor > Artwork > Posters, Prints, & Visual Artwork",Japanese & Zen
4527624623,Pilgrim Torii Gate Steps | Zen Life Sumi-e Scene | Black & White Ink Wall Art | Poster,"japanese torii gate sumi-e ink print — black and white zen wall art poster (unframed). Museum-quality matte paper for the living room, bedroom or home office. ⛩ The line between ordinary and sacred A torii gate marks a threshold — step through and you leave the everyday for something set apart. It stands for transition, and for treating your own space as worth protecting. A calming piece for an entryway: the first breath of quiet the moment you come home. PRINT ONLY — FRAME NOT INCLUDED. The frames shown in the photos are for display only. 🖌 Painted in one breath Sumi-e is painted once. There is no sketch and no correction — the brush lands, moves, and the image is either alive or it isn't. That is the whole discipline: stop thinking, commit, let go. The Japanese call it muga — forgetting the self. That is also what it does to a room. Deep black ink, a wide field of empty paper, one quie",https://canvasminiart.site/p/4527624623.html,https://i.etsystatic.com/65245102/r/il/ebe355/8175819150/il_fullxfull.8175819150_d5h7.jpg,39.99 USD,in stock,new,MiniCanvasArt,"Home & Garden > Decor > Artwork > Posters, Prints, & Visual Artwork",Japanese & Zen
4527632112,Samurai Horse Mist | Zen Life Sumi-e Scene | Black & White Ink Wall Art | Poster,"japanese samurai sumi-e ink print — black and white zen wall art poster (unframed). Museum-quality matte paper for the living room, bedroom or home office. 🗡 The calm before everything The samurai was never really about the sword. Bushido is a code for the mind: decide once, act without hesitation, hold your center when everything moves. This figure stands in that stillness — the composure you want on the days that ask the most of you. Hang it where you start your mornings and it sets the tone: quiet, ready, unhurried. PRINT ONLY — FRAME NOT INCLUDED. The frames shown in the photos are for display only. 🖌 Painted in one breath Sumi-e is painted once. There is no sketch and no correction — the brush lands, moves, and the image is either alive or it isn't. That is the whole discipline: stop thinking, commit, let go. The Japanese call it muga — forgetting the self. That is also what it does",https://canvasminiart.site/p/4527632112.html,https://i.etsystatic.com/65245102/r/il/716e0c/8175818696/il_fullxfull.8175818696_k0wc.jpg,39.99 USD,in stock,new,MiniCanvasArt,"Home & Garden > Decor > Artwork > Posters, Prints, & Visual Artwork",Samurai & Warriors
4527624517,Samurai Snow Pass | Zen Life Sumi-e Scene | Black & White Ink Wall Art | Poster,"japanese samurai sumi-e ink print — black and white zen wall art poster (unframed). Museum-quality matte paper for the living room, bedroom or home office. 🗡 The calm before everything The samurai was never really about the sword. Bushido is a code for the mind: decide once, act without hesitation, hold your center when everything moves. This figure stands in that stillness — the composure you want on the days that ask the most of you. Hang it where you start your mornings and it sets the tone: quiet, ready, unhurried. PRINT ONLY — FRAME NOT INCLUDED. The frames shown in the photos are for display only. 🖌 Painted in one breath Sumi-e is painted once. There is no sketch and no correction — the brush lands, moves, and the image is either alive or it isn't. That is the whole discipline: stop thinking, commit, let go. The Japanese call it muga — forgetting the self. That is also what it does",https://canvasminiart.site/p/4527624517.html,https://i.etsystatic.com/65245102/r/il/96e850/8223752559/il_fullxfull.8223752559_p74f.jpg,39.99 USD,in stock,new,MiniCanvasArt,"Home & Garden > Decor > Artwork > Posters, Prints, & Visual Artwork",Samurai & Warriors
4527624459,Tea Veranda Mountains | Zen Life Sumi-e Scene | Black & White Ink Wall Art | Poster,"japanese tea ceremony sumi-e ink print — black and white zen wall art poster (unframed). Museum-quality matte paper for the living room, bedroom or home office. 🍵 One meeting, one moment The tea ceremony lives by ichigo ichie — this gathering will never happen exactly this way again, so give it your whole attention. It is presence, distilled. A warm, grounding piece for a kitchen or reading corner that invites you to slow down and actually be here. PRINT ONLY — FRAME NOT INCLUDED. The frames shown in the photos are for display only. 🖌 Painted in one breath Sumi-e is painted once. There is no sketch and no correction — the brush lands, moves, and the image is either alive or it isn't. That is the whole discipline: stop thinking, commit, let go. The Japanese call it muga — forgetting the self. That is also what it does to a room. Deep black ink, a wide field of empty paper, one quiet accen",https://canvasminiart.site/p/4527624459.html,https://i.etsystatic.com/65245102/r/il/8e4675/8223752101/il_fullxfull.8223752101_eotb.jpg,39.99 USD,in stock,new,MiniCanvasArt,"Home & Garden > Decor > Artwork > Posters, Prints, & Visual Artwork",Landscapes & Nature
4527624401,Woman Boat Lotus | Zen Life Sumi-e Scene | Black & White Ink Wall Art | Poster,"japanese lotus flower sumi-e ink print — black and white zen wall art poster (unframed). Museum-quality matte paper for the living room, bedroom or home office. 🪷 Clean bloom out of the mud The lotus grows in the murk at the bottom of the pond and opens spotless above the water. That is its whole meaning — purity and rebirth that come through the difficult part, not around it. A soft, hopeful piece for a bedroom or meditation corner: proof on the wall that where you start doesn't decide how you bloom. PRINT ONLY — FRAME NOT INCLUDED. The frames shown in the photos are for display only. 🖌 Painted in one breath Sumi-e is painted once. There is no sketch and no correction — the brush lands, moves, and the image is either alive or it isn't. That is the whole discipline: stop thinking, commit, let go. The Japanese call it muga — forgetting the self. That is also what it does to a room. Deep b",https://canvasminiart.site/p/4527624401.html,https://i.etsystatic.com/65245102/r/il/0be7f6/8175817342/il_fullxfull.8175817342_g9rb.jpg,39.99 USD,in stock,new,MiniCanvasArt,"Home & Garden > Decor > Artwork > Posters, Prints, & Visual Artwork",Florals & Botanical
4527624345,Woman Cherry River | Zen Life Sumi-e Scene | Black & White Ink Wall Art | Poster,"japanese woman sumi-e ink print — black and white zen wall art poster (unframed). Museum-quality matte paper for the living room, bedroom or home office. 🌸 Cherry blossom season, and nowhere to be A woman stands at the river while the blossoms come down. Sakura lasts about a week — which is exactly why the Japanese make a season of it. The piece carries that into a room: beauty you are meant to notice now, not later. PRINT ONLY — FRAME NOT INCLUDED. The frames shown in the photos are for display only. 🖌 Painted in one breath Sumi-e is painted once. There is no sketch and no correction — the brush lands, moves, and the image is either alive or it isn't. That is the whole discipline: stop thinking, commit, let go. The Japanese call it muga — forgetting the self. That is also what it does to a room. Deep black ink, a wide field of empty paper, one quiet accent. Nothing shouting for your att",https://canvasminiart.site/p/4527624345.html,https://i.etsystatic.com/65245102/r/il/85a75f/8175816876/il_fullxfull.8175816876_41j3.jpg,39.99 USD,in stock,new,MiniCanvasArt,"Home & Garden > Decor > Artwork > Posters, Prints, & Visual Artwork",Japanese & Zen
4527631828,Woman Umbrella Snow | Zen Life Sumi-e Scene | Black & White Ink Wall Art | Poster,"japanese woman in snow sumi-e ink print — black and white zen wall art poster (unframed). Museum-quality matte paper for the living room, bedroom or home office. ❄️ Snow, an umbrella, and no hurry A woman walks through falling snow under a paper umbrella. Everything around her is quiet and white; she is the one dark, deliberate line in it. If your room already has enough noise, this is the piece that lowers the volume. PRINT ONLY — FRAME NOT INCLUDED. The frames shown in the photos are for display only. 🖌 Painted in one breath Sumi-e is painted once. There is no sketch and no correction — the brush lands, moves, and the image is either alive or it isn't. That is the whole discipline: stop thinking, commit, let go. The Japanese call it muga — forgetting the self. That is also what it does to a room. Deep black ink, a wide field of empty paper, one quiet accent. Nothing shouting for your a",https://canvasminiart.site/p/4527631828.html,https://i.etsystatic.com/65245102/r/il/59362f/8223750827/il_fullxfull.8223750827_kpjq.jpg,39.99 USD,in stock,new,MiniCanvasArt,"Home & Garden > Decor > Artwork > Posters, Prints, & Visual Artwork",Japanese & Zen
4527631766,"Chrysanthemum Ink Art Print | Chinese Culture Wall Art, Minimalist Poster","Chrysanthemum — a chinese culture ink art print in serene black & white ink. Museum-quality matte poster that brings calm, minimalist beauty to any wall. Printed and shipped for you; available framed or unframed in multiple sizes. 🖌 Meet the artist I'm Hana — an artist who fell in love with the quiet power of Japanese ink. I'm drawn to misty mountains, a single confident brushstroke, and the calm that lives in empty space. For me every piece is a small world of feeling, painted in silence. Nothing makes me happier than imagining it on your wall, bringing a moment of stillness to your day. Thank you for letting my art into your home. © Original design by Hana / MiniCanvasArt. All rights reserved.",https://canvasminiart.site/p/4527631766.html,https://i.etsystatic.com/65245102/r/il/93e8a5/8223750387/il_fullxfull.8223750387_e6bt.jpg,39.99 USD,in stock,new,MiniCanvasArt,"Home & Garden > Decor > Artwork > Posters, Prints, & Visual Artwork",Florals & Botanical
4527624157,"Fenghuang Phoenix Ink Art Print | Chinese Culture Wall Art, Minimalist Poster","Fenghuang Phoenix — a chinese culture ink art print in serene black & white ink. Museum-quality matte poster that brings calm, minimalist beauty to any wall. Printed and shipped for you; available framed or unframed in multiple sizes. 🖌 Meet the artist I'm Hana — an artist who fell in love with the quiet power of Japanese ink. I'm drawn to misty mountains, a single confident brushstroke, and the calm that lives in empty space. For me every piece is a small world of feeling, painted in silence. Nothing makes me happier than imagining it on your wall, bringing a moment of stillness to your day. Thank you for letting my art into your home. © Original design by Hana / MiniCanvasArt. All rights reserved.",https://canvasminiart.site/p/4527624157.html,https://i.etsystatic.com/65245102/r/il/aed2ac/8223750043/il_fullxfull.8223750043_kqu8.jpg,39.99 USD,in stock,new,MiniCanvasArt,"Home & Garden > Decor > Artwork > Posters, Prints, & Visual Artwork",Dragons & Mythical
4527631648,Great Wall | Chinese Culture Ink Art | Black & White Ink Wall Art | Poster,"Great Wall — a chinese culture ink art print in serene black & white ink. Museum-quality matte poster that brings calm, minimalist beauty to any wall. Printed and shipped for you; available framed or unframed in multiple sizes. 🖌 Meet the artist I'm Hana — an artist who fell in love with the quiet power of Japanese ink. I'm drawn to misty mountains, a single confident brushstroke, and the calm that lives in empty space. For me every piece is a small world of feeling, painted in silence. Nothing makes me happier than imagining it on your wall, bringing a moment of stillness to your day. Thank you for letting my art into your home. © Original design by Hana / MiniCanvasArt. All rights reserved.",https://canvasminiart.site/p/4527631648.html,https://i.etsystatic.com/65245102/r/il/24dc9a/8175815284/il_fullxfull.8175815284_5voz.jpg,39.99 USD,in stock,new,MiniCanvasArt,"Home & Garden > Decor > Artwork > Posters, Prints, & Visual Artwork",Japanese & Zen
4527631588,"Guilin Cormorant Ink Art Print | Chinese Culture Wall Art, Minimalist Black White Poster","Guilin Cormorant — a chinese culture ink art print in serene black & white ink. Museum-quality matte poster that brings calm, minimalist beauty to any wall. Printed and shipped for you; available framed or unframed in multiple sizes. 🖌 Meet the artist I'm Hana — an artist who fell in love with the quiet power of Japanese ink. I'm drawn to misty mountains, a single confident brushstroke, and the calm that lives in empty space. For me every piece is a small world of feeling, painted in silence. Nothing makes me happier than imagining it on your wall, bringing a moment of stillness to your day. Thank you for letting my art into your home. © Original design by Hana / MiniCanvasArt. All rights reserved.",https://canvasminiart.site/p/4527631588.html,https://i.etsystatic.com/65245102/r/il/17a522/8223749223/il_fullxfull.8223749223_9u30.jpg,39.99 USD,in stock,new,MiniCanvasArt,"Home & Garden > Decor > Artwork > Posters, Prints, & Visual Artwork",Japanese & Zen
4527631536,"Junk Boat Ink Art Print | Chinese Culture Wall Art, Minimalist Serene Landscape Poster","Junk Boat — a chinese culture ink art print in serene black & white ink. Museum-quality matte poster that brings calm, minimalist beauty to any wall. Printed and shipped for you; available framed or unframed in multiple sizes. 🖌 Meet the artist I'm Hana — an artist who fell in love with the quiet power of Japanese ink. I'm drawn to misty mountains, a single confident brushstroke, and the calm that lives in empty space. For me every piece is a small world of feeling, painted in silence. Nothing makes me happier than imagining it on your wall, bringing a moment of stillness to your day. Thank you for letting my art into your home. © Original design by Hana / MiniCanvasArt. All rights reserved.",https://canvasminiart.site/p/4527631536.html,https://i.etsystatic.com/65245102/r/il/b63477/8223748791/il_fullxfull.8223748791_122m.jpg,39.99 USD,in stock,new,MiniCanvasArt,"Home & Garden > Decor > Artwork > Posters, Prints, & Visual Artwork",Japanese & Zen
4527631488,Opera Mask Ink Art Print | Chinese Culture Black White Poster,"Opera Mask — a chinese culture ink art print in serene black & white ink. Museum-quality matte poster that brings calm, minimalist beauty to any wall. Printed and shipped for you; available framed or unframed in multiple sizes. 🖌 Meet the artist I'm Hana — an artist who fell in love with the quiet power of Japanese ink. I'm drawn to misty mountains, a single confident brushstroke, and the calm that lives in empty space. For me every piece is a small world of feeling, painted in silence. Nothing makes me happier than imagining it on your wall, bringing a moment of stillness to your day. Thank you for letting my art into your home. © Original design by Hana / MiniCanvasArt. All rights reserved.",https://canvasminiart.site/p/4527631488.html,https://i.etsystatic.com/65245102/r/il/e9bab0/8223748385/il_fullxfull.8223748385_h8zq.jpg,39.99 USD,in stock,new,MiniCanvasArt,"Home & Garden > Decor > Artwork > Posters, Prints, & Visual Artwork",Japanese & Zen
4527623835,"Orchid Ink Art Print | Chinese Culture Wall Art, Minimalist Poster","Orchid — a chinese culture ink art print in serene black & white ink. Museum-quality matte poster that brings calm, minimalist beauty to any wall. Printed and shipped for you; available framed or unframed in multiple sizes. 🖌 Meet the artist I'm Hana — an artist who fell in love with the quiet power of Japanese ink. I'm drawn to misty mountains, a single confident brushstroke, and the calm that lives in empty space. For me every piece is a small world of feeling, painted in silence. Nothing makes me happier than imagining it on your wall, bringing a moment of stillness to your day. Thank you for letting my art into your home. © Original design by Hana / MiniCanvasArt. All rights reserved.",https://canvasminiart.site/p/4527623835.html,https://i.etsystatic.com/65245102/r/il/33754c/8175813558/il_fullxfull.8175813558_sfad.jpg,39.99 USD,in stock,new,MiniCanvasArt,"Home & Garden > Decor > Artwork > Posters, Prints, & Visual Artwork",Florals & Botanical
4527631378,Monk Autumn Maple | Zen Life Sumi-e Scene | Black & White Ink Wall Art | Poster,"zen monk sumi-e ink print — black and white zen wall art poster (unframed). Museum-quality matte paper for the living room, bedroom or home office. 🍁 Sitting still while the season leaves A monk under a maple, letting the leaves fall past him without reaching for a single one. Mono no aware — the tender awareness that everything is passing. In ink it reads as calm rather than sad: letting go is a skill, not a loss. PRINT ONLY — FRAME NOT INCLUDED. The frames shown in the photos are for display only. 🖌 Painted in one breath Sumi-e is painted once. There is no sketch and no correction — the brush lands, moves, and the image is either alive or it isn't. That is the whole discipline: stop thinking, commit, let go. The Japanese call it muga — forgetting the self. That is also what it does to a room. Deep black ink, a wide field of empty paper, one quiet accent. Nothing shouting for your atten",https://canvasminiart.site/p/4527631378.html,https://i.etsystatic.com/65245102/r/il/f89b94/8175813144/il_fullxfull.8175813144_fc68.jpg,39.99 USD,in stock,new,MiniCanvasArt,"Home & Garden > Decor > Artwork > Posters, Prints, & Visual Artwork",Japanese & Zen
4527623005,Great Wall | Chinese Culture Ink Art | Black & White Ink Wall Art | Poster,"Great Wall — a chinese culture ink art print in serene black & white ink. Museum-quality matte poster that brings calm, minimalist beauty to any wall. Printed and shipped for you; available framed or unframed in multiple sizes. 🖌 Meet the artist I'm Hana — an artist who fell in love with the quiet power of Japanese ink. I'm drawn to misty mountains, a single confident brushstroke, and the calm that lives in empty space. For me every piece is a small world of feeling, painted in silence. Nothing makes me happier than imagining it on your wall, bringing a moment of stillness to your day. Thank you for letting my art into your home. © Original design by Hana / MiniCanvasArt. All rights reserved.",https://canvasminiart.site/p/4527623005.html,https://i.etsystatic.com/65245102/r/il/1af44c/8223741707/il_fullxfull.8223741707_1tfy.jpg,39.99 USD,in stock,new,MiniCanvasArt,"Home & Garden > Decor > Artwork > Posters, Prints, & Visual Artwork",Japanese & Zen
4527403318,Ribcage Floral | Framed Anatomical Floral Art | Black & White Ink,"Ribcage Floral — a anatomical floral art print in serene black & white ink. Museum-quality matte poster that brings calm, minimalist beauty to any wall. Printed and shipped for you; available framed or unframed in multiple sizes. 🖌 Meet the artist I'm Hana — I find endless wonder in nature's small details: a single stem, the curve of a wing, the patience of growing things. I paint them simply, in ink and light, so the beauty speaks for itself. Each piece is a quiet love letter to the natural world. It would mean so much to know it now brings a little calm into your space. Thank you for welcoming my art into your home. © Original design by Hana / MiniCanvasArt. All rights reserved.",https://canvasminiart.site/p/4527403318.html,https://i.etsystatic.com/65245102/r/il/9c7308/8174280118/il_fullxfull.8174280118_ces1.jpg,144.99 USD,in stock,new,MiniCanvasArt,"Home & Garden > Decor > Artwork > Posters, Prints, & Visual Artwork",Framed Art Prints
4527394863,Heart Roses | Framed Anatomical Floral Art | Black & White Ink,"Heart Roses — a anatomical floral art print in serene black & white ink. Museum-quality matte poster that brings calm, minimalist beauty to any wall. Printed and shipped for you; available framed or unframed in multiple sizes. 🖌 Meet the artist I'm Hana — I find endless wonder in nature's small details: a single stem, the curve of a wing, the patience of growing things. I paint them simply, in ink and light, so the beauty speaks for itself. Each piece is a quiet love letter to the natural world. It would mean so much to know it now brings a little calm into your space. Thank you for welcoming my art into your home. © Original design by Hana / MiniCanvasArt. All rights reserved.",https://canvasminiart.site/p/4527394863.html,https://i.etsystatic.com/65245102/r/il/c215d1/8222210233/il_fullxfull.8222210233_fq7w.jpg,144.99 USD,in stock,new,MiniCanvasArt,"Home & Garden > Decor > Artwork > Posters, Prints, & Visual Artwork",Framed Art Prints
4527403156,Uterus Floral | Framed Anatomical Floral Art | Black & White Ink,"Uterus Floral — a anatomical floral art print in serene black & white ink. Museum-quality matte poster that brings calm, minimalist beauty to any wall. Printed and shipped for you; available framed or unframed in multiple sizes. 🖌 Meet the artist I'm Hana — I find endless wonder in nature's small details: a single stem, the curve of a wing, the patience of growing things. I paint them simply, in ink and light, so the beauty speaks for itself. Each piece is a quiet love letter to the natural world. It would mean so much to know it now brings a little calm into your space. Thank you for welcoming my art into your home. © Original design by Hana / MiniCanvasArt. All rights reserved.",https://canvasminiart.site/p/4527403156.html,https://i.etsystatic.com/65245102/r/il/afd8c3/8222209671/il_fullxfull.8222209671_m4m3.jpg,144.99 USD,in stock,new,MiniCanvasArt,"Home & Garden > Decor > Artwork > Posters, Prints, & Visual Artwork",Framed Art Prints
4527403086,Spine Botanical | Framed Anatomical Floral Art | Black & White Ink,"Spine Botanical — a anatomical floral art print in serene black & white ink. Museum-quality matte poster that brings calm, minimalist beauty to any wall. Printed and shipped for you; available framed or unframed in multiple sizes. 🖌 Meet the artist I'm Hana — I find endless wonder in nature's small details: a single stem, the curve of a wing, the patience of growing things. I paint them simply, in ink and light, so the beauty speaks for itself. Each piece is a quiet love letter to the natural world. It would mean so much to know it now brings a little calm into your space. Thank you for welcoming my art into your home. © Original design by Hana / MiniCanvasArt. All rights reserved.",https://canvasminiart.site/p/4527403086.html,https://i.etsystatic.com/65245102/r/il/d48ee6/8222209065/il_fullxfull.8222209065_2lgq.jpg,144.99 USD,in stock,new,MiniCanvasArt,"Home & Garden > Decor > Artwork > Posters, Prints, & Visual Artwork",Framed Art Prints
4527394633,Skull Roses | Framed Anatomical Floral Art | Black & White Ink,"Skull Roses — a anatomical floral art print in serene black & white ink. Museum-quality matte poster that brings calm, minimalist beauty to any wall. Printed and shipped for you; available framed or unframed in multiple sizes. 🖌 Meet the artist I'm Hana — I find endless wonder in nature's small details: a single stem, the curve of a wing, the patience of growing things. I paint them simply, in ink and light, so the beauty speaks for itself. Each piece is a quiet love letter to the natural world. It would mean so much to know it now brings a little calm into your space. Thank you for welcoming my art into your home. © Original design by Hana / MiniCanvasArt. All rights reserved.",https://canvasminiart.site/p/4527394633.html,https://i.etsystatic.com/65245102/r/il/61047f/8222208563/il_fullxfull.8222208563_kuup.jpg,144.99 USD,in stock,new,MiniCanvasArt,"Home & Garden > Decor > Artwork > Posters, Prints, & Visual Artwork",Framed Art Prints
4527392915,Skull Moth | Framed Anatomical Floral Art | Black & White Ink,"Skull Moth — a anatomical floral art print in serene black & white ink. Museum-quality matte poster that brings calm, minimalist beauty to any wall. Printed and shipped for you; available framed or unframed in multiple sizes. 🖌 Meet the artist I'm Hana — I find endless wonder in nature's small details: a single stem, the curve of a wing, the patience of growing things. I paint them simply, in ink and light, so the beauty speaks for itself. Each piece is a quiet love letter to the natural world. It would mean so much to know it now brings a little calm into your space. Thank you for welcoming my art into your home. © Original design by Hana / MiniCanvasArt. All rights reserved.",https://canvasminiart.site/p/4527392915.html,https://i.etsystatic.com/65245102/r/il/c26f9c/8222196295/il_fullxfull.8222196295_dtbd.jpg,144.99 USD,in stock,new,MiniCanvasArt,"Home & Garden > Decor > Artwork > Posters, Prints, & Visual Artwork",Framed Art Prints
4527401096,Skull Floral | Framed Anatomical Floral Art | Black & White Ink,"Skull Floral — a anatomical floral art print in serene black & white ink. Museum-quality matte poster that brings calm, minimalist beauty to any wall. Printed and shipped for you; available framed or unframed in multiple sizes. 🖌 Meet the artist I'm Hana — I find endless wonder in nature's small details: a single stem, the curve of a wing, the patience of growing things. I paint them simply, in ink and light, so the beauty speaks for itself. Each piece is a quiet love letter to the natural world. It would mean so much to know it now brings a little calm into your space. Thank you for welcoming my art into your home. © Original design by Hana / MiniCanvasArt. All rights reserved.",https://canvasminiart.site/p/4527401096.html,https://i.etsystatic.com/65245102/r/il/94649d/8174264848/il_fullxfull.8174264848_aevf.jpg,144.99 USD,in stock,new,MiniCanvasArt,"Home & Garden > Decor > Artwork > Posters, Prints, & Visual Artwork",Framed Art Prints
4527392627,Lungs Floral | Framed Anatomical Floral Art | Black & White Ink,"Lungs Floral — a anatomical floral art print in serene black & white ink. Museum-quality matte poster that brings calm, minimalist beauty to any wall. Printed and shipped for you; available framed or unframed in multiple sizes. 🖌 Meet the artist I'm Hana — I find endless wonder in nature's small details: a single stem, the curve of a wing, the patience of growing things. I paint them simply, in ink and light, so the beauty speaks for itself. Each piece is a quiet love letter to the natural world. It would mean so much to know it now brings a little calm into your space. Thank you for welcoming my art into your home. © Original design by Hana / MiniCanvasArt. All rights reserved.",https://canvasminiart.site/p/4527392627.html,https://i.etsystatic.com/65245102/r/il/ffb270/8174263378/il_fullxfull.8174263378_i526.jpg,144.99 USD,in stock,new,MiniCanvasArt,"Home & Garden > Decor > Artwork > Posters, Prints, & Visual Artwork",Framed Art Prints
4527400700,Hand Bones Floral | Framed Anatomical Floral Art | Black & White Ink,"Hand Bones Floral — a anatomical floral art print in serene black & white ink. Museum-quality matte poster that brings calm, minimalist beauty to any wall. Printed and shipped for you; available framed or unframed in multiple sizes. 🖌 Meet the artist I'm Hana — I find endless wonder in nature's small details: a single stem, the curve of a wing, the patience of growing things. I paint them simply, in ink and light, so the beauty speaks for itself. Each piece is a quiet love letter to the natural world. It would mean so much to know it now brings a little calm into your space. Thank you for welcoming my art into your home. © Original design by Hana / MiniCanvasArt. All rights reserved.",https://canvasminiart.site/p/4527400700.html,https://i.etsystatic.com/65245102/r/il/65e32c/8222192391/il_fullxfull.8222192391_m9cz.jpg,144.99 USD,in stock,new,MiniCanvasArt,"Home & Garden > Decor > Artwork > Posters, Prints, & Visual Artwork",Framed Art Prints
4527392317,Brain Floral | Framed Anatomical Floral Art | Black & White Ink,"Brain Floral — a anatomical floral art print in serene black & white ink. Museum-quality matte poster that brings calm, minimalist beauty to any wall. Printed and shipped for you; available framed or unframed in multiple sizes. 🖌 Meet the artist I'm Hana — I find endless wonder in nature's small details: a single stem, the curve of a wing, the patience of growing things. I paint them simply, in ink and light, so the beauty speaks for itself. Each piece is a quiet love letter to the natural world. It would mean so much to know it now brings a little calm into your space. Thank you for welcoming my art into your home. © Original design by Hana / MiniCanvasArt. All rights reserved.",https://canvasminiart.site/p/4527392317.html,https://i.etsystatic.com/65245102/r/il/1b8ae1/8174260496/il_fullxfull.8174260496_krra.jpg,144.99 USD,in stock,new,MiniCanvasArt,"Home & Garden > Decor > Artwork > Posters, Prints, & Visual Artwork",Framed Art Prints
4527391985,Skull Roses | Anatomical Floral Art | Black & White Ink Wall Art | Poster,"Skull Roses — a anatomical floral art print in serene black & white ink. Museum-quality matte poster that brings calm, minimalist beauty to any wall. Printed and shipped for you; available framed or unframed in multiple sizes. 🖌 Meet the artist I'm Hana — I find endless wonder in nature's small details: a single stem, the curve of a wing, the patience of growing things. I paint them simply, in ink and light, so the beauty speaks for itself. Each piece is a quiet love letter to the natural world. It would mean so much to know it now brings a little calm into your space. Thank you for welcoming my art into your home. © Original design by Hana / MiniCanvasArt. All rights reserved.",https://canvasminiart.site/p/4527391985.html,https://i.etsystatic.com/65245102/r/il/8093de/8222188481/il_fullxfull.8222188481_6s20.jpg,39.99 USD,in stock,new,MiniCanvasArt,"Home & Garden > Decor > Artwork > Posters, Prints, & Visual Artwork",Florals & Botanical
4527391881,Heart Roses | Anatomical Floral Art | Black & White Ink Wall Art | Poster,"Heart Roses — a anatomical floral art print in serene black & white ink. Museum-quality matte poster that brings calm, minimalist beauty to any wall. Printed and shipped for you; available framed or unframed in multiple sizes. 🖌 Meet the artist I'm Hana — I find endless wonder in nature's small details: a single stem, the curve of a wing, the patience of growing things. I paint them simply, in ink and light, so the beauty speaks for itself. Each piece is a quiet love letter to the natural world. It would mean so much to know it now brings a little calm into your space. Thank you for welcoming my art into your home. © Original design by Hana / MiniCanvasArt. All rights reserved.",https://canvasminiart.site/p/4527391881.html,https://i.etsystatic.com/65245102/r/il/bafd44/8174257196/il_fullxfull.8174257196_oryd.jpg,39.99 USD,in stock,new,MiniCanvasArt,"Home & Garden > Decor > Artwork > Posters, Prints, & Visual Artwork",Florals & Botanical
4527391705,Anatomical Brain Floral Art Print | Black White Ink Wall Decor (Poster),"Brain Floral — a anatomical floral art print in serene black & white ink. Museum-quality matte poster that brings calm, minimalist beauty to any wall. Printed and shipped for you; available framed or unframed in multiple sizes. 🖌 Meet the artist I'm Hana — I find endless wonder in nature's small details: a single stem, the curve of a wing, the patience of growing things. I paint them simply, in ink and light, so the beauty speaks for itself. Each piece is a quiet love letter to the natural world. It would mean so much to know it now brings a little calm into your space. Thank you for welcoming my art into your home. © Original design by Hana / MiniCanvasArt. All rights reserved.",https://canvasminiart.site/p/4527391705.html,https://i.etsystatic.com/65245102/r/il/b84383/8222186409/il_fullxfull.8222186409_bq3t.jpg,39.99 USD,in stock,new,MiniCanvasArt,"Home & Garden > Decor > Artwork > Posters, Prints, & Visual Artwork",Florals & Botanical
4527391451,Uterus Floral | Anatomical Floral Art | Black & White Ink Wall Art | Poster,"Uterus Floral — a anatomical floral art print in serene black & white ink. Museum-quality matte poster that brings calm, minimalist beauty to any wall. Printed and shipped for you; available framed or unframed in multiple sizes. 🖌 Meet the artist I'm Hana — I find endless wonder in nature's small details: a single stem, the curve of a wing, the patience of growing things. I paint them simply, in ink and light, so the beauty speaks for itself. Each piece is a quiet love letter to the natural world. It would mean so much to know it now brings a little calm into your space. Thank you for welcoming my art into your home. © Original design by Hana / MiniCanvasArt. All rights reserved.",https://canvasminiart.site/p/4527391451.html,https://i.etsystatic.com/65245102/r/il/6129ac/8174254136/il_fullxfull.8174254136_fxxg.jpg,39.99 USD,in stock,new,MiniCanvasArt,"Home & Garden > Decor > Artwork > Posters, Prints, & Visual Artwork",Florals & Botanical
4527391279,Spine Botanical | Anatomical Floral Art | Black & White Ink Wall Art | Poster,"Spine Botanical — a anatomical floral art print in serene black & white ink. Museum-quality matte poster that brings calm, minimalist beauty to any wall. Printed and shipped for you; available framed or unframed in multiple sizes. 🖌 Meet the artist I'm Hana — I find endless wonder in nature's small details: a single stem, the curve of a wing, the patience of growing things. I paint them simply, in ink and light, so the beauty speaks for itself. Each piece is a quiet love letter to the natural world. It would mean so much to know it now brings a little calm into your space. Thank you for welcoming my art into your home. © Original design by Hana / MiniCanvasArt. All rights reserved.",https://canvasminiart.site/p/4527391279.html,https://i.etsystatic.com/65245102/r/il/6a619a/8174252886/il_fullxfull.8174252886_g7j9.jpg,39.99 USD,in stock,new,MiniCanvasArt,"Home & Garden > Decor > Artwork > Posters, Prints, & Visual Artwork",Florals & Botanical
4527391179,Skull Moth | Anatomical Floral Art | Black & White Ink Wall Art | Poster,"Skull Moth — a anatomical floral art print in serene black & white ink. Museum-quality matte poster that brings calm, minimalist beauty to any wall. Printed and shipped for you; available framed or unframed in multiple sizes. 🖌 Meet the artist I'm Hana — I find endless wonder in nature's small details: a single stem, the curve of a wing, the patience of growing things. I paint them simply, in ink and light, so the beauty speaks for itself. Each piece is a quiet love letter to the natural world. It would mean so much to know it now brings a little calm into your space. Thank you for welcoming my art into your home. © Original design by Hana / MiniCanvasArt. All rights reserved.",https://canvasminiart.site/p/4527391179.html,https://i.etsystatic.com/65245102/r/il/8094ab/8222182277/il_fullxfull.8222182277_qikg.jpg,39.99 USD,in stock,new,MiniCanvasArt,"Home & Garden > Decor > Artwork > Posters, Prints, & Visual Artwork",Florals & Botanical
4527391065,Skull Floral Art Print | Anatomical Black Ink Wall Poster,"Skull Floral — a anatomical floral art print in serene black & white ink. Museum-quality matte poster that brings calm, minimalist beauty to any wall. Printed and shipped for you; available framed or unframed in multiple sizes. 🖌 Meet the artist I'm Hana — I find endless wonder in nature's small details: a single stem, the curve of a wing, the patience of growing things. I paint them simply, in ink and light, so the beauty speaks for itself. Each piece is a quiet love letter to the natural world. It would mean so much to know it now brings a little calm into your space. Thank you for welcoming my art into your home. © Original design by Hana / MiniCanvasArt. All rights reserved.",https://canvasminiart.site/p/4527391065.html,https://i.etsystatic.com/65245102/r/il/716029/8174251448/il_fullxfull.8174251448_gi6e.jpg,39.99 USD,in stock,new,MiniCanvasArt,"Home & Garden > Decor > Artwork > Posters, Prints, & Visual Artwork",Florals & Botanical
4527399174,Anatomical Ribcage Floral Art Print | Black White Ink Wall Poster,"Ribcage Floral — a anatomical floral art print in serene black & white ink. Museum-quality matte poster that brings calm, minimalist beauty to any wall. Printed and shipped for you; available framed or unframed in multiple sizes. 🖌 Meet the artist I'm Hana — I find endless wonder in nature's small details: a single stem, the curve of a wing, the patience of growing things. I paint them simply, in ink and light, so the beauty speaks for itself. Each piece is a quiet love letter to the natural world. It would mean so much to know it now brings a little calm into your space. Thank you for welcoming my art into your home. © Original design by Hana / MiniCanvasArt. All rights reserved.",https://canvasminiart.site/p/4527399174.html,https://i.etsystatic.com/65245102/r/il/700b53/8222180987/il_fullxfull.8222180987_ctt9.jpg,39.99 USD,in stock,new,MiniCanvasArt,"Home & Garden > Decor > Artwork > Posters, Prints, & Visual Artwork",Florals & Botanical
4527399098,Floral Lungs Art Print | Black and White Ink Botanical Anatomy Poster,"Lungs Floral — a anatomical floral art print in serene black & white ink. Museum-quality matte poster that brings calm, minimalist beauty to any wall. Printed and shipped for you; available framed or unframed in multiple sizes. 🖌 Meet the artist I'm Hana — I find endless wonder in nature's small details: a single stem, the curve of a wing, the patience of growing things. I paint them simply, in ink and light, so the beauty speaks for itself. Each piece is a quiet love letter to the natural world. It would mean so much to know it now brings a little calm into your space. Thank you for welcoming my art into your home. © Original design by Hana / MiniCanvasArt. All rights reserved.",https://canvasminiart.site/p/4527399098.html,https://i.etsystatic.com/65245102/r/il/d7fcc1/8174249962/il_fullxfull.8174249962_8m8x.jpg,39.99 USD,in stock,new,MiniCanvasArt,"Home & Garden > Decor > Artwork > Posters, Prints, & Visual Artwork",Florals & Botanical
4527390743,Hand Bones Floral | Anatomical Floral Art | Black & White Ink Wall Art | Poster,"Hand Bones Floral — a anatomical floral art print in serene black & white ink. Museum-quality matte poster that brings calm, minimalist beauty to any wall. Printed and shipped for you; available framed or unframed in multiple sizes. 🖌 Meet the artist I'm Hana — I find endless wonder in nature's small details: a single stem, the curve of a wing, the patience of growing things. I paint them simply, in ink and light, so the beauty speaks for itself. Each piece is a quiet love letter to the natural world. It would mean so much to know it now brings a little calm into your space. Thank you for welcoming my art into your home. © Original design by Hana / MiniCanvasArt. All rights reserved.",https://canvasminiart.site/p/4527390743.html,https://i.etsystatic.com/65245102/r/il/613261/8174249334/il_fullxfull.8174249334_bfjw.jpg,39.99 USD,in stock,new,MiniCanvasArt,"Home & Garden > Decor > Artwork > Posters, Prints, & Visual Artwork",Florals & Botanical
4527390625,Opera Mask Ink Art Print | Chinese Culture Black White Poster,"Opera Mask — a chinese culture ink art print in serene black & white ink. Museum-quality matte poster that brings calm, minimalist beauty to any wall. Printed and shipped for you; available framed or unframed in multiple sizes. 🖌 Meet the artist I'm Hana — an artist who fell in love with the quiet power of Japanese ink. I'm drawn to misty mountains, a single confident brushstroke, and the calm that lives in empty space. For me every piece is a small world of feeling, painted in silence. Nothing makes me happier than imagining it on your wall, bringing a moment of stillness to your day. Thank you for letting my art into your home. © Original design by Hana / MiniCanvasArt. All rights reserved.",https://canvasminiart.site/p/4527390625.html,https://i.etsystatic.com/65245102/r/il/7a7243/8222178813/il_fullxfull.8222178813_doug.jpg,39.99 USD,in stock,new,MiniCanvasArt,"Home & Garden > Decor > Artwork > Posters, Prints, & Visual Artwork",Japanese & Zen
4527379117,Guilin Cormorant | Framed Chinese Culture Ink Art | Black & White Ink,"Guilin Cormorant — a chinese culture ink art print in serene black & white ink. Museum-quality matte poster that brings calm, minimalist beauty to any wall. Printed and shipped for you; available framed or unframed in multiple sizes. 🖌 Meet the artist I'm Hana — an artist who fell in love with the quiet power of Japanese ink. I'm drawn to misty mountains, a single confident brushstroke, and the calm that lives in empty space. For me every piece is a small world of feeling, painted in silence. Nothing makes me happier than imagining it on your wall, bringing a moment of stillness to your day. Thank you for letting my art into your home. © Original design by Hana / MiniCanvasArt. All rights reserved.",https://canvasminiart.site/p/4527379117.html,https://i.etsystatic.com/65245102/r/il/57c0f9/8222097569/il_fullxfull.8222097569_s179.jpg,144.99 USD,in stock,new,MiniCanvasArt,"Home & Garden > Decor > Artwork > Posters, Prints, & Visual Artwork",Framed Art Prints
4527379049,Chrysanthemum | Framed Chinese Culture Ink Art | Black & White Ink,"Chrysanthemum — a chinese culture ink art print in serene black & white ink. Museum-quality matte poster that brings calm, minimalist beauty to any wall. Printed and shipped for you; available framed or unframed in multiple sizes. 🖌 Meet the artist I'm Hana — an artist who fell in love with the quiet power of Japanese ink. I'm drawn to misty mountains, a single confident brushstroke, and the calm that lives in empty space. For me every piece is a small world of feeling, painted in silence. Nothing makes me happier than imagining it on your wall, bringing a moment of stillness to your day. Thank you for letting my art into your home. © Original design by Hana / MiniCanvasArt. All rights reserved.",https://canvasminiart.site/p/4527379049.html,https://i.etsystatic.com/65245102/r/il/3a16da/8222097093/il_fullxfull.8222097093_33ke.jpg,144.99 USD,in stock,new,MiniCanvasArt,"Home & Garden > Decor > Artwork > Posters, Prints, & Visual Artwork",Framed Art Prints
4527387526,Terracotta | Framed Chinese Culture Ink Art | Black & White Ink,"Terracotta — a chinese culture ink art print in serene black & white ink. Museum-quality matte poster that brings calm, minimalist beauty to any wall. Printed and shipped for you; available framed or unframed in multiple sizes. 🖌 Meet the artist I'm Hana — an artist who fell in love with the quiet power of Japanese ink. I'm drawn to misty mountains, a single confident brushstroke, and the calm that lives in empty space. For me every piece is a small world of feeling, painted in silence. Nothing makes me happier than imagining it on your wall, bringing a moment of stillness to your day. Thank you for letting my art into your home. © Original design by Hana / MiniCanvasArt. All rights reserved.",https://canvasminiart.site/p/4527387526.html,https://i.etsystatic.com/65245102/r/il/6873fd/8222096609/il_fullxfull.8222096609_kdyw.jpg,144.99 USD,in stock,new,MiniCanvasArt,"Home & Garden > Decor > Artwork > Posters, Prints, & Visual Artwork",Framed Art Prints
4527378937,Panda Bamboo | Framed Chinese Culture Ink Art | Black & White Ink,"japanese bamboo sumi-e ink print — black and white zen wall art, framed and ready to hang. Museum-quality matte paper for the living room, bedroom or home office. 🎋 Bends in the storm, never breaks Bamboo is the classic symbol of resilience: it gives way to the wind and springs back, hollow inside so nothing weighs it down. Strength through flexibility, not rigidity. A grounding piece for a home office or reading corner — the reminder that staying flexible is how you stay standing. 🖌 Painted in one breath Sumi-e is painted once. There is no sketch and no correction — the brush lands, moves, and the image is either alive or it isn't. That is the whole discipline: stop thinking, commit, let go. The Japanese call it muga — forgetting the self. That is also what it does to a room. Deep black ink, a wide field of empty paper, one quiet accent. Nothing shouting for your attention. On a busy wa",https://canvasminiart.site/p/4527378937.html,https://i.etsystatic.com/65245102/r/il/b4b6ae/8174165790/il_fullxfull.8174165790_25a8.jpg,144.99 USD,in stock,new,MiniCanvasArt,"Home & Garden > Decor > Artwork > Posters, Prints, & Visual Artwork",Framed Art Prints
4527387416,Orchid | Framed Chinese Culture Ink Art | Black & White Ink,"Orchid — a chinese culture ink art print in serene black & white ink. Museum-quality matte poster that brings calm, minimalist beauty to any wall. Printed and shipped for you; available framed or unframed in multiple sizes. 🖌 Meet the artist I'm Hana — an artist who fell in love with the quiet power of Japanese ink. I'm drawn to misty mountains, a single confident brushstroke, and the calm that lives in empty space. For me every piece is a small world of feeling, painted in silence. Nothing makes me happier than imagining it on your wall, bringing a moment of stillness to your day. Thank you for letting my art into your home. © Original design by Hana / MiniCanvasArt. All rights reserved.",https://canvasminiart.site/p/4527387416.html,https://i.etsystatic.com/65245102/r/il/48c07d/8174165242/il_fullxfull.8174165242_dtln.jpg,144.99 USD,in stock,new,MiniCanvasArt,"Home & Garden > Decor > Artwork > Posters, Prints, & Visual Artwork",Framed Art Prints
4527378821,Opera Mask | Framed Chinese Culture Ink Art | Black & White Ink,"Opera Mask — a chinese culture ink art print in serene black & white ink. Museum-quality matte poster that brings calm, minimalist beauty to any wall. Printed and shipped for you; available framed or unframed in multiple sizes. 🖌 Meet the artist I'm Hana — an artist who fell in love with the quiet power of Japanese ink. I'm drawn to misty mountains, a single confident brushstroke, and the calm that lives in empty space. For me every piece is a small world of feeling, painted in silence. Nothing makes me happier than imagining it on your wall, bringing a moment of stillness to your day. Thank you for letting my art into your home. © Original design by Hana / MiniCanvasArt. All rights reserved.",https://canvasminiart.site/p/4527378821.html,https://i.etsystatic.com/65245102/r/il/d9836e/8222095155/il_fullxfull.8222095155_6fb8.jpg,144.99 USD,in stock,new,MiniCanvasArt,"Home & Garden > Decor > Artwork > Posters, Prints, & Visual Artwork",Framed Art Prints
4527377365,Junk Boat | Framed Chinese Culture Ink Art | Black & White Ink,"Junk Boat — a chinese culture ink art print in serene black & white ink. Museum-quality matte poster that brings calm, minimalist beauty to any wall. Printed and shipped for you; available framed or unframed in multiple sizes. 🖌 Meet the artist I'm Hana — an artist who fell in love with the quiet power of Japanese ink. I'm drawn to misty mountains, a single confident brushstroke, and the calm that lives in empty space. For me every piece is a small world of feeling, painted in silence. Nothing makes me happier than imagining it on your wall, bringing a moment of stillness to your day. Thank you for letting my art into your home. © Original design by Hana / MiniCanvasArt. All rights reserved.",https://canvasminiart.site/p/4527377365.html,https://i.etsystatic.com/65245102/r/il/c11e8f/8222085055/il_fullxfull.8222085055_qajr.jpg,144.99 USD,in stock,new,MiniCanvasArt,"Home & Garden > Decor > Artwork > Posters, Prints, & Visual Artwork",Framed Art Prints
4527377251,Great Wall | Framed Chinese Culture Ink Art | Black & White Ink,"Great Wall — a chinese culture ink art print in serene black & white ink. Museum-quality matte poster that brings calm, minimalist beauty to any wall. Printed and shipped for you; available framed or unframed in multiple sizes. 🖌 Meet the artist I'm Hana — an artist who fell in love with the quiet power of Japanese ink. I'm drawn to misty mountains, a single confident brushstroke, and the calm that lives in empty space. For me every piece is a small world of feeling, painted in silence. Nothing makes me happier than imagining it on your wall, bringing a moment of stillness to your day. Thank you for letting my art into your home. © Original design by Hana / MiniCanvasArt. All rights reserved.",https://canvasminiart.site/p/4527377251.html,https://i.etsystatic.com/65245102/r/il/93f283/8222083957/il_fullxfull.8222083957_9718.jpg,144.99 USD,in stock,new,MiniCanvasArt,"Home & Garden > Decor > Artwork > Posters, Prints, & Visual Artwork",Framed Art Prints
4527385802,Forbidden City | Framed Chinese Culture Ink Art | Black & White Ink,"Forbidden City — a chinese culture ink art print in serene black & white ink. Museum-quality matte poster that brings calm, minimalist beauty to any wall. Printed and shipped for you; available framed or unframed in multiple sizes. 🖌 Meet the artist I'm Hana — an artist who fell in love with the quiet power of Japanese ink. I'm drawn to misty mountains, a single confident brushstroke, and the calm that lives in empty space. For me every piece is a small world of feeling, painted in silence. Nothing makes me happier than imagining it on your wall, bringing a moment of stillness to your day. Thank you for letting my art into your home. © Original design by Hana / MiniCanvasArt. All rights reserved.",https://canvasminiart.site/p/4527385802.html,https://i.etsystatic.com/65245102/r/il/ee9d12/8174152984/il_fullxfull.8174152984_cptv.jpg,144.99 USD,in stock,new,MiniCanvasArt,"Home & Garden > Decor > Artwork > Posters, Prints, & Visual Artwork",Framed Art Prints
4527385742,Fenghuang Phoenix | Framed Chinese Culture Ink Art | Black & White Ink,"Fenghuang Phoenix — a chinese culture ink art print in serene black & white ink. Museum-quality matte poster that brings calm, minimalist beauty to any wall. Printed and shipped for you; available framed or unframed in multiple sizes. 🖌 Meet the artist I'm Hana — an artist who fell in love with the quiet power of Japanese ink. I'm drawn to misty mountains, a single confident brushstroke, and the calm that lives in empty space. For me every piece is a small world of feeling, painted in silence. Nothing makes me happier than imagining it on your wall, bringing a moment of stillness to your day. Thank you for letting my art into your home. © Original design by Hana / MiniCanvasArt. All rights reserved.",https://canvasminiart.site/p/4527385742.html,https://i.etsystatic.com/65245102/r/il/e697b5/8174152512/il_fullxfull.8174152512_22b6.jpg,144.99 USD,in stock,new,MiniCanvasArt,"Home & Garden > Decor > Artwork > Posters, Prints, & Visual Artwork",Framed Art Prints
4527385640,Woman Umbrella Snow | Framed Zen Life Sumi-e Scene | Black & White Ink,"zen enso circle sumi-e ink print — black and white zen wall art, framed and ready to hang. Museum-quality matte paper for the living room, bedroom or home office. ⭕ Complete, and perfectly imperfect The ensō — a single ink circle drawn in one breath — is the heart of Zen: wholeness that doesn't need to be flawless. The open gap is on purpose; nothing real is finished or perfect, and that's the point. A centering piece for a meditation corner or office that quietly takes the pressure off getting everything right. 🖌 Painted in one breath Sumi-e is painted once. There is no sketch and no correction — the brush lands, moves, and the image is either alive or it isn't. That is the whole discipline: stop thinking, commit, let go. The Japanese call it muga — forgetting the self. That is also what it does to a room. Deep black ink, a wide field of empty paper, one quiet accent. Nothing shouting f",https://canvasminiart.site/p/4527385640.html,https://i.etsystatic.com/65245102/r/il/1bdb32/8174151718/il_fullxfull.8174151718_7fbh.jpg,144.99 USD,in stock,new,MiniCanvasArt,"Home & Garden > Decor > Artwork > Posters, Prints, & Visual Artwork",Framed Art Prints
4527385556,Woman Cherry River | Framed Zen Life Sumi-e Scene | Black & White Ink,"zen enso circle sumi-e ink print — black and white zen wall art, framed and ready to hang. Museum-quality matte paper for the living room, bedroom or home office. ⭕ Complete, and perfectly imperfect The ensō — a single ink circle drawn in one breath — is the heart of Zen: wholeness that doesn't need to be flawless. The open gap is on purpose; nothing real is finished or perfect, and that's the point. A centering piece for a meditation corner or office that quietly takes the pressure off getting everything right. 🖌 Painted in one breath Sumi-e is painted once. There is no sketch and no correction — the brush lands, moves, and the image is either alive or it isn't. That is the whole discipline: stop thinking, commit, let go. The Japanese call it muga — forgetting the self. That is also what it does to a room. Deep black ink, a wide field of empty paper, one quiet accent. Nothing shouting f",https://canvasminiart.site/p/4527385556.html,https://i.etsystatic.com/65245102/r/il/1754f7/8222081557/il_fullxfull.8222081557_ex15.jpg,144.99 USD,in stock,new,MiniCanvasArt,"Home & Garden > Decor > Artwork > Posters, Prints, & Visual Artwork",Framed Art Prints
4527376833,Woman Boat Lotus | Framed Zen Life Sumi-e Scene | Black & White Ink,"japanese lotus flower sumi-e ink print — black and white zen wall art, framed and ready to hang. Museum-quality matte paper for the living room, bedroom or home office. 🪷 Clean bloom out of the mud The lotus grows in the murk at the bottom of the pond and opens spotless above the water. That is its whole meaning — purity and rebirth that come through the difficult part, not around it. A soft, hopeful piece for a bedroom or meditation corner: proof on the wall that where you start doesn't decide how you bloom. 🖌 Painted in one breath Sumi-e is painted once. There is no sketch and no correction — the brush lands, moves, and the image is either alive or it isn't. That is the whole discipline: stop thinking, commit, let go. The Japanese call it muga — forgetting the self. That is also what it does to a room. Deep black ink, a wide field of empty paper, one quiet accent. Nothing shouting for ",https://canvasminiart.site/p/4527376833.html,https://i.etsystatic.com/65245102/r/il/fdb511/8222080949/il_fullxfull.8222080949_ouie.jpg,144.99 USD,in stock,new,MiniCanvasArt,"Home & Garden > Decor > Artwork > Posters, Prints, & Visual Artwork",Framed Art Prints
4527376753,Tea Veranda Mountains | Framed Zen Life Sumi-e Scene | Black & White Ink,"japanese tea ceremony sumi-e ink print — black and white zen wall art, framed and ready to hang. Museum-quality matte paper for the living room, bedroom or home office. 🍵 One meeting, one moment The tea ceremony lives by ichigo ichie — this gathering will never happen exactly this way again, so give it your whole attention. It is presence, distilled. A warm, grounding piece for a kitchen or reading corner that invites you to slow down and actually be here. 🖌 Painted in one breath Sumi-e is painted once. There is no sketch and no correction — the brush lands, moves, and the image is either alive or it isn't. That is the whole discipline: stop thinking, commit, let go. The Japanese call it muga — forgetting the self. That is also what it does to a room. Deep black ink, a wide field of empty paper, one quiet accent. Nothing shouting for your attention. On a busy wall it is the one place you",https://canvasminiart.site/p/4527376753.html,https://i.etsystatic.com/65245102/r/il/b3fa9c/8174149840/il_fullxfull.8174149840_pjxg.jpg,144.99 USD,in stock,new,MiniCanvasArt,"Home & Garden > Decor > Artwork > Posters, Prints, & Visual Artwork",Framed Art Prints
4527376687,Samurai Snow Pass | Framed Zen Life Sumi-e Scene | Black & White Ink,"Samurai Snow Pass — a zen life sumi-e scene print in serene black & white ink. Museum-quality matte poster that brings calm, minimalist beauty to any wall. Printed and shipped for you; available framed or unframed in multiple sizes. 🖌 Meet the artist I'm Hana — an artist who fell in love with the quiet power of Japanese ink. I'm drawn to misty mountains, a single confident brushstroke, and the calm that lives in empty space. For me every piece is a small world of feeling, painted in silence. Nothing makes me happier than imagining it on your wall, bringing a moment of stillness to your day. Thank you for letting my art into your home. © Original design by Hana / MiniCanvasArt. All rights reserved.",https://canvasminiart.site/p/4527376687.html,https://i.etsystatic.com/65245102/r/il/933f42/8174149424/il_fullxfull.8174149424_ahqi.jpg,144.99 USD,in stock,new,MiniCanvasArt,"Home & Garden > Decor > Artwork > Posters, Prints, & Visual Artwork",Framed Art Prints
4527376619,Samurai Horse Mist | Framed Zen Life Sumi-e Scene | Black & White Ink,"Samurai Horse Mist — a zen life sumi-e scene print in serene black & white ink. Museum-quality matte poster that brings calm, minimalist beauty to any wall. Printed and shipped for you; available framed or unframed in multiple sizes. 🖌 Meet the artist I'm Hana — an artist who fell in love with the quiet power of Japanese ink. I'm drawn to misty mountains, a single confident brushstroke, and the calm that lives in empty space. For me every piece is a small world of feeling, painted in silence. Nothing makes me happier than imagining it on your wall, bringing a moment of stillness to your day. Thank you for letting my art into your home. © Original design by Hana / MiniCanvasArt. All rights reserved.",https://canvasminiart.site/p/4527376619.html,https://i.etsystatic.com/65245102/r/il/0e93a9/8222079459/il_fullxfull.8222079459_7o8h.jpg,144.99 USD,in stock,new,MiniCanvasArt,"Home & Garden > Decor > Artwork > Posters, Prints, & Visual Artwork",Framed Art Prints
4527385176,Pilgrim Torii Gate Steps | Framed Zen Life Sumi-e Scene | Black & White Ink,"Pilgrim Torii Gate Steps — a zen life sumi-e scene print in serene black & white ink. Museum-quality matte poster that brings calm, minimalist beauty to any wall. Printed and shipped for you; available framed or unframed in multiple sizes. 🖌 Meet the artist I'm Hana — an artist who fell in love with the quiet power of Japanese ink. I'm drawn to misty mountains, a single confident brushstroke, and the calm that lives in empty space. For me every piece is a small world of feeling, painted in silence. Nothing makes me happier than imagining it on your wall, bringing a moment of stillness to your day. Thank you for letting my art into your home. © Original design by Hana / MiniCanvasArt. All rights reserved.",https://canvasminiart.site/p/4527385176.html,https://i.etsystatic.com/65245102/r/il/ba3ba8/8222078655/il_fullxfull.8222078655_jakz.jpg,144.99 USD,in stock,new,MiniCanvasArt,"Home & Garden > Decor > Artwork > Posters, Prints, & Visual Artwork",Framed Art Prints
4527385094,Monk Autumn Maple | Framed Zen Life Sumi-e Scene | Black & White Ink,"Monk Autumn Maple — a zen life sumi-e scene print in serene black & white ink. Museum-quality matte poster that brings calm, minimalist beauty to any wall. Printed and shipped for you; available framed or unframed in multiple sizes. 🖌 Meet the artist I'm Hana — an artist who fell in love with the quiet power of Japanese ink. I'm drawn to misty mountains, a single confident brushstroke, and the calm that lives in empty space. For me every piece is a small world of feeling, painted in silence. Nothing makes me happier than imagining it on your wall, bringing a moment of stillness to your day. Thank you for letting my art into your home. © Original design by Hana / MiniCanvasArt. All rights reserved.",https://canvasminiart.site/p/4527385094.html,https://i.etsystatic.com/65245102/r/il/bb0756/8174147810/il_fullxfull.8174147810_ksnz.jpg,144.99 USD,in stock,new,MiniCanvasArt,"Home & Garden > Decor > Artwork > Posters, Prints, & Visual Artwork",Framed Art Prints
4527376365,Fisher Dawn Net | Framed Zen Life Sumi-e Scene | Black & White Ink,"Fisher Dawn Net — a zen life sumi-e scene print in serene black & white ink. Museum-quality matte poster that brings calm, minimalist beauty to any wall. Printed and shipped for you; available framed or unframed in multiple sizes. 🖌 Meet the artist I'm Hana — an artist who fell in love with the quiet power of Japanese ink. I'm drawn to misty mountains, a single confident brushstroke, and the calm that lives in empty space. For me every piece is a small world of feeling, painted in silence. Nothing makes me happier than imagining it on your wall, bringing a moment of stillness to your day. Thank you for letting my art into your home. © Original design by Hana / MiniCanvasArt. All rights reserved.",https://canvasminiart.site/p/4527376365.html,https://i.etsystatic.com/65245102/r/il/8757f2/8222077839/il_fullxfull.8222077839_qy8d.jpg,144.99 USD,in stock,new,MiniCanvasArt,"Home & Garden > Decor > Artwork > Posters, Prints, & Visual Artwork",Framed Art Prints
4527376313,Child Kite Lake | Framed Zen Life Sumi-e Scene | Black & White Ink,"Child Kite Lake — a zen life sumi-e scene print in serene black & white ink. Museum-quality matte poster that brings calm, minimalist beauty to any wall. Printed and shipped for you; available framed or unframed in multiple sizes. 🖌 Meet the artist I'm Hana — an artist who fell in love with the quiet power of Japanese ink. I'm drawn to misty mountains, a single confident brushstroke, and the calm that lives in empty space. For me every piece is a small world of feeling, painted in silence. Nothing makes me happier than imagining it on your wall, bringing a moment of stillness to your day. Thank you for letting my art into your home. © Original design by Hana / MiniCanvasArt. All rights reserved.",https://canvasminiart.site/p/4527376313.html,https://i.etsystatic.com/65245102/r/il/f7110d/8222077375/il_fullxfull.8222077375_9g5c.jpg,144.99 USD,in stock,new,MiniCanvasArt,"Home & Garden > Decor > Artwork > Posters, Prints, & Visual Artwork",Framed Art Prints
4527384834,"Junk Boat Ink Art Print | Chinese Culture Wall Art, Minimalist Serene Landscape Poster","Junk Boat — a chinese culture ink art print in serene black & white ink. Museum-quality matte poster that brings calm, minimalist beauty to any wall. Printed and shipped for you; available framed or unframed in multiple sizes. 🖌 Meet the artist I'm Hana — an artist who fell in love with the quiet power of Japanese ink. I'm drawn to misty mountains, a single confident brushstroke, and the calm that lives in empty space. For me every piece is a small world of feeling, painted in silence. Nothing makes me happier than imagining it on your wall, bringing a moment of stillness to your day. Thank you for letting my art into your home. © Original design by Hana / MiniCanvasArt. All rights reserved.",https://canvasminiart.site/p/4527384834.html,https://i.etsystatic.com/65245102/r/il/de2137/8174145836/il_fullxfull.8174145836_pyeb.jpg,39.99 USD,in stock,new,MiniCanvasArt,"Home & Garden > Decor > Artwork > Posters, Prints, & Visual Artwork",Japanese & Zen
4527376025,Samurai Horse Mist | Zen Life Sumi-e Scene | Black & White Ink Wall Art | Poster,"Samurai Horse Mist — a zen life sumi-e scene print in serene black & white ink. Museum-quality matte poster that brings calm, minimalist beauty to any wall. Printed and shipped for you; available framed or unframed in multiple sizes. 🖌 Meet the artist I'm Hana — an artist who fell in love with the quiet power of Japanese ink. I'm drawn to misty mountains, a single confident brushstroke, and the calm that lives in empty space. For me every piece is a small world of feeling, painted in silence. Nothing makes me happier than imagining it on your wall, bringing a moment of stillness to your day. Thank you for letting my art into your home. © Original design by Hana / MiniCanvasArt. All rights reserved.",https://canvasminiart.site/p/4527376025.html,https://i.etsystatic.com/65245102/r/il/21fdbd/8222075493/il_fullxfull.8222075493_lyoh.jpg,39.99 USD,in stock,new,MiniCanvasArt,"Home & Garden > Decor > Artwork > Posters, Prints, & Visual Artwork",Samurai & Warriors
4527384610,Child Kite Lake | Zen Life Sumi-e Scene | Black & White Ink Wall Art | Poster,"Child Kite Lake — a zen life sumi-e scene print in serene black & white ink. Museum-quality matte poster that brings calm, minimalist beauty to any wall. Printed and shipped for you; available framed or unframed in multiple sizes. 🖌 Meet the artist I'm Hana — an artist who fell in love with the quiet power of Japanese ink. I'm drawn to misty mountains, a single confident brushstroke, and the calm that lives in empty space. For me every piece is a small world of feeling, painted in silence. Nothing makes me happier than imagining it on your wall, bringing a moment of stillness to your day. Thank you for letting my art into your home. © Original design by Hana / MiniCanvasArt. All rights reserved.",https://canvasminiart.site/p/4527384610.html,https://i.etsystatic.com/65245102/r/il/592815/8174144058/il_fullxfull.8174144058_8rgb.jpg,39.99 USD,in stock,new,MiniCanvasArt,"Home & Garden > Decor > Artwork > Posters, Prints, & Visual Artwork",Landscapes & Nature
4527384444,"Orchid Ink Art Print | Chinese Culture Wall Art, Minimalist Poster","Orchid — a chinese culture ink art print in serene black & white ink. Museum-quality matte poster that brings calm, minimalist beauty to any wall. Printed and shipped for you; available framed or unframed in multiple sizes. 🖌 Meet the artist I'm Hana — an artist who fell in love with the quiet power of Japanese ink. I'm drawn to misty mountains, a single confident brushstroke, and the calm that lives in empty space. For me every piece is a small world of feeling, painted in silence. Nothing makes me happier than imagining it on your wall, bringing a moment of stillness to your day. Thank you for letting my art into your home. © Original design by Hana / MiniCanvasArt. All rights reserved.",https://canvasminiart.site/p/4527384444.html,https://i.etsystatic.com/65245102/r/il/b06198/8174142702/il_fullxfull.8174142702_1gl6.jpg,39.99 USD,in stock,new,MiniCanvasArt,"Home & Garden > Decor > Artwork > Posters, Prints, & Visual Artwork",Florals & Botanical
4527375643,"Guilin Cormorant Ink Art Print | Chinese Culture Wall Art, Minimalist Black White Poster","Guilin Cormorant — a chinese culture ink art print in serene black & white ink. Museum-quality matte poster that brings calm, minimalist beauty to any wall. Printed and shipped for you; available framed or unframed in multiple sizes. 🖌 Meet the artist I'm Hana — an artist who fell in love with the quiet power of Japanese ink. I'm drawn to misty mountains, a single confident brushstroke, and the calm that lives in empty space. For me every piece is a small world of feeling, painted in silence. Nothing makes me happier than imagining it on your wall, bringing a moment of stillness to your day. Thank you for letting my art into your home. © Original design by Hana / MiniCanvasArt. All rights reserved.",https://canvasminiart.site/p/4527375643.html,https://i.etsystatic.com/65245102/r/il/1d57d4/8222072711/il_fullxfull.8222072711_m0yg.jpg,39.99 USD,in stock,new,MiniCanvasArt,"Home & Garden > Decor > Artwork > Posters, Prints, & Visual Artwork",Japanese & Zen
4527375535,Great Wall | Chinese Culture Ink Art | Black & White Ink Wall Art | Poster,"Great Wall — a chinese culture ink art print in serene black & white ink. Museum-quality matte poster that brings calm, minimalist beauty to any wall. Printed and shipped for you; available framed or unframed in multiple sizes. 🖌 Meet the artist I'm Hana — an artist who fell in love with the quiet power of Japanese ink. I'm drawn to misty mountains, a single confident brushstroke, and the calm that lives in empty space. For me every piece is a small world of feeling, painted in silence. Nothing makes me happier than imagining it on your wall, bringing a moment of stillness to your day. Thank you for letting my art into your home. © Original design by Hana / MiniCanvasArt. All rights reserved.",https://canvasminiart.site/p/4527375535.html,https://i.etsystatic.com/65245102/r/il/5a6b05/8174141458/il_fullxfull.8174141458_sogf.jpg,39.99 USD,in stock,new,MiniCanvasArt,"Home & Garden > Decor > Artwork > Posters, Prints, & Visual Artwork",Japanese & Zen
4527384114,Forbidden City Ink Art Print | Chinese Culture Wall Art Poster,"Forbidden City — a chinese culture ink art print in serene black & white ink. Museum-quality matte poster that brings calm, minimalist beauty to any wall. Printed and shipped for you; available framed or unframed in multiple sizes. 🖌 Meet the artist I'm Hana — an artist who fell in love with the quiet power of Japanese ink. I'm drawn to misty mountains, a single confident brushstroke, and the calm that lives in empty space. For me every piece is a small world of feeling, painted in silence. Nothing makes me happier than imagining it on your wall, bringing a moment of stillness to your day. Thank you for letting my art into your home. © Original design by Hana / MiniCanvasArt. All rights reserved.",https://canvasminiart.site/p/4527384114.html,https://i.etsystatic.com/65245102/r/il/f72edf/8222071159/il_fullxfull.8222071159_j835.jpg,39.99 USD,in stock,new,MiniCanvasArt,"Home & Garden > Decor > Artwork > Posters, Prints, & Visual Artwork",Japanese & Zen
4527375355,Fenghuang Phoenix Ink Art Print | Chinese Culture Wall Art Poster,"Fenghuang Phoenix — a chinese culture ink art print in serene black & white ink. Museum-quality matte poster that brings calm, minimalist beauty to any wall. Printed and shipped for you; available framed or unframed in multiple sizes. 🖌 Meet the artist I'm Hana — an artist who fell in love with the quiet power of Japanese ink. I'm drawn to misty mountains, a single confident brushstroke, and the calm that lives in empty space. For me every piece is a small world of feeling, painted in silence. Nothing makes me happier than imagining it on your wall, bringing a moment of stillness to your day. Thank you for letting my art into your home. © Original design by Hana / MiniCanvasArt. All rights reserved.",https://canvasminiart.site/p/4527375355.html,https://i.etsystatic.com/65245102/r/il/82b0c3/8222070517/il_fullxfull.8222070517_e5fi.jpg,39.99 USD,in stock,new,MiniCanvasArt,"Home & Garden > Decor > Artwork > Posters, Prints, & Visual Artwork",Dragons & Mythical
4527375257,"Chrysanthemum Ink Art Print | Chinese Culture Wall Art, Minimalist Poster","Chrysanthemum — a chinese culture ink art print in serene black & white ink. Museum-quality matte poster that brings calm, minimalist beauty to any wall. Printed and shipped for you; available framed or unframed in multiple sizes. 🖌 Meet the artist I'm Hana — an artist who fell in love with the quiet power of Japanese ink. I'm drawn to misty mountains, a single confident brushstroke, and the calm that lives in empty space. For me every piece is a small world of feeling, painted in silence. Nothing makes me happier than imagining it on your wall, bringing a moment of stillness to your day. Thank you for letting my art into your home. © Original design by Hana / MiniCanvasArt. All rights reserved.",https://canvasminiart.site/p/4527375257.html,https://i.etsystatic.com/65245102/r/il/7d516b/8222069855/il_fullxfull.8222069855_60dg.jpg,39.99 USD,in stock,new,MiniCanvasArt,"Home & Garden > Decor > Artwork > Posters, Prints, & Visual Artwork",Florals & Botanical
4527375183,Woman Umbrella Snow | Zen Life Sumi-e Scene | Black & White Ink Wall Art | Poster,"Woman Umbrella Snow — a zen life sumi-e scene print in serene black & white ink. Museum-quality matte poster that brings calm, minimalist beauty to any wall. Printed and shipped for you; available framed or unframed in multiple sizes. 🖌 Meet the artist I'm Hana — an artist who fell in love with the quiet power of Japanese ink. I'm drawn to misty mountains, a single confident brushstroke, and the calm that lives in empty space. For me every piece is a small world of feeling, painted in silence. Nothing makes me happier than imagining it on your wall, bringing a moment of stillness to your day. Thank you for letting my art into your home. © Original design by Hana / MiniCanvasArt. All rights reserved.",https://canvasminiart.site/p/4527375183.html,https://i.etsystatic.com/65245102/r/il/e2454c/8174138852/il_fullxfull.8174138852_ds0u.jpg,39.99 USD,in stock,new,MiniCanvasArt,"Home & Garden > Decor > Artwork > Posters, Prints, & Visual Artwork",Japanese & Zen
4527375115,Woman Cherry River | Zen Life Sumi-e Scene | Black & White Ink Wall Art | Poster,"Woman Cherry River — a zen life sumi-e scene print in serene black & white ink. Museum-quality matte poster that brings calm, minimalist beauty to any wall. Printed and shipped for you; available framed or unframed in multiple sizes. 🖌 Meet the artist I'm Hana — an artist who fell in love with the quiet power of Japanese ink. I'm drawn to misty mountains, a single confident brushstroke, and the calm that lives in empty space. For me every piece is a small world of feeling, painted in silence. Nothing makes me happier than imagining it on your wall, bringing a moment of stillness to your day. Thank you for letting my art into your home. © Original design by Hana / MiniCanvasArt. All rights reserved.",https://canvasminiart.site/p/4527375115.html,https://i.etsystatic.com/65245102/r/il/12fc1a/8174138214/il_fullxfull.8174138214_no03.jpg,39.99 USD,in stock,new,MiniCanvasArt,"Home & Garden > Decor > Artwork > Posters, Prints, & Visual Artwork",Japanese & Zen
4527383746,Woman Boat Lotus | Zen Life Sumi-e Scene | Black & White Ink Wall Art | Poster,"Woman Boat Lotus — a zen life sumi-e scene print in serene black & white ink. Museum-quality matte poster that brings calm, minimalist beauty to any wall. Printed and shipped for you; available framed or unframed in multiple sizes. 🖌 Meet the artist I'm Hana — an artist who fell in love with the quiet power of Japanese ink. I'm drawn to misty mountains, a single confident brushstroke, and the calm that lives in empty space. For me every piece is a small world of feeling, painted in silence. Nothing makes me happier than imagining it on your wall, bringing a moment of stillness to your day. Thank you for letting my art into your home. © Original design by Hana / MiniCanvasArt. All rights reserved.",https://canvasminiart.site/p/4527383746.html,https://i.etsystatic.com/65245102/r/il/ec44b0/8174137650/il_fullxfull.8174137650_a5dw.jpg,39.99 USD,in stock,new,MiniCanvasArt,"Home & Garden > Decor > Artwork > Posters, Prints, & Visual Artwork",Florals & Botanical
4527374945,Tea Veranda Mountains | Zen Life Sumi-e Scene | Black & White Ink Wall Art | Poster,"Tea Veranda Mountains — a zen life sumi-e scene print in serene black & white ink. Museum-quality matte poster that brings calm, minimalist beauty to any wall. Printed and shipped for you; available framed or unframed in multiple sizes. 🖌 Meet the artist I'm Hana — an artist who fell in love with the quiet power of Japanese ink. I'm drawn to misty mountains, a single confident brushstroke, and the calm that lives in empty space. For me every piece is a small world of feeling, painted in silence. Nothing makes me happier than imagining it on your wall, bringing a moment of stillness to your day. Thank you for letting my art into your home. © Original design by Hana / MiniCanvasArt. All rights reserved.",https://canvasminiart.site/p/4527374945.html,https://i.etsystatic.com/65245102/r/il/9db04e/8222067433/il_fullxfull.8222067433_goku.jpg,39.99 USD,in stock,new,MiniCanvasArt,"Home & Garden > Decor > Artwork > Posters, Prints, & Visual Artwork",Landscapes & Nature
4527383540,Samurai Snow Pass | Zen Life Sumi-e Scene | Black & White Ink Wall Art | Poster,"Samurai Snow Pass — a zen life sumi-e scene print in serene black & white ink. Museum-quality matte poster that brings calm, minimalist beauty to any wall. Printed and shipped for you; available framed or unframed in multiple sizes. 🖌 Meet the artist I'm Hana — an artist who fell in love with the quiet power of Japanese ink. I'm drawn to misty mountains, a single confident brushstroke, and the calm that lives in empty space. For me every piece is a small world of feeling, painted in silence. Nothing makes me happier than imagining it on your wall, bringing a moment of stillness to your day. Thank you for letting my art into your home. © Original design by Hana / MiniCanvasArt. All rights reserved.",https://canvasminiart.site/p/4527383540.html,https://i.etsystatic.com/65245102/r/il/ec9bb7/8222066857/il_fullxfull.8222066857_d0t1.jpg,39.99 USD,in stock,new,MiniCanvasArt,"Home & Garden > Decor > Artwork > Posters, Prints, & Visual Artwork",Samurai & Warriors
4527383434,Pilgrim Torii Gate Steps | Zen Life Sumi-e Scene | Black & White Ink Wall Art | Poster,"Pilgrim Torii Gate Steps — a zen life sumi-e scene print in serene black & white ink. Museum-quality matte poster that brings calm, minimalist beauty to any wall. Printed and shipped for you; available framed or unframed in multiple sizes. 🖌 Meet the artist I'm Hana — an artist who fell in love with the quiet power of Japanese ink. I'm drawn to misty mountains, a single confident brushstroke, and the calm that lives in empty space. For me every piece is a small world of feeling, painted in silence. Nothing makes me happier than imagining it on your wall, bringing a moment of stillness to your day. Thank you for letting my art into your home. © Original design by Hana / MiniCanvasArt. All rights reserved.",https://canvasminiart.site/p/4527383434.html,https://i.etsystatic.com/65245102/r/il/86346b/8222066191/il_fullxfull.8222066191_914l.jpg,39.99 USD,in stock,new,MiniCanvasArt,"Home & Garden > Decor > Artwork > Posters, Prints, & Visual Artwork",Japanese & Zen
4527383344,Monk Autumn Maple | Zen Life Sumi-e Scene | Black & White Ink Wall Art | Poster,"Monk Autumn Maple — a zen life sumi-e scene print in serene black & white ink. Museum-quality matte poster that brings calm, minimalist beauty to any wall. Printed and shipped for you; available framed or unframed in multiple sizes. 🖌 Meet the artist I'm Hana — an artist who fell in love with the quiet power of Japanese ink. I'm drawn to misty mountains, a single confident brushstroke, and the calm that lives in empty space. For me every piece is a small world of feeling, painted in silence. Nothing makes me happier than imagining it on your wall, bringing a moment of stillness to your day. Thank you for letting my art into your home. © Original design by Hana / MiniCanvasArt. All rights reserved.",https://canvasminiart.site/p/4527383344.html,https://i.etsystatic.com/65245102/r/il/4a133b/8222065491/il_fullxfull.8222065491_2huj.jpg,39.99 USD,in stock,new,MiniCanvasArt,"Home & Garden > Decor > Artwork > Posters, Prints, & Visual Artwork",Japanese & Zen
4527374529,Fisher Dawn Net | Zen Life Sumi-e Scene | Black & White Ink Wall Art | Poster,"Fisher Dawn Net — a zen life sumi-e scene print in serene black & white ink. Museum-quality matte poster that brings calm, minimalist beauty to any wall. Printed and shipped for you; available framed or unframed in multiple sizes. 🖌 Meet the artist I'm Hana — an artist who fell in love with the quiet power of Japanese ink. I'm drawn to misty mountains, a single confident brushstroke, and the calm that lives in empty space. For me every piece is a small world of feeling, painted in silence. Nothing makes me happier than imagining it on your wall, bringing a moment of stillness to your day. Thank you for letting my art into your home. © Original design by Hana / MiniCanvasArt. All rights reserved.",https://canvasminiart.site/p/4527374529.html,https://i.etsystatic.com/65245102/r/il/c36088/8222064819/il_fullxfull.8222064819_rghe.jpg,39.99 USD,in stock,new,MiniCanvasArt,"Home & Garden > Decor > Artwork > Posters, Prints, & Visual Artwork",Japanese & Zen
4527383094,Terracotta Warrior Ink Art Print | Chinese Culture Black White Poster,"Terracotta — a chinese culture ink art print in serene black & white ink. Museum-quality matte poster that brings calm, minimalist beauty to any wall. Printed and shipped for you; available framed or unframed in multiple sizes. 🖌 Meet the artist I'm Hana — an artist who fell in love with the quiet power of Japanese ink. I'm drawn to misty mountains, a single confident brushstroke, and the calm that lives in empty space. For me every piece is a small world of feeling, painted in silence. Nothing makes me happier than imagining it on your wall, bringing a moment of stillness to your day. Thank you for letting my art into your home. © Original design by Hana / MiniCanvasArt. All rights reserved.",https://canvasminiart.site/p/4527383094.html,https://i.etsystatic.com/65245102/r/il/3e40a5/8222063727/il_fullxfull.8222063727_font.jpg,39.99 USD,in stock,new,MiniCanvasArt,"Home & Garden > Decor > Artwork > Posters, Prints, & Visual Artwork",Japanese & Zen
4527383026,Panda Bamboo Ink Art Print | Serene Black White Wall Poster,"Panda Bamboo — a chinese culture ink art print in serene black & white ink. Museum-quality matte poster that brings calm, minimalist beauty to any wall. Printed and shipped for you; available framed or unframed in multiple sizes. 🖌 Meet the artist I'm Hana — an artist who fell in love with the quiet power of Japanese ink. I'm drawn to misty mountains, a single confident brushstroke, and the calm that lives in empty space. For me every piece is a small world of feeling, painted in silence. Nothing makes me happier than imagining it on your wall, bringing a moment of stillness to your day. Thank you for letting my art into your home. © Original design by Hana / MiniCanvasArt. All rights reserved.",https://canvasminiart.site/p/4527383026.html,https://i.etsystatic.com/65245102/r/il/b9bcd6/8174132486/il_fullxfull.8174132486_7i66.jpg,39.99 USD,in stock,new,MiniCanvasArt,"Home & Garden > Decor > Artwork > Posters, Prints, & Visual Artwork",Florals & Botanical
4527355580,Warrior Peak Moon | Framed Zen Life Sumi-e Scene | Black & White Ink,"Warrior Peak Moon — a zen life sumi-e scene print in serene black & white ink. Museum-quality matte poster that brings calm, minimalist beauty to any wall. Printed and shipped for you; available framed or unframed in multiple sizes. 🖌 Meet the artist I'm Hana — an artist who fell in love with the quiet power of Japanese ink. I'm drawn to misty mountains, a single confident brushstroke, and the calm that lives in empty space. For me every piece is a small world of feeling, painted in silence. Nothing makes me happier than imagining it on your wall, bringing a moment of stillness to your day. Thank you for letting my art into your home. © Original design by Hana / MiniCanvasArt. All rights reserved.",https://canvasminiart.site/p/4527355580.html,https://i.etsystatic.com/65245102/r/il/6513fc/8173931932/il_fullxfull.8173931932_mh5v.jpg,144.99 USD,in stock,new,MiniCanvasArt,"Home & Garden > Decor > Artwork > Posters, Prints, & Visual Artwork",Framed Art Prints
4527346527,Traveler Bridge | Framed Zen Life Sumi-e Scene | Black & White Ink,"Traveler Bridge — a zen life sumi-e scene print in serene black & white ink. Museum-quality matte poster that brings calm, minimalist beauty to any wall. Printed and shipped for you; available framed or unframed in multiple sizes. 🖌 Meet the artist I'm Hana — an artist who fell in love with the quiet power of Japanese ink. I'm drawn to misty mountains, a single confident brushstroke, and the calm that lives in empty space. For me every piece is a small world of feeling, painted in silence. Nothing makes me happier than imagining it on your wall, bringing a moment of stillness to your day. Thank you for letting my art into your home. © Original design by Hana / MiniCanvasArt. All rights reserved.",https://canvasminiart.site/p/4527346527.html,https://i.etsystatic.com/65245102/r/il/c987f9/8173931370/il_fullxfull.8173931370_l2kj.jpg,144.99 USD,in stock,new,MiniCanvasArt,"Home & Garden > Decor > Artwork > Posters, Prints, & Visual Artwork",Framed Art Prints
4527346477,Tai Chi Bamboo | Framed Zen Life Sumi-e Scene | Black & White Ink,"Tai Chi Bamboo — a zen life sumi-e scene print in serene black & white ink. Museum-quality matte poster that brings calm, minimalist beauty to any wall. Printed and shipped for you; available framed or unframed in multiple sizes. 🖌 Meet the artist I'm Hana — an artist who fell in love with the quiet power of Japanese ink. I'm drawn to misty mountains, a single confident brushstroke, and the calm that lives in empty space. For me every piece is a small world of feeling, painted in silence. Nothing makes me happier than imagining it on your wall, bringing a moment of stillness to your day. Thank you for letting my art into your home. © Original design by Hana / MiniCanvasArt. All rights reserved.",https://canvasminiart.site/p/4527346477.html,https://i.etsystatic.com/65245102/r/il/51d532/8173930962/il_fullxfull.8173930962_l9d0.jpg,144.99 USD,in stock,new,MiniCanvasArt,"Home & Garden > Decor > Artwork > Posters, Prints, & Visual Artwork",Framed Art Prints
4527355400,Samurai Lake Dawn | Framed Zen Life Sumi-e Scene | Black & White Ink,"Samurai Lake Dawn — a zen life sumi-e scene print in serene black & white ink. Museum-quality matte poster that brings calm, minimalist beauty to any wall. Printed and shipped for you; available framed or unframed in multiple sizes. 🖌 Meet the artist I'm Hana — an artist who fell in love with the quiet power of Japanese ink. I'm drawn to misty mountains, a single confident brushstroke, and the calm that lives in empty space. For me every piece is a small world of feeling, painted in silence. Nothing makes me happier than imagining it on your wall, bringing a moment of stillness to your day. Thank you for letting my art into your home. © Original design by Hana / MiniCanvasArt. All rights reserved.",https://canvasminiart.site/p/4527355400.html,https://i.etsystatic.com/65245102/r/il/261a32/8221861249/il_fullxfull.8221861249_2w0q.jpg,144.99 USD,in stock,new,MiniCanvasArt,"Home & Garden > Decor > Artwork > Posters, Prints, & Visual Artwork",Framed Art Prints
4527346379,Monk Waterfall | Framed Zen Life Sumi-e Scene | Black & White Ink,"Monk Waterfall — a zen life sumi-e scene print in serene black & white ink. Museum-quality matte poster that brings calm, minimalist beauty to any wall. Printed and shipped for you; available framed or unframed in multiple sizes. 🖌 Meet the artist I'm Hana — an artist who fell in love with the quiet power of Japanese ink. I'm drawn to misty mountains, a single confident brushstroke, and the calm that lives in empty space. For me every piece is a small world of feeling, painted in silence. Nothing makes me happier than imagining it on your wall, bringing a moment of stillness to your day. Thank you for letting my art into your home. © Original design by Hana / MiniCanvasArt. All rights reserved.",https://canvasminiart.site/p/4527346379.html,https://i.etsystatic.com/65245102/r/il/efbb02/8173930094/il_fullxfull.8173930094_9s97.jpg,144.99 USD,in stock,new,MiniCanvasArt,"Home & Garden > Decor > Artwork > Posters, Prints, & Visual Artwork",Framed Art Prints
4527346329,Monk Moon Cliff | Framed Zen Life Sumi-e Scene | Black & White Ink,"Monk Moon Cliff — a zen life sumi-e scene print in serene black & white ink. Museum-quality matte poster that brings calm, minimalist beauty to any wall. Printed and shipped for you; available framed or unframed in multiple sizes. 🖌 Meet the artist I'm Hana — an artist who fell in love with the quiet power of Japanese ink. I'm drawn to misty mountains, a single confident brushstroke, and the calm that lives in empty space. For me every piece is a small world of feeling, painted in silence. Nothing makes me happier than imagining it on your wall, bringing a moment of stillness to your day. Thank you for letting my art into your home. © Original design by Hana / MiniCanvasArt. All rights reserved.",https://canvasminiart.site/p/4527346329.html,https://i.etsystatic.com/65245102/r/il/373c82/8221860555/il_fullxfull.8221860555_eru7.jpg,144.99 USD,in stock,new,MiniCanvasArt,"Home & Garden > Decor > Artwork > Posters, Prints, & Visual Artwork",Framed Art Prints
4527355172,Kung Fu Mountains | Framed Zen Life Sumi-e Scene | Black & White Ink,"Kung Fu Mountains — a zen life sumi-e scene print in serene black & white ink. Museum-quality matte poster that brings calm, minimalist beauty to any wall. Printed and shipped for you; available framed or unframed in multiple sizes. 🖌 Meet the artist I'm Hana — an artist who fell in love with the quiet power of Japanese ink. I'm drawn to misty mountains, a single confident brushstroke, and the calm that lives in empty space. For me every piece is a small world of feeling, painted in silence. Nothing makes me happier than imagining it on your wall, bringing a moment of stillness to your day. Thank you for letting my art into your home. © Original design by Hana / MiniCanvasArt. All rights reserved.",https://canvasminiart.site/p/4527355172.html,https://i.etsystatic.com/65245102/r/il/24922a/8173928764/il_fullxfull.8173928764_eo05.jpg,144.99 USD,in stock,new,MiniCanvasArt,"Home & Garden > Decor > Artwork > Posters, Prints, & Visual Artwork",Framed Art Prints
4527355084,Fisher River Heron | Framed Zen Life Sumi-e Scene | Black & White Ink,"Fisher River Heron — a zen life sumi-e scene print in serene black & white ink. Museum-quality matte poster that brings calm, minimalist beauty to any wall. Printed and shipped for you; available framed or unframed in multiple sizes. 🖌 Meet the artist I'm Hana — an artist who fell in love with the quiet power of Japanese ink. I'm drawn to misty mountains, a single confident brushstroke, and the calm that lives in empty space. For me every piece is a small world of feeling, painted in silence. Nothing makes me happier than imagining it on your wall, bringing a moment of stillness to your day. Thank you for letting my art into your home. © Original design by Hana / MiniCanvasArt. All rights reserved.",https://canvasminiart.site/p/4527355084.html,https://i.etsystatic.com/65245102/r/il/880bdd/8173928116/il_fullxfull.8173928116_9xl5.jpg,144.99 USD,in stock,new,MiniCanvasArt,"Home & Garden > Decor > Artwork > Posters, Prints, & Visual Artwork",Framed Art Prints
4527354998,Fisher Lake Moon | Framed Zen Life Sumi-e Scene | Black & White Ink,"Fisher Lake Moon — a zen life sumi-e scene print in serene black & white ink. Museum-quality matte poster that brings calm, minimalist beauty to any wall. Printed and shipped for you; available framed or unframed in multiple sizes. 🖌 Meet the artist I'm Hana — an artist who fell in love with the quiet power of Japanese ink. I'm drawn to misty mountains, a single confident brushstroke, and the calm that lives in empty space. For me every piece is a small world of feeling, painted in silence. Nothing makes me happier than imagining it on your wall, bringing a moment of stillness to your day. Thank you for letting my art into your home. © Original design by Hana / MiniCanvasArt. All rights reserved.",https://canvasminiart.site/p/4527354998.html,https://i.etsystatic.com/65245102/r/il/db10e5/8221858159/il_fullxfull.8221858159_3fye.jpg,144.99 USD,in stock,new,MiniCanvasArt,"Home & Garden > Decor > Artwork > Posters, Prints, & Visual Artwork",Framed Art Prints
4527354874,Archer Field | Framed Zen Life Sumi-e Scene | Black & White Ink,"Archer Field — a zen life sumi-e scene print in serene black & white ink. Museum-quality matte poster that brings calm, minimalist beauty to any wall. Printed and shipped for you; available framed or unframed in multiple sizes. 🖌 Meet the artist I'm Hana — an artist who fell in love with the quiet power of Japanese ink. I'm drawn to misty mountains, a single confident brushstroke, and the calm that lives in empty space. For me every piece is a small world of feeling, painted in silence. Nothing makes me happier than imagining it on your wall, bringing a moment of stillness to your day. Thank you for letting my art into your home. © Original design by Hana / MiniCanvasArt. All rights reserved.",https://canvasminiart.site/p/4527354874.html,https://i.etsystatic.com/65245102/r/il/2330f3/8173926542/il_fullxfull.8173926542_jqeb.jpg,144.99 USD,in stock,new,MiniCanvasArt,"Home & Garden > Decor > Artwork > Posters, Prints, & Visual Artwork",Framed Art Prints
4527354686,Warrior Peak Moon | Zen Life Sumi-e Scene | Black & White Ink Wall Art | Poster,"Warrior Peak Moon — a zen life sumi-e scene print in serene black & white ink. Museum-quality matte poster that brings calm, minimalist beauty to any wall. Printed and shipped for you; available framed or unframed in multiple sizes. 🖌 Meet the artist I'm Hana — an artist who fell in love with the quiet power of Japanese ink. I'm drawn to misty mountains, a single confident brushstroke, and the calm that lives in empty space. For me every piece is a small world of feeling, painted in silence. Nothing makes me happier than imagining it on your wall, bringing a moment of stillness to your day. Thank you for letting my art into your home. © Original design by Hana / MiniCanvasArt. All rights reserved.",https://canvasminiart.site/p/4527354686.html,https://i.etsystatic.com/65245102/r/il/00184d/8173925110/il_fullxfull.8173925110_7lfj.jpg,39.99 USD,in stock,new,MiniCanvasArt,"Home & Garden > Decor > Artwork > Posters, Prints, & Visual Artwork",Samurai & Warriors
4527345579,Traveler Bridge | Zen Life Sumi-e Scene | Black & White Ink Wall Art | Poster,"Traveler Bridge — a zen life sumi-e scene print in serene black & white ink. Museum-quality matte poster that brings calm, minimalist beauty to any wall. Printed and shipped for you; available framed or unframed in multiple sizes. 🖌 Meet the artist I'm Hana — an artist who fell in love with the quiet power of Japanese ink. I'm drawn to misty mountains, a single confident brushstroke, and the calm that lives in empty space. For me every piece is a small world of feeling, painted in silence. Nothing makes me happier than imagining it on your wall, bringing a moment of stillness to your day. Thank you for letting my art into your home. © Original design by Hana / MiniCanvasArt. All rights reserved.",https://canvasminiart.site/p/4527345579.html,https://i.etsystatic.com/65245102/r/il/be4063/8173924458/il_fullxfull.8173924458_3mns.jpg,39.99 USD,in stock,new,MiniCanvasArt,"Home & Garden > Decor > Artwork > Posters, Prints, & Visual Artwork",Japanese & Zen
4527345519,Tai Chi Bamboo | Zen Life Sumi-e Scene | Black & White Ink Wall Art | Poster,"Tai Chi Bamboo — a zen life sumi-e scene print in serene black & white ink. Museum-quality matte poster that brings calm, minimalist beauty to any wall. Printed and shipped for you; available framed or unframed in multiple sizes. 🖌 Meet the artist I'm Hana — an artist who fell in love with the quiet power of Japanese ink. I'm drawn to misty mountains, a single confident brushstroke, and the calm that lives in empty space. For me every piece is a small world of feeling, painted in silence. Nothing makes me happier than imagining it on your wall, bringing a moment of stillness to your day. Thank you for letting my art into your home. © Original design by Hana / MiniCanvasArt. All rights reserved.",https://canvasminiart.site/p/4527345519.html,https://i.etsystatic.com/65245102/r/il/2df2d8/8173923916/il_fullxfull.8173923916_a7p4.jpg,39.99 USD,in stock,new,MiniCanvasArt,"Home & Garden > Decor > Artwork > Posters, Prints, & Visual Artwork",Japanese & Zen
4527354426,Samurai Lake Dawn | Zen Life Sumi-e Scene | Black & White Ink Wall Art | Poster,"Samurai Lake Dawn — a zen life sumi-e scene print in serene black & white ink. Museum-quality matte poster that brings calm, minimalist beauty to any wall. Printed and shipped for you; available framed or unframed in multiple sizes. 🖌 Meet the artist I'm Hana — an artist who fell in love with the quiet power of Japanese ink. I'm drawn to misty mountains, a single confident brushstroke, and the calm that lives in empty space. For me every piece is a small world of feeling, painted in silence. Nothing makes me happier than imagining it on your wall, bringing a moment of stillness to your day. Thank you for letting my art into your home. © Original design by Hana / MiniCanvasArt. All rights reserved.",https://canvasminiart.site/p/4527354426.html,https://i.etsystatic.com/65245102/r/il/9f5c8f/8221854213/il_fullxfull.8221854213_2km4.jpg,39.99 USD,in stock,new,MiniCanvasArt,"Home & Garden > Decor > Artwork > Posters, Prints, & Visual Artwork",Samurai & Warriors
4527345395,Monk Waterfall | Zen Life Sumi-e Scene | Black & White Ink Wall Art | Poster,"Monk Waterfall — a zen life sumi-e scene print in serene black & white ink. Museum-quality matte poster that brings calm, minimalist beauty to any wall. Printed and shipped for you; available framed or unframed in multiple sizes. 🖌 Meet the artist I'm Hana — an artist who fell in love with the quiet power of Japanese ink. I'm drawn to misty mountains, a single confident brushstroke, and the calm that lives in empty space. For me every piece is a small world of feeling, painted in silence. Nothing makes me happier than imagining it on your wall, bringing a moment of stillness to your day. Thank you for letting my art into your home. © Original design by Hana / MiniCanvasArt. All rights reserved.",https://canvasminiart.site/p/4527345395.html,https://i.etsystatic.com/65245102/r/il/2b9466/8221853673/il_fullxfull.8221853673_j0q2.jpg,39.99 USD,in stock,new,MiniCanvasArt,"Home & Garden > Decor > Artwork > Posters, Prints, & Visual Artwork",Japanese & Zen
4527345303,Monk Moon Cliff | Zen Life Sumi-e Scene | Black & White Ink Wall Art | Poster,"Monk Moon Cliff — a zen life sumi-e scene print in serene black & white ink. Museum-quality matte poster that brings calm, minimalist beauty to any wall. Printed and shipped for you; available framed or unframed in multiple sizes. 🖌 Meet the artist I'm Hana — an artist who fell in love with the quiet power of Japanese ink. I'm drawn to misty mountains, a single confident brushstroke, and the calm that lives in empty space. For me every piece is a small world of feeling, painted in silence. Nothing makes me happier than imagining it on your wall, bringing a moment of stillness to your day. Thank you for letting my art into your home. © Original design by Hana / MiniCanvasArt. All rights reserved.",https://canvasminiart.site/p/4527345303.html,https://i.etsystatic.com/65245102/r/il/894e9e/8221853053/il_fullxfull.8221853053_jsrn.jpg,39.99 USD,in stock,new,MiniCanvasArt,"Home & Garden > Decor > Artwork > Posters, Prints, & Visual Artwork",Japanese & Zen
4527354130,Kung Fu Mountains | Zen Life Sumi-e Scene | Black & White Ink Wall Art | Poster,"Kung Fu Mountains — a zen life sumi-e scene print in serene black & white ink. Museum-quality matte poster that brings calm, minimalist beauty to any wall. Printed and shipped for you; available framed or unframed in multiple sizes. 🖌 Meet the artist I'm Hana — an artist who fell in love with the quiet power of Japanese ink. I'm drawn to misty mountains, a single confident brushstroke, and the calm that lives in empty space. For me every piece is a small world of feeling, painted in silence. Nothing makes me happier than imagining it on your wall, bringing a moment of stillness to your day. Thank you for letting my art into your home. © Original design by Hana / MiniCanvasArt. All rights reserved.",https://canvasminiart.site/p/4527354130.html,https://i.etsystatic.com/65245102/r/il/56708c/8221852053/il_fullxfull.8221852053_80vx.jpg,39.99 USD,in stock,new,MiniCanvasArt,"Home & Garden > Decor > Artwork > Posters, Prints, & Visual Artwork",Landscapes & Nature
4527354054,Fisher River Heron | Zen Life Sumi-e Scene | Black & White Ink Wall Art | Poster,"Fisher River Heron — a zen life sumi-e scene print in serene black & white ink. Museum-quality matte poster that brings calm, minimalist beauty to any wall. Printed and shipped for you; available framed or unframed in multiple sizes. 🖌 Meet the artist I'm Hana — an artist who fell in love with the quiet power of Japanese ink. I'm drawn to misty mountains, a single confident brushstroke, and the calm that lives in empty space. For me every piece is a small world of feeling, painted in silence. Nothing makes me happier than imagining it on your wall, bringing a moment of stillness to your day. Thank you for letting my art into your home. © Original design by Hana / MiniCanvasArt. All rights reserved.",https://canvasminiart.site/p/4527354054.html,https://i.etsystatic.com/65245102/r/il/460928/8221851425/il_fullxfull.8221851425_i7ya.jpg,39.99 USD,in stock,new,MiniCanvasArt,"Home & Garden > Decor > Artwork > Posters, Prints, & Visual Artwork",Koi & Animals
4527353980,Fisher Lake Moon | Zen Life Sumi-e Scene | Black & White Ink Wall Art | Poster,"Fisher Lake Moon — a zen life sumi-e scene print in serene black & white ink. Museum-quality matte poster that brings calm, minimalist beauty to any wall. Printed and shipped for you; available framed or unframed in multiple sizes. 🖌 Meet the artist I'm Hana — an artist who fell in love with the quiet power of Japanese ink. I'm drawn to misty mountains, a single confident brushstroke, and the calm that lives in empty space. For me every piece is a small world of feeling, painted in silence. Nothing makes me happier than imagining it on your wall, bringing a moment of stillness to your day. Thank you for letting my art into your home. © Original design by Hana / MiniCanvasArt. All rights reserved.",https://canvasminiart.site/p/4527353980.html,https://i.etsystatic.com/65245102/r/il/321f1f/8173919988/il_fullxfull.8173919988_d9id.jpg,39.99 USD,in stock,new,MiniCanvasArt,"Home & Garden > Decor > Artwork > Posters, Prints, & Visual Artwork",Landscapes & Nature
4527353890,Archer Field | Zen Life Sumi-e Scene | Black & White Ink Wall Art | Poster,"Archer Field — a zen life sumi-e scene print in serene black & white ink. Museum-quality matte poster that brings calm, minimalist beauty to any wall. Printed and shipped for you; available framed or unframed in multiple sizes. 🖌 Meet the artist I'm Hana — an artist who fell in love with the quiet power of Japanese ink. I'm drawn to misty mountains, a single confident brushstroke, and the calm that lives in empty space. For me every piece is a small world of feeling, painted in silence. Nothing makes me happier than imagining it on your wall, bringing a moment of stillness to your day. Thank you for letting my art into your home. © Original design by Hana / MiniCanvasArt. All rights reserved.",https://canvasminiart.site/p/4527353890.html,https://i.etsystatic.com/65245102/r/il/6eac82/8221850221/il_fullxfull.8221850221_an0y.jpg,39.99 USD,in stock,new,MiniCanvasArt,"Home & Garden > Decor > Artwork > Posters, Prints, & Visual Artwork",Samurai & Warriors
4527342402,Walking Staff | Framed Zen Monk Ink Art | Black & White Ink,"Walking Staff — a zen monk ink art print in serene black & white ink. Museum-quality matte poster that brings calm, minimalist beauty to any wall. Printed and shipped for you; available framed or unframed in multiple sizes. 🖌 Meet the artist I'm Hana — an artist who fell in love with the quiet power of Japanese ink. I'm drawn to misty mountains, a single confident brushstroke, and the calm that lives in empty space. For me every piece is a small world of feeling, painted in silence. Nothing makes me happier than imagining it on your wall, bringing a moment of stillness to your day. Thank you for letting my art into your home. © Original design by Hana / MiniCanvasArt. All rights reserved.",https://canvasminiart.site/p/4527342402.html,https://i.etsystatic.com/65245102/r/il/0cc0bc/8221768521/il_fullxfull.8221768521_8uvy.jpg,144.99 USD,in stock,new,MiniCanvasArt,"Home & Garden > Decor > Artwork > Posters, Prints, & Visual Artwork",Framed Art Prints
4527333241,Temple Bell | Framed Zen Monk Ink Art | Black & White Ink,"Temple Bell — a zen monk ink art print in serene black & white ink. Museum-quality matte poster that brings calm, minimalist beauty to any wall. Printed and shipped for you; available framed or unframed in multiple sizes. 🖌 Meet the artist I'm Hana — an artist who fell in love with the quiet power of Japanese ink. I'm drawn to misty mountains, a single confident brushstroke, and the calm that lives in empty space. For me every piece is a small world of feeling, painted in silence. Nothing makes me happier than imagining it on your wall, bringing a moment of stillness to your day. Thank you for letting my art into your home. © Original design by Hana / MiniCanvasArt. All rights reserved.",https://canvasminiart.site/p/4527333241.html,https://i.etsystatic.com/65245102/r/il/f8e56d/8221768117/il_fullxfull.8221768117_4tsr.jpg,144.99 USD,in stock,new,MiniCanvasArt,"Home & Garden > Decor > Artwork > Posters, Prints, & Visual Artwork",Framed Art Prints
4527342274,Tea | Framed Zen Monk Ink Art | Black & White Ink,"Tea — a zen monk ink art print in serene black & white ink. Museum-quality matte poster that brings calm, minimalist beauty to any wall. Printed and shipped for you; available framed or unframed in multiple sizes. 🖌 Meet the artist I'm Hana — an artist who fell in love with the quiet power of Japanese ink. I'm drawn to misty mountains, a single confident brushstroke, and the calm that lives in empty space. For me every piece is a small world of feeling, painted in silence. Nothing makes me happier than imagining it on your wall, bringing a moment of stillness to your day. Thank you for letting my art into your home. © Original design by Hana / MiniCanvasArt. All rights reserved.",https://canvasminiart.site/p/4527342274.html,https://i.etsystatic.com/65245102/r/il/585f83/8173836654/il_fullxfull.8173836654_52br.jpg,144.99 USD,in stock,new,MiniCanvasArt,"Home & Garden > Decor > Artwork > Posters, Prints, & Visual Artwork",Framed Art Prints
4527342202,Sweeping | Framed Zen Monk Ink Art | Black & White Ink,"Sweeping — a zen monk ink art print in serene black & white ink. Museum-quality matte poster that brings calm, minimalist beauty to any wall. Printed and shipped for you; available framed or unframed in multiple sizes. 🖌 Meet the artist I'm Hana — an artist who fell in love with the quiet power of Japanese ink. I'm drawn to misty mountains, a single confident brushstroke, and the calm that lives in empty space. For me every piece is a small world of feeling, painted in silence. Nothing makes me happier than imagining it on your wall, bringing a moment of stillness to your day. Thank you for letting my art into your home. © Original design by Hana / MiniCanvasArt. All rights reserved.",https://canvasminiart.site/p/4527342202.html,https://i.etsystatic.com/65245102/r/il/80e31b/8221766989/il_fullxfull.8221766989_r2ok.jpg,144.99 USD,in stock,new,MiniCanvasArt,"Home & Garden > Decor > Artwork > Posters, Prints, & Visual Artwork",Framed Art Prints
4527333055,Standing Gaze | Framed Zen Monk Ink Art | Black & White Ink,"Standing Gaze — a zen monk ink art print in serene black & white ink. Museum-quality matte poster that brings calm, minimalist beauty to any wall. Printed and shipped for you; available framed or unframed in multiple sizes. 🖌 Meet the artist I'm Hana — an artist who fell in love with the quiet power of Japanese ink. I'm drawn to misty mountains, a single confident brushstroke, and the calm that lives in empty space. For me every piece is a small world of feeling, painted in silence. Nothing makes me happier than imagining it on your wall, bringing a moment of stillness to your day. Thank you for letting my art into your home. © Original design by Hana / MiniCanvasArt. All rights reserved.",https://canvasminiart.site/p/4527333055.html,https://i.etsystatic.com/65245102/r/il/38750d/8221766517/il_fullxfull.8221766517_lpjh.jpg,144.99 USD,in stock,new,MiniCanvasArt,"Home & Garden > Decor > Artwork > Posters, Prints, & Visual Artwork",Framed Art Prints
4527332987,Reading Sutra | Framed Zen Monk Ink Art | Black & White Ink,"Reading Sutra — a zen monk ink art print in serene black & white ink. Museum-quality matte poster that brings calm, minimalist beauty to any wall. Printed and shipped for you; available framed or unframed in multiple sizes. 🖌 Meet the artist I'm Hana — an artist who fell in love with the quiet power of Japanese ink. I'm drawn to misty mountains, a single confident brushstroke, and the calm that lives in empty space. For me every piece is a small world of feeling, painted in silence. Nothing makes me happier than imagining it on your wall, bringing a moment of stillness to your day. Thank you for letting my art into your home. © Original design by Hana / MiniCanvasArt. All rights reserved.",https://canvasminiart.site/p/4527332987.html,https://i.etsystatic.com/65245102/r/il/1c0e8b/8221766035/il_fullxfull.8221766035_8b9g.jpg,144.99 USD,in stock,new,MiniCanvasArt,"Home & Garden > Decor > Artwork > Posters, Prints, & Visual Artwork",Framed Art Prints
4527342020,Meditate | Framed Zen Monk Ink Art | Black & White Ink,"Meditate — a zen monk ink art print in serene black & white ink. Museum-quality matte poster that brings calm, minimalist beauty to any wall. Printed and shipped for you; available framed or unframed in multiple sizes. 🖌 Meet the artist I'm Hana — an artist who fell in love with the quiet power of Japanese ink. I'm drawn to misty mountains, a single confident brushstroke, and the calm that lives in empty space. For me every piece is a small world of feeling, painted in silence. Nothing makes me happier than imagining it on your wall, bringing a moment of stillness to your day. Thank you for letting my art into your home. © Original design by Hana / MiniCanvasArt. All rights reserved.",https://canvasminiart.site/p/4527342020.html,https://i.etsystatic.com/65245102/r/il/8a9ae0/8221765619/il_fullxfull.8221765619_bg9h.jpg,144.99 USD,in stock,new,MiniCanvasArt,"Home & Garden > Decor > Artwork > Posters, Prints, & Visual Artwork",Framed Art Prints
4527332811,Lantern | Framed Zen Monk Ink Art | Black & White Ink,"Lantern — a zen monk ink art print in serene black & white ink. Museum-quality matte poster that brings calm, minimalist beauty to any wall. Printed and shipped for you; available framed or unframed in multiple sizes. 🖌 Meet the artist I'm Hana — an artist who fell in love with the quiet power of Japanese ink. I'm drawn to misty mountains, a single confident brushstroke, and the calm that lives in empty space. For me every piece is a small world of feeling, painted in silence. Nothing makes me happier than imagining it on your wall, bringing a moment of stillness to your day. Thank you for letting my art into your home. © Original design by Hana / MiniCanvasArt. All rights reserved.",https://canvasminiart.site/p/4527332811.html,https://i.etsystatic.com/65245102/r/il/a554b4/8173834018/il_fullxfull.8173834018_kix5.jpg,144.99 USD,in stock,new,MiniCanvasArt,"Home & Garden > Decor > Artwork > Posters, Prints, & Visual Artwork",Framed Art Prints
4527341846,Calligraphy Enso | Framed Zen Monk Ink Art | Black & White Ink,"Calligraphy Enso — a zen monk ink art print in serene black & white ink. Museum-quality matte poster that brings calm, minimalist beauty to any wall. Printed and shipped for you; available framed or unframed in multiple sizes. 🖌 Meet the artist I'm Hana — an artist who fell in love with the quiet power of Japanese ink. I'm drawn to misty mountains, a single confident brushstroke, and the calm that lives in empty space. For me every piece is a small world of feeling, painted in silence. Nothing makes me happier than imagining it on your wall, bringing a moment of stillness to your day. Thank you for letting my art into your home. © Original design by Hana / MiniCanvasArt. All rights reserved.",https://canvasminiart.site/p/4527341846.html,https://i.etsystatic.com/65245102/r/il/d52eb3/8221764353/il_fullxfull.8221764353_st66.jpg,144.99 USD,in stock,new,MiniCanvasArt,"Home & Garden > Decor > Artwork > Posters, Prints, & Visual Artwork",Framed Art Prints
4527332697,Bow Pray | Framed Zen Monk Ink Art | Black & White Ink,"Bow Pray — a zen monk ink art print in serene black & white ink. Museum-quality matte poster that brings calm, minimalist beauty to any wall. Printed and shipped for you; available framed or unframed in multiple sizes. 🖌 Meet the artist I'm Hana — an artist who fell in love with the quiet power of Japanese ink. I'm drawn to misty mountains, a single confident brushstroke, and the calm that lives in empty space. For me every piece is a small world of feeling, painted in silence. Nothing makes me happier than imagining it on your wall, bringing a moment of stillness to your day. Thank you for letting my art into your home. © Original design by Hana / MiniCanvasArt. All rights reserved.",https://canvasminiart.site/p/4527332697.html,https://i.etsystatic.com/65245102/r/il/2506d1/8173833224/il_fullxfull.8173833224_ryzq.jpg,144.99 USD,in stock,new,MiniCanvasArt,"Home & Garden > Decor > Artwork > Posters, Prints, & Visual Artwork",Framed Art Prints
4527332459,Zen Monk Ink Art Print | Serene Black & White Buddhist Wall Art,"Reading Sutra — a zen monk ink art print in serene black & white ink. Museum-quality matte poster that brings calm, minimalist beauty to any wall. Printed and shipped for you; available framed or unframed in multiple sizes. 🖌 Meet the artist I'm Hana — an artist who fell in love with the quiet power of Japanese ink. I'm drawn to misty mountains, a single confident brushstroke, and the calm that lives in empty space. For me every piece is a small world of feeling, painted in silence. Nothing makes me happier than imagining it on your wall, bringing a moment of stillness to your day. Thank you for letting my art into your home. © Original design by Hana / MiniCanvasArt. All rights reserved.",https://canvasminiart.site/p/4527332459.html,https://i.etsystatic.com/65245102/r/il/67c8e6/8173831452/il_fullxfull.8173831452_hgpj.jpg,39.99 USD,in stock,new,MiniCanvasArt,"Home & Garden > Decor > Artwork > Posters, Prints, & Visual Artwork",Japanese & Zen
4527341396,Zen Monk Ink Art Print | Minimalist Black and White Wall Art Poster,"Walking Staff — a zen monk ink art print in serene black & white ink. Museum-quality matte poster that brings calm, minimalist beauty to any wall. Printed and shipped for you; available framed or unframed in multiple sizes. 🖌 Meet the artist I'm Hana — an artist who fell in love with the quiet power of Japanese ink. I'm drawn to misty mountains, a single confident brushstroke, and the calm that lives in empty space. For me every piece is a small world of feeling, painted in silence. Nothing makes me happier than imagining it on your wall, bringing a moment of stillness to your day. Thank you for letting my art into your home. © Original design by Hana / MiniCanvasArt. All rights reserved.",https://canvasminiart.site/p/4527341396.html,https://i.etsystatic.com/65245102/r/il/44fff6/8173830254/il_fullxfull.8173830254_6sjo.jpg,39.99 USD,in stock,new,MiniCanvasArt,"Home & Garden > Decor > Artwork > Posters, Prints, & Visual Artwork",Japanese & Zen
4527341294,"Zen Monk Ink Art Print | Temple Bell Wall Art, Black & White Poster","Temple Bell — a zen monk ink art print in serene black & white ink. Museum-quality matte poster that brings calm, minimalist beauty to any wall. Printed and shipped for you; available framed or unframed in multiple sizes. 🖌 Meet the artist I'm Hana — an artist who fell in love with the quiet power of Japanese ink. I'm drawn to misty mountains, a single confident brushstroke, and the calm that lives in empty space. For me every piece is a small world of feeling, painted in silence. Nothing makes me happier than imagining it on your wall, bringing a moment of stillness to your day. Thank you for letting my art into your home. © Original design by Hana / MiniCanvasArt. All rights reserved.",https://canvasminiart.site/p/4527341294.html,https://i.etsystatic.com/65245102/r/il/34b98b/8221760567/il_fullxfull.8221760567_7tvf.jpg,39.99 USD,in stock,new,MiniCanvasArt,"Home & Garden > Decor > Artwork > Posters, Prints, & Visual Artwork",Japanese & Zen
4527341202,Zen Monk Tea Ink Art Print | Serene Black White Minimalist Wall Art,"Tea — a zen monk ink art print in serene black & white ink. Museum-quality matte poster that brings calm, minimalist beauty to any wall. Printed and shipped for you; available framed or unframed in multiple sizes. 🖌 Meet the artist I'm Hana — an artist who fell in love with the quiet power of Japanese ink. I'm drawn to misty mountains, a single confident brushstroke, and the calm that lives in empty space. For me every piece is a small world of feeling, painted in silence. Nothing makes me happier than imagining it on your wall, bringing a moment of stillness to your day. Thank you for letting my art into your home. © Original design by Hana / MiniCanvasArt. All rights reserved.",https://canvasminiart.site/p/4527341202.html,https://i.etsystatic.com/65245102/r/il/27d236/8221760001/il_fullxfull.8221760001_fdgf.jpg,39.99 USD,in stock,new,MiniCanvasArt,"Home & Garden > Decor > Artwork > Posters, Prints, & Visual Artwork",Japanese & Zen
4527341118,Zen Monk Ink Art Print | Black and White Japanese Wall Art Poster,"Sweeping — a zen monk ink art print in serene black & white ink. Museum-quality matte poster that brings calm, minimalist beauty to any wall. Printed and shipped for you; available framed or unframed in multiple sizes. 🖌 Meet the artist I'm Hana — an artist who fell in love with the quiet power of Japanese ink. I'm drawn to misty mountains, a single confident brushstroke, and the calm that lives in empty space. For me every piece is a small world of feeling, painted in silence. Nothing makes me happier than imagining it on your wall, bringing a moment of stillness to your day. Thank you for letting my art into your home. © Original design by Hana / MiniCanvasArt. All rights reserved.",https://canvasminiart.site/p/4527341118.html,https://i.etsystatic.com/65245102/r/il/aa9b8a/8173828574/il_fullxfull.8173828574_g07f.jpg,39.99 USD,in stock,new,MiniCanvasArt,"Home & Garden > Decor > Artwork > Posters, Prints, & Visual Artwork",Japanese & Zen
4527341066,Zen Monk Ink Art Print | Black and White Serene Wall Art Poster,"Standing Gaze — a zen monk ink art print in serene black & white ink. Museum-quality matte poster that brings calm, minimalist beauty to any wall. Printed and shipped for you; available framed or unframed in multiple sizes. 🖌 Meet the artist I'm Hana — an artist who fell in love with the quiet power of Japanese ink. I'm drawn to misty mountains, a single confident brushstroke, and the calm that lives in empty space. For me every piece is a small world of feeling, painted in silence. Nothing makes me happier than imagining it on your wall, bringing a moment of stillness to your day. Thank you for letting my art into your home. © Original design by Hana / MiniCanvasArt. All rights reserved.",https://canvasminiart.site/p/4527341066.html,https://i.etsystatic.com/65245102/r/il/fe949f/8173827970/il_fullxfull.8173827970_t7un.jpg,39.99 USD,in stock,new,MiniCanvasArt,"Home & Garden > Decor > Artwork > Posters, Prints, & Visual Artwork",Japanese & Zen
4527331843,Zen Monk Ink Art Print | Black and White Meditation Wall Art Poster,"Meditate — a zen monk ink art print in serene black & white ink. Museum-quality matte poster that brings calm, minimalist beauty to any wall. Printed and shipped for you; available framed or unframed in multiple sizes. 🖌 Meet the artist I'm Hana — an artist who fell in love with the quiet power of Japanese ink. I'm drawn to misty mountains, a single confident brushstroke, and the calm that lives in empty space. For me every piece is a small world of feeling, painted in silence. Nothing makes me happier than imagining it on your wall, bringing a moment of stillness to your day. Thank you for letting my art into your home. © Original design by Hana / MiniCanvasArt. All rights reserved.",https://canvasminiart.site/p/4527331843.html,https://i.etsystatic.com/65245102/r/il/239d99/8173827302/il_fullxfull.8173827302_clef.jpg,39.99 USD,in stock,new,MiniCanvasArt,"Home & Garden > Decor > Artwork > Posters, Prints, & Visual Artwork",Japanese & Zen
4527340876,Zen Monk Lantern Ink Art Print | Serene Black & White Wall Poster,"Lantern — a zen monk ink art print in serene black & white ink. Museum-quality matte poster that brings calm, minimalist beauty to any wall. Printed and shipped for you; available framed or unframed in multiple sizes. 🖌 Meet the artist I'm Hana — an artist who fell in love with the quiet power of Japanese ink. I'm drawn to misty mountains, a single confident brushstroke, and the calm that lives in empty space. For me every piece is a small world of feeling, painted in silence. Nothing makes me happier than imagining it on your wall, bringing a moment of stillness to your day. Thank you for letting my art into your home. © Original design by Hana / MiniCanvasArt. All rights reserved.",https://canvasminiart.site/p/4527340876.html,https://i.etsystatic.com/65245102/r/il/d52653/8221757483/il_fullxfull.8221757483_m6y2.jpg,39.99 USD,in stock,new,MiniCanvasArt,"Home & Garden > Decor > Artwork > Posters, Prints, & Visual Artwork",Japanese & Zen
4527331697,Zen Monk Enso Ink Art Print | Black White Japanese Calligraphy Wall Poster,"Calligraphy Enso — a zen monk ink art print in serene black & white ink. Museum-quality matte poster that brings calm, minimalist beauty to any wall. Printed and shipped for you; available framed or unframed in multiple sizes. 🖌 Meet the artist I'm Hana — an artist who fell in love with the quiet power of Japanese ink. I'm drawn to misty mountains, a single confident brushstroke, and the calm that lives in empty space. For me every piece is a small world of feeling, painted in silence. Nothing makes me happier than imagining it on your wall, bringing a moment of stillness to your day. Thank you for letting my art into your home. © Original design by Hana / MiniCanvasArt. All rights reserved.",https://canvasminiart.site/p/4527331697.html,https://i.etsystatic.com/65245102/r/il/3d8ec6/8221756961/il_fullxfull.8221756961_pnb0.jpg,39.99 USD,in stock,new,MiniCanvasArt,"Home & Garden > Decor > Artwork > Posters, Prints, & Visual Artwork",Japanese & Zen
4527331629,Zen Monk Ink Art Print | Serene Black & White Wall Decor (Poster),"Bow Pray — a zen monk ink art print in serene black & white ink. Museum-quality matte poster that brings calm, minimalist beauty to any wall. Printed and shipped for you; available framed or unframed in multiple sizes. 🖌 Meet the artist I'm Hana — an artist who fell in love with the quiet power of Japanese ink. I'm drawn to misty mountains, a single confident brushstroke, and the calm that lives in empty space. For me every piece is a small world of feeling, painted in silence. Nothing makes me happier than imagining it on your wall, bringing a moment of stillness to your day. Thank you for letting my art into your home. © Original design by Hana / MiniCanvasArt. All rights reserved.",https://canvasminiart.site/p/4527331629.html,https://i.etsystatic.com/65245102/r/il/f8a94b/8221756467/il_fullxfull.8221756467_1z7m.jpg,39.99 USD,in stock,new,MiniCanvasArt,"Home & Garden > Decor > Artwork > Posters, Prints, & Visual Artwork",Japanese & Zen
4527314974,Sunflowers | Framed Ukrainian Cossack Ink Art | Black & White Ink,"Sunflowers — a ukrainian cossack ink art print in serene black & white ink. Museum-quality matte poster that brings calm, minimalist beauty to any wall. Printed and shipped for you; available framed or unframed in multiple sizes. 🖌 Meet the artist I'm Hana, and this collection comes straight from my roots. I grew up on stories of the steppe, of free horsemen and windswept horizons — and I paint them in bold black ink to keep that spirit alive. Each artwork carries a piece of my heritage and a lot of heart. It means the world to me that these riders and quiet landscapes might now live with you. Thank you for giving my art a home. © Original design by Hana / MiniCanvasArt. All rights reserved.",https://canvasminiart.site/p/4527314974.html,https://i.etsystatic.com/65245102/r/il/144145/8245314532/il_fullxfull.8245314532_nhz0.jpg,144.99 USD,in stock,new,MiniCanvasArt,"Home & Garden > Decor > Artwork > Posters, Prints, & Visual Artwork",Framed Art Prints
4527305923,Windmill | Framed Ukrainian Cossack Ink Art | Black & White Ink,"Windmill — a ukrainian cossack ink art print in serene black & white ink. Museum-quality matte poster that brings calm, minimalist beauty to any wall. Printed and shipped for you; available framed or unframed in multiple sizes. 🖌 Meet the artist I'm Hana, and this collection comes straight from my roots. I grew up on stories of the steppe, of free horsemen and windswept horizons — and I paint them in bold black ink to keep that spirit alive. Each artwork carries a piece of my heritage and a lot of heart. It means the world to me that these riders and quiet landscapes might now live with you. Thank you for giving my art a home. © Original design by Hana / MiniCanvasArt. All rights reserved.",https://canvasminiart.site/p/4527305923.html,https://i.etsystatic.com/65245102/r/il/a7e830/8293234149/il_fullxfull.8293234149_r0u0.jpg,144.99 USD,in stock,new,MiniCanvasArt,"Home & Garden > Decor > Artwork > Posters, Prints, & Visual Artwork",Framed Art Prints
4527305845,Well Crane | Framed Ukrainian Cossack Ink Art | Black & White Ink,"Well Crane — a ukrainian cossack ink art print in serene black & white ink. Museum-quality matte poster that brings calm, minimalist beauty to any wall. Printed and shipped for you; available framed or unframed in multiple sizes. 🖌 Meet the artist I'm Hana, and this collection comes straight from my roots. I grew up on stories of the steppe, of free horsemen and windswept horizons — and I paint them in bold black ink to keep that spirit alive. Each artwork carries a piece of my heritage and a lot of heart. It means the world to me that these riders and quiet landscapes might now live with you. Thank you for giving my art a home. © Original design by Hana / MiniCanvasArt. All rights reserved.",https://canvasminiart.site/p/4527305845.html,https://i.etsystatic.com/65245102/r/il/2a5303/8245320846/il_fullxfull.8245320846_tyet.jpg,144.99 USD,in stock,new,MiniCanvasArt,"Home & Garden > Decor > Artwork > Posters, Prints, & Visual Artwork",Framed Art Prints
4527305737,Pipe | Framed Ukrainian Cossack Ink Art | Black & White Ink,"Pipe — a ukrainian cossack ink art print in serene black & white ink. Museum-quality matte poster that brings calm, minimalist beauty to any wall. Printed and shipped for you; available framed or unframed in multiple sizes. 🖌 Meet the artist I'm Hana, and this collection comes straight from my roots. I grew up on stories of the steppe, of free horsemen and windswept horizons — and I paint them in bold black ink to keep that spirit alive. Each artwork carries a piece of my heritage and a lot of heart. It means the world to me that these riders and quiet landscapes might now live with you. Thank you for giving my art a home. © Original design by Hana / MiniCanvasArt. All rights reserved.",https://canvasminiart.site/p/4527305737.html,https://i.etsystatic.com/65245102/r/il/7d8d4d/8245323196/il_fullxfull.8245323196_4izt.jpg,144.99 USD,in stock,new,MiniCanvasArt,"Home & Garden > Decor > Artwork > Posters, Prints, & Visual Artwork",Framed Art Prints
4527314534,Oak Sleep | Framed Ukrainian Cossack Ink Art | Black & White Ink,"Oak Sleep — a ukrainian cossack ink art print in serene black & white ink. Museum-quality matte poster that brings calm, minimalist beauty to any wall. Printed and shipped for you; available framed or unframed in multiple sizes. 🖌 Meet the artist I'm Hana, and this collection comes straight from my roots. I grew up on stories of the steppe, of free horsemen and windswept horizons — and I paint them in bold black ink to keep that spirit alive. Each artwork carries a piece of my heritage and a lot of heart. It means the world to me that these riders and quiet landscapes might now live with you. Thank you for giving my art a home. © Original design by Hana / MiniCanvasArt. All rights reserved.",https://canvasminiart.site/p/4527314534.html,https://i.etsystatic.com/65245102/r/il/509b54/8293242243/il_fullxfull.8293242243_9m8r.jpg,144.99 USD,in stock,new,MiniCanvasArt,"Home & Garden > Decor > Artwork > Posters, Prints, & Visual Artwork",Framed Art Prints
4527314438,Mamai | Framed Ukrainian Cossack Ink Art | Black & White Ink,"Mamai — a ukrainian cossack ink art print in serene black & white ink. Museum-quality matte poster that brings calm, minimalist beauty to any wall. Printed and shipped for you; available framed or unframed in multiple sizes. 🖌 Meet the artist I'm Hana, and this collection comes straight from my roots. I grew up on stories of the steppe, of free horsemen and windswept horizons — and I paint them in bold black ink to keep that spirit alive. Each artwork carries a piece of my heritage and a lot of heart. It means the world to me that these riders and quiet landscapes might now live with you. Thank you for giving my art a home. © Original design by Hana / MiniCanvasArt. All rights reserved.",https://canvasminiart.site/p/4527314438.html,https://i.etsystatic.com/65245102/r/il/e6f4c3/8245327714/il_fullxfull.8245327714_l32r.jpg,144.99 USD,in stock,new,MiniCanvasArt,"Home & Garden > Decor > Artwork > Posters, Prints, & Visual Artwork",Framed Art Prints
4527305529,Kobzar Road | Framed Ukrainian Cossack Ink Art | Black & White Ink,"Kobzar Road — a ukrainian cossack ink art print in serene black & white ink. Museum-quality matte poster that brings calm, minimalist beauty to any wall. Printed and shipped for you; available framed or unframed in multiple sizes. 🖌 Meet the artist I'm Hana, and this collection comes straight from my roots. I grew up on stories of the steppe, of free horsemen and windswept horizons — and I paint them in bold black ink to keep that spirit alive. Each artwork carries a piece of my heritage and a lot of heart. It means the world to me that these riders and quiet landscapes might now live with you. Thank you for giving my art a home. © Original design by Hana / MiniCanvasArt. All rights reserved.",https://canvasminiart.site/p/4527305529.html,https://i.etsystatic.com/65245102/r/il/225b24/8293248497/il_fullxfull.8293248497_2ud0.jpg,144.99 USD,in stock,new,MiniCanvasArt,"Home & Garden > Decor > Artwork > Posters, Prints, & Visual Artwork",Framed Art Prints
4527304783,Horse Steppe | Framed Ukrainian Cossack Ink Art | Black & White Ink,"Horse Steppe — a ukrainian cossack ink art print in serene black & white ink. Museum-quality matte poster that brings calm, minimalist beauty to any wall. Printed and shipped for you; available framed or unframed in multiple sizes. 🖌 Meet the artist I'm Hana, and this collection comes straight from my roots. I grew up on stories of the steppe, of free horsemen and windswept horizons — and I paint them in bold black ink to keep that spirit alive. Each artwork carries a piece of my heritage and a lot of heart. It means the world to me that these riders and quiet landscapes might now live with you. Thank you for giving my art a home. © Original design by Hana / MiniCanvasArt. All rights reserved.",https://canvasminiart.site/p/4527304783.html,https://i.etsystatic.com/65245102/r/il/92bded/8293250865/il_fullxfull.8293250865_gnvr.jpg,144.99 USD,in stock,new,MiniCanvasArt,"Home & Garden > Decor > Artwork > Posters, Prints, & Visual Artwork",Framed Art Prints
4527304745,Horse River | Framed Ukrainian Cossack Ink Art | Black & White Ink,"Horse River — a ukrainian cossack ink art print in serene black & white ink. Museum-quality matte poster that brings calm, minimalist beauty to any wall. Printed and shipped for you; available framed or unframed in multiple sizes. 🖌 Meet the artist I'm Hana, and this collection comes straight from my roots. I grew up on stories of the steppe, of free horsemen and windswept horizons — and I paint them in bold black ink to keep that spirit alive. Each artwork carries a piece of my heritage and a lot of heart. It means the world to me that these riders and quiet landscapes might now live with you. Thank you for giving my art a home. © Original design by Hana / MiniCanvasArt. All rights reserved.",https://canvasminiart.site/p/4527304745.html,https://i.etsystatic.com/65245102/r/il/023d4e/8245336418/il_fullxfull.8245336418_b2r1.jpg,144.99 USD,in stock,new,MiniCanvasArt,"Home & Garden > Decor > Artwork > Posters, Prints, & Visual Artwork",Framed Art Prints
4527313546,Campfire | Framed Ukrainian Cossack Ink Art | Black & White Ink,"Campfire — a ukrainian cossack ink art print in serene black & white ink. Museum-quality matte poster that brings calm, minimalist beauty to any wall. Printed and shipped for you; available framed or unframed in multiple sizes. 🖌 Meet the artist I'm Hana, and this collection comes straight from my roots. I grew up on stories of the steppe, of free horsemen and windswept horizons — and I paint them in bold black ink to keep that spirit alive. Each artwork carries a piece of my heritage and a lot of heart. It means the world to me that these riders and quiet landscapes might now live with you. Thank you for giving my art a home. © Original design by Hana / MiniCanvasArt. All rights reserved.",https://canvasminiart.site/p/4527313546.html,https://i.etsystatic.com/65245102/r/il/710d7d/8245338330/il_fullxfull.8245338330_ppsc.jpg,144.99 USD,in stock,new,MiniCanvasArt,"Home & Garden > Decor > Artwork > Posters, Prints, & Visual Artwork",Framed Art Prints
4527313448,Ukrainian Cossack Windmill Ink Art Print | Black and White Minimalist Wall Art,"PRINT ONLY — FRAME NOT INCLUDED. Frames in the photos are for display only. Windmill — a ukrainian cossack ink art print in serene black & white ink. Museum-quality matte poster that brings calm, minimalist beauty to any wall. Printed and shipped for you; available framed or unframed in multiple sizes. 🖌 Meet the artist I'm Hana, and this collection comes straight from my roots. I grew up on stories of the steppe, of free horsemen and windswept horizons — and I paint them in bold black ink to keep that spirit alive. Each artwork carries a piece of my heritage and a lot of heart. It means the world to me that these riders and quiet landscapes might now live with you. Thank you for giving my art a home. © Original design by Hana / MiniCanvasArt. All rights reserved.",https://canvasminiart.site/p/4527313448.html,https://i.etsystatic.com/65245102/r/il/50d765/8245113510/il_fullxfull.8245113510_etk1.jpg,39.99 USD,in stock,new,MiniCanvasArt,"Home & Garden > Decor > Artwork > Posters, Prints, & Visual Artwork",Ukrainian Cossacks
4527313354,Ukrainian Cossack Well Crane Ink Art Print | Black White Minimalist Wall Art,"PRINT ONLY — FRAME NOT INCLUDED. Frames in the photos are for display only. Well Crane — a ukrainian cossack ink art print in serene black & white ink. Museum-quality matte poster that brings calm, minimalist beauty to any wall. Printed and shipped for you; available framed or unframed in multiple sizes. 🖌 Meet the artist I'm Hana, and this collection comes straight from my roots. I grew up on stories of the steppe, of free horsemen and windswept horizons — and I paint them in bold black ink to keep that spirit alive. Each artwork carries a piece of my heritage and a lot of heart. It means the world to me that these riders and quiet landscapes might now live with you. Thank you for giving my art a home. © Original design by Hana / MiniCanvasArt. All rights reserved.",https://canvasminiart.site/p/4527313354.html,https://i.etsystatic.com/65245102/r/il/6cfddc/8245115370/il_fullxfull.8245115370_ksw1.jpg,39.99 USD,in stock,new,MiniCanvasArt,"Home & Garden > Decor > Artwork > Posters, Prints, & Visual Artwork",Ukrainian Cossacks
4527313298,Sunflowers Ukrainian Cossack Ink Art Print | Black White Wall Art Poster,"PRINT ONLY — FRAME NOT INCLUDED. Frames in the photos are for display only. Sunflowers — a ukrainian cossack ink art print in serene black & white ink. Museum-quality matte poster that brings calm, minimalist beauty to any wall. Printed and shipped for you; available framed or unframed in multiple sizes. 🖌 Meet the artist I'm Hana, and this collection comes straight from my roots. I grew up on stories of the steppe, of free horsemen and windswept horizons — and I paint them in bold black ink to keep that spirit alive. Each artwork carries a piece of my heritage and a lot of heart. It means the world to me that these riders and quiet landscapes might now live with you. Thank you for giving my art a home. © Original design by Hana / MiniCanvasArt. All rights reserved.",https://canvasminiart.site/p/4527313298.html,https://i.etsystatic.com/65245102/r/il/74d0b7/8245121582/il_fullxfull.8245121582_j3a2.jpg,39.99 USD,in stock,new,MiniCanvasArt,"Home & Garden > Decor > Artwork > Posters, Prints, & Visual Artwork",Ukrainian Cossacks
4527304363,Pipe | Ukrainian Cossack Ink Art | Black & White Ink Wall Art | Poster,"PRINT ONLY — FRAME NOT INCLUDED. Frames in the photos are for display only. Pipe — a ukrainian cossack ink art print in serene black & white ink. Museum-quality matte poster that brings calm, minimalist beauty to any wall. Printed and shipped for you; available framed or unframed in multiple sizes. 🖌 Meet the artist I'm Hana, and this collection comes straight from my roots. I grew up on stories of the steppe, of free horsemen and windswept horizons — and I paint them in bold black ink to keep that spirit alive. Each artwork carries a piece of my heritage and a lot of heart. It means the world to me that these riders and quiet landscapes might now live with you. Thank you for giving my art a home. © Original design by Hana / MiniCanvasArt. All rights reserved.",https://canvasminiart.site/p/4527304363.html,https://i.etsystatic.com/65245102/r/il/cd2e63/8293039373/il_fullxfull.8293039373_dc11.jpg,39.99 USD,in stock,new,MiniCanvasArt,"Home & Garden > Decor > Artwork > Posters, Prints, & Visual Artwork",Ukrainian Cossacks
4527304307,Ukrainian Cossack Ink Art Print | Black & White Minimalist Wall Art Poster,"PRINT ONLY — FRAME NOT INCLUDED. Frames in the photos are for display only. Oak Sleep — a ukrainian cossack ink art print in serene black & white ink. Museum-quality matte poster that brings calm, minimalist beauty to any wall. Printed and shipped for you; available framed or unframed in multiple sizes. 🖌 Meet the artist I'm Hana, and this collection comes straight from my roots. I grew up on stories of the steppe, of free horsemen and windswept horizons — and I paint them in bold black ink to keep that spirit alive. Each artwork carries a piece of my heritage and a lot of heart. It means the world to me that these riders and quiet landscapes might now live with you. Thank you for giving my art a home. © Original design by Hana / MiniCanvasArt. All rights reserved.",https://canvasminiart.site/p/4527304307.html,https://i.etsystatic.com/65245102/r/il/2832dd/8293042151/il_fullxfull.8293042151_cpi0.jpg,39.99 USD,in stock,new,MiniCanvasArt,"Home & Garden > Decor > Artwork > Posters, Prints, & Visual Artwork",Ukrainian Cossacks
4527304243,Mamai Ukrainian Cossack Ink Art Print | Black White Minimalist Wall Poster,"PRINT ONLY — FRAME NOT INCLUDED. Frames in the photos are for display only. Mamai — a ukrainian cossack ink art print in serene black & white ink. Museum-quality matte poster that brings calm, minimalist beauty to any wall. Printed and shipped for you; available framed or unframed in multiple sizes. 🖌 Meet the artist I'm Hana, and this collection comes straight from my roots. I grew up on stories of the steppe, of free horsemen and windswept horizons — and I paint them in bold black ink to keep that spirit alive. Each artwork carries a piece of my heritage and a lot of heart. It means the world to me that these riders and quiet landscapes might now live with you. Thank you for giving my art a home. © Original design by Hana / MiniCanvasArt. All rights reserved.",https://canvasminiart.site/p/4527304243.html,https://i.etsystatic.com/65245102/r/il/6932da/8245128040/il_fullxfull.8245128040_9v9y.jpg,39.99 USD,in stock,new,MiniCanvasArt,"Home & Garden > Decor > Artwork > Posters, Prints, & Visual Artwork",Ukrainian Cossacks
4527313034,Kobzar Road | Ukrainian Cossack Ink Art | Black & White Ink Wall Art | Poster,"PRINT ONLY — FRAME NOT INCLUDED. Frames in the photos are for display only. Kobzar Road — a ukrainian cossack ink art print in serene black & white ink. Museum-quality matte poster that brings calm, minimalist beauty to any wall. Printed and shipped for you; available framed or unframed in multiple sizes. 🖌 Meet the artist I'm Hana, and this collection comes straight from my roots. I grew up on stories of the steppe, of free horsemen and windswept horizons — and I paint them in bold black ink to keep that spirit alive. Each artwork carries a piece of my heritage and a lot of heart. It means the world to me that these riders and quiet landscapes might now live with you. Thank you for giving my art a home. © Original design by Hana / MiniCanvasArt. All rights reserved.",https://canvasminiart.site/p/4527313034.html,https://i.etsystatic.com/65245102/r/il/a18e0c/8293045945/il_fullxfull.8293045945_o5cl.jpg,39.99 USD,in stock,new,MiniCanvasArt,"Home & Garden > Decor > Artwork > Posters, Prints, & Visual Artwork",Ukrainian Cossacks
4527312940,Horse Steppe | Ukrainian Cossack Ink Art | Black & White Ink Wall Art | Poster,"PRINT ONLY — FRAME NOT INCLUDED. Frames in the photos are for display only. Horse Steppe — a ukrainian cossack ink art print in serene black & white ink. Museum-quality matte poster that brings calm, minimalist beauty to any wall. Printed and shipped for you; available framed or unframed in multiple sizes. 🖌 Meet the artist I'm Hana, and this collection comes straight from my roots. I grew up on stories of the steppe, of free horsemen and windswept horizons — and I paint them in bold black ink to keep that spirit alive. Each artwork carries a piece of my heritage and a lot of heart. It means the world to me that these riders and quiet landscapes might now live with you. Thank you for giving my art a home. © Original design by Hana / MiniCanvasArt. All rights reserved.",https://canvasminiart.site/p/4527312940.html,https://i.etsystatic.com/65245102/r/il/298f94/8245134356/il_fullxfull.8245134356_pvmw.jpg,39.99 USD,in stock,new,MiniCanvasArt,"Home & Garden > Decor > Artwork > Posters, Prints, & Visual Artwork",Ukrainian Cossacks
4527312842,Horse River | Ukrainian Cossack Ink Art | Black & White Ink Wall Art | Poster,"PRINT ONLY — FRAME NOT INCLUDED. Frames in the photos are for display only. Horse River — a ukrainian cossack ink art print in serene black & white ink. Museum-quality matte poster that brings calm, minimalist beauty to any wall. Printed and shipped for you; available framed or unframed in multiple sizes. 🖌 Meet the artist I'm Hana, and this collection comes straight from my roots. I grew up on stories of the steppe, of free horsemen and windswept horizons — and I paint them in bold black ink to keep that spirit alive. Each artwork carries a piece of my heritage and a lot of heart. It means the world to me that these riders and quiet landscapes might now live with you. Thank you for giving my art a home. © Original design by Hana / MiniCanvasArt. All rights reserved.",https://canvasminiart.site/p/4527312842.html,https://i.etsystatic.com/65245102/r/il/c17707/8245136506/il_fullxfull.8245136506_dnzc.jpg,39.99 USD,in stock,new,MiniCanvasArt,"Home & Garden > Decor > Artwork > Posters, Prints, & Visual Artwork",Ukrainian Cossacks
4527312778,Campfire | Ukrainian Cossack Ink Art | Black & White Ink Wall Art | Poster,"PRINT ONLY — FRAME NOT INCLUDED. Frames in the photos are for display only. Campfire — a ukrainian cossack ink art print in serene black & white ink. Museum-quality matte poster that brings calm, minimalist beauty to any wall. Printed and shipped for you; available framed or unframed in multiple sizes. 🖌 Meet the artist I'm Hana, and this collection comes straight from my roots. I grew up on stories of the steppe, of free horsemen and windswept horizons — and I paint them in bold black ink to keep that spirit alive. Each artwork carries a piece of my heritage and a lot of heart. It means the world to me that these riders and quiet landscapes might now live with you. Thank you for giving my art a home. © Original design by Hana / MiniCanvasArt. All rights reserved.",https://canvasminiart.site/p/4527312778.html,https://i.etsystatic.com/65245102/r/il/787b59/8293054891/il_fullxfull.8293054891_6b3n.jpg,39.99 USD,in stock,new,MiniCanvasArt,"Home & Garden > Decor > Artwork > Posters, Prints, & Visual Artwork",Ukrainian Cossacks
4527302140,Windswept | Framed Desert Dunes Minimal Art | Black & White Ink,"Windswept — a desert dunes minimal art print in serene black & white ink. Museum-quality matte poster that brings calm, minimalist beauty to any wall. Printed and shipped for you; available framed or unframed in multiple sizes. 🖌 Meet the artist I'm Hana — an artist who fell in love with the quiet power of Japanese ink. I'm drawn to misty mountains, a single confident brushstroke, and the calm that lives in empty space. For me every piece is a small world of feeling, painted in silence. Nothing makes me happier than imagining it on your wall, bringing a moment of stillness to your day. Thank you for letting my art into your home. © Original design by Hana / MiniCanvasArt. All rights reserved.",https://canvasminiart.site/p/4527302140.html,https://i.etsystatic.com/65245102/r/il/f0aedf/8173560366/il_fullxfull.8173560366_pzbj.jpg,144.99 USD,in stock,new,MiniCanvasArt,"Home & Garden > Decor > Artwork > Posters, Prints, & Visual Artwork",Framed Art Prints
4527293259,Vast Empty | Framed Desert Dunes Minimal Art | Black & White Ink,"Vast Empty — a desert dunes minimal art print in serene black & white ink. Museum-quality matte poster that brings calm, minimalist beauty to any wall. Printed and shipped for you; available framed or unframed in multiple sizes. 🖌 Meet the artist I'm Hana — an artist who fell in love with the quiet power of Japanese ink. I'm drawn to misty mountains, a single confident brushstroke, and the calm that lives in empty space. For me every piece is a small world of feeling, painted in silence. Nothing makes me happier than imagining it on your wall, bringing a moment of stillness to your day. Thank you for letting my art into your home. © Original design by Hana / MiniCanvasArt. All rights reserved.",https://canvasminiart.site/p/4527293259.html,https://i.etsystatic.com/65245102/r/il/121a7d/8221490623/il_fullxfull.8221490623_5dgw.jpg,144.99 USD,in stock,new,MiniCanvasArt,"Home & Garden > Decor > Artwork > Posters, Prints, & Visual Artwork",Framed Art Prints
4527302058,Traveler | Framed Desert Dunes Minimal Art | Black & White Ink,"Traveler — a desert dunes minimal art print in serene black & white ink. Museum-quality matte poster that brings calm, minimalist beauty to any wall. Printed and shipped for you; available framed or unframed in multiple sizes. 🖌 Meet the artist I'm Hana — an artist who fell in love with the quiet power of Japanese ink. I'm drawn to misty mountains, a single confident brushstroke, and the calm that lives in empty space. For me every piece is a small world of feeling, painted in silence. Nothing makes me happier than imagining it on your wall, bringing a moment of stillness to your day. Thank you for letting my art into your home. © Original design by Hana / MiniCanvasArt. All rights reserved.",https://canvasminiart.site/p/4527302058.html,https://i.etsystatic.com/65245102/r/il/5c0da5/8221490249/il_fullxfull.8221490249_tr7c.jpg,144.99 USD,in stock,new,MiniCanvasArt,"Home & Garden > Decor > Artwork > Posters, Prints, & Visual Artwork",Framed Art Prints
4527293151,S-Curve | Framed Desert Dunes Minimal Art | Black & White Ink,"S-Curve Curve — a desert dunes minimal art print in serene black & white ink. Museum-quality matte poster that brings calm, minimalist beauty to any wall. Printed and shipped for you; available framed or unframed in multiple sizes. 🖌 Meet the artist I'm Hana — an artist who fell in love with the quiet power of Japanese ink. I'm drawn to misty mountains, a single confident brushstroke, and the calm that lives in empty space. For me every piece is a small world of feeling, painted in silence. Nothing makes me happier than imagining it on your wall, bringing a moment of stillness to your day. Thank you for letting my art into your home. © Original design by Hana / MiniCanvasArt. All rights reserved.",https://canvasminiart.site/p/4527293151.html,https://i.etsystatic.com/65245102/r/il/a06167/8173559392/il_fullxfull.8173559392_n4l6.jpg,144.99 USD,in stock,new,MiniCanvasArt,"Home & Garden > Decor > Artwork > Posters, Prints, & Visual Artwork",Framed Art Prints
4527301946,Red Sun | Framed Desert Dunes Minimal Art | Black & White Ink,"Red Sun — a desert dunes minimal art print in serene black & white ink. Museum-quality matte poster that brings calm, minimalist beauty to any wall. Printed and shipped for you; available framed or unframed in multiple sizes. 🖌 Meet the artist I'm Hana — an artist who fell in love with the quiet power of Japanese ink. I'm drawn to misty mountains, a single confident brushstroke, and the calm that lives in empty space. For me every piece is a small world of feeling, painted in silence. Nothing makes me happier than imagining it on your wall, bringing a moment of stillness to your day. Thank you for letting my art into your home. © Original design by Hana / MiniCanvasArt. All rights reserved.",https://canvasminiart.site/p/4527301946.html,https://i.etsystatic.com/65245102/r/il/fc6b36/8221489705/il_fullxfull.8221489705_qc2g.jpg,144.99 USD,in stock,new,MiniCanvasArt,"Home & Garden > Decor > Artwork > Posters, Prints, & Visual Artwork",Framed Art Prints
4527293065,Oasis | Framed Desert Dunes Minimal Art | Black & White Ink,"Oasis — a desert dunes minimal art print in serene black & white ink. Museum-quality matte poster that brings calm, minimalist beauty to any wall. Printed and shipped for you; available framed or unframed in multiple sizes. 🖌 Meet the artist I'm Hana — an artist who fell in love with the quiet power of Japanese ink. I'm drawn to misty mountains, a single confident brushstroke, and the calm that lives in empty space. For me every piece is a small world of feeling, painted in silence. Nothing makes me happier than imagining it on your wall, bringing a moment of stillness to your day. Thank you for letting my art into your home. © Original design by Hana / MiniCanvasArt. All rights reserved.",https://canvasminiart.site/p/4527293065.html,https://i.etsystatic.com/65245102/r/il/b84ca4/8173558866/il_fullxfull.8173558866_aucw.jpg,144.99 USD,in stock,new,MiniCanvasArt,"Home & Garden > Decor > Artwork > Posters, Prints, & Visual Artwork",Framed Art Prints
4527301848,Minimal Curve | Framed Desert Dunes Minimal Art | Black & White Ink,"Minimal Curve — a desert dunes minimal art print in serene black & white ink. Museum-quality matte poster that brings calm, minimalist beauty to any wall. Printed and shipped for you; available framed or unframed in multiple sizes. 🖌 Meet the artist I'm Hana — an artist who fell in love with the quiet power of Japanese ink. I'm drawn to misty mountains, a single confident brushstroke, and the calm that lives in empty space. For me every piece is a small world of feeling, painted in silence. Nothing makes me happier than imagining it on your wall, bringing a moment of stillness to your day. Thank you for letting my art into your home. © Original design by Hana / MiniCanvasArt. All rights reserved.",https://canvasminiart.site/p/4527301848.html,https://i.etsystatic.com/65245102/r/il/772c7b/8173558496/il_fullxfull.8173558496_amix.jpg,144.99 USD,in stock,new,MiniCanvasArt,"Home & Garden > Decor > Artwork > Posters, Prints, & Visual Artwork",Framed Art Prints
4527292943,Lone Tree | Framed Desert Dunes Minimal Art | Black & White Ink,"Lone Tree — a desert dunes minimal art print in serene black & white ink. Museum-quality matte poster that brings calm, minimalist beauty to any wall. Printed and shipped for you; available framed or unframed in multiple sizes. 🖌 Meet the artist I'm Hana — an artist who fell in love with the quiet power of Japanese ink. I'm drawn to misty mountains, a single confident brushstroke, and the calm that lives in empty space. For me every piece is a small world of feeling, painted in silence. Nothing makes me happier than imagining it on your wall, bringing a moment of stillness to your day. Thank you for letting my art into your home. © Original design by Hana / MiniCanvasArt. All rights reserved.",https://canvasminiart.site/p/4527292943.html,https://i.etsystatic.com/65245102/r/il/e4f90e/8173558114/il_fullxfull.8173558114_8qnu.jpg,144.99 USD,in stock,new,MiniCanvasArt,"Home & Garden > Decor > Artwork > Posters, Prints, & Visual Artwork",Framed Art Prints
4527301692,Layered Ridges | Framed Desert Dunes Minimal Art | Black & White Ink,"Layered Ridges — a desert dunes minimal art print in serene black & white ink. Museum-quality matte poster that brings calm, minimalist beauty to any wall. Printed and shipped for you; available framed or unframed in multiple sizes. 🖌 Meet the artist I'm Hana — an artist who fell in love with the quiet power of Japanese ink. I'm drawn to misty mountains, a single confident brushstroke, and the calm that lives in empty space. For me every piece is a small world of feeling, painted in silence. Nothing makes me happier than imagining it on your wall, bringing a moment of stillness to your day. Thank you for letting my art into your home. © Original design by Hana / MiniCanvasArt. All rights reserved.",https://canvasminiart.site/p/4527301692.html,https://i.etsystatic.com/65245102/r/il/e5f23e/8173557462/il_fullxfull.8173557462_f00a.jpg,144.99 USD,in stock,new,MiniCanvasArt,"Home & Garden > Decor > Artwork > Posters, Prints, & Visual Artwork",Framed Art Prints
4527292805,Caravan | Framed Desert Dunes Minimal Art | Black & White Ink,"Caravan — a desert dunes minimal art print in serene black & white ink. Museum-quality matte poster that brings calm, minimalist beauty to any wall. Printed and shipped for you; available framed or unframed in multiple sizes. 🖌 Meet the artist I'm Hana — an artist who fell in love with the quiet power of Japanese ink. I'm drawn to misty mountains, a single confident brushstroke, and the calm that lives in empty space. For me every piece is a small world of feeling, painted in silence. Nothing makes me happier than imagining it on your wall, bringing a moment of stillness to your day. Thank you for letting my art into your home. © Original design by Hana / MiniCanvasArt. All rights reserved.",https://canvasminiart.site/p/4527292805.html,https://i.etsystatic.com/65245102/r/il/1e1ab8/8221487611/il_fullxfull.8221487611_5718.jpg,144.99 USD,in stock,new,MiniCanvasArt,"Home & Garden > Decor > Artwork > Posters, Prints, & Visual Artwork",Framed Art Prints
4527301532,Windswept | Desert Dunes Minimal Art | Black & White Ink Wall Art | Poster,"Windswept — a desert dunes minimal art print in serene black & white ink. Museum-quality matte poster that brings calm, minimalist beauty to any wall. Printed and shipped for you; available framed or unframed in multiple sizes. 🖌 Meet the artist I'm Hana — an artist who fell in love with the quiet power of Japanese ink. I'm drawn to misty mountains, a single confident brushstroke, and the calm that lives in empty space. For me every piece is a small world of feeling, painted in silence. Nothing makes me happier than imagining it on your wall, bringing a moment of stillness to your day. Thank you for letting my art into your home. © Original design by Hana / MiniCanvasArt. All rights reserved.",https://canvasminiart.site/p/4527301532.html,https://i.etsystatic.com/65245102/r/il/923caf/8221486781/il_fullxfull.8221486781_kaq3.jpg,39.99 USD,in stock,new,MiniCanvasArt,"Home & Garden > Decor > Artwork > Posters, Prints, & Visual Artwork",Landscapes & Nature
4527301438,Vast Empty | Desert Dunes Minimal Art | Black & White Ink Wall Art | Poster,"Vast Empty — a desert dunes minimal art print in serene black & white ink. Museum-quality matte poster that brings calm, minimalist beauty to any wall. Printed and shipped for you; available framed or unframed in multiple sizes. 🖌 Meet the artist I'm Hana — an artist who fell in love with the quiet power of Japanese ink. I'm drawn to misty mountains, a single confident brushstroke, and the calm that lives in empty space. For me every piece is a small world of feeling, painted in silence. Nothing makes me happier than imagining it on your wall, bringing a moment of stillness to your day. Thank you for letting my art into your home. © Original design by Hana / MiniCanvasArt. All rights reserved.",https://canvasminiart.site/p/4527301438.html,https://i.etsystatic.com/65245102/r/il/f534ee/8221486357/il_fullxfull.8221486357_bc46.jpg,39.99 USD,in stock,new,MiniCanvasArt,"Home & Garden > Decor > Artwork > Posters, Prints, & Visual Artwork",Landscapes & Nature
4527292541,Traveler | Desert Dunes Minimal Art | Black & White Ink Wall Art | Poster,"Traveler — a desert dunes minimal art print in serene black & white ink. Museum-quality matte poster that brings calm, minimalist beauty to any wall. Printed and shipped for you; available framed or unframed in multiple sizes. 🖌 Meet the artist I'm Hana — an artist who fell in love with the quiet power of Japanese ink. I'm drawn to misty mountains, a single confident brushstroke, and the calm that lives in empty space. For me every piece is a small world of feeling, painted in silence. Nothing makes me happier than imagining it on your wall, bringing a moment of stillness to your day. Thank you for letting my art into your home. © Original design by Hana / MiniCanvasArt. All rights reserved.",https://canvasminiart.site/p/4527292541.html,https://i.etsystatic.com/65245102/r/il/f76ddc/8221485799/il_fullxfull.8221485799_8jqv.jpg,39.99 USD,in stock,new,MiniCanvasArt,"Home & Garden > Decor > Artwork > Posters, Prints, & Visual Artwork",Landscapes & Nature
4527301278,S-Curve | Desert Dunes Minimal Art | Black & White Ink Wall Art | Poster,"S-Curve Curve — a desert dunes minimal art print in serene black & white ink. Museum-quality matte poster that brings calm, minimalist beauty to any wall. Printed and shipped for you; available framed or unframed in multiple sizes. 🖌 Meet the artist I'm Hana — an artist who fell in love with the quiet power of Japanese ink. I'm drawn to misty mountains, a single confident brushstroke, and the calm that lives in empty space. For me every piece is a small world of feeling, painted in silence. Nothing makes me happier than imagining it on your wall, bringing a moment of stillness to your day. Thank you for letting my art into your home. © Original design by Hana / MiniCanvasArt. All rights reserved.",https://canvasminiart.site/p/4527301278.html,https://i.etsystatic.com/65245102/r/il/e2f321/8221485287/il_fullxfull.8221485287_2dz8.jpg,39.99 USD,in stock,new,MiniCanvasArt,"Home & Garden > Decor > Artwork > Posters, Prints, & Visual Artwork",Landscapes & Nature
4527292365,Red Sun | Desert Dunes Minimal Art | Black & White Ink Wall Art | Poster,"Red Sun — a desert dunes minimal art print in serene black & white ink. Museum-quality matte poster that brings calm, minimalist beauty to any wall. Printed and shipped for you; available framed or unframed in multiple sizes. 🖌 Meet the artist I'm Hana — an artist who fell in love with the quiet power of Japanese ink. I'm drawn to misty mountains, a single confident brushstroke, and the calm that lives in empty space. For me every piece is a small world of feeling, painted in silence. Nothing makes me happier than imagining it on your wall, bringing a moment of stillness to your day. Thank you for letting my art into your home. © Original design by Hana / MiniCanvasArt. All rights reserved.",https://canvasminiart.site/p/4527292365.html,https://i.etsystatic.com/65245102/r/il/fdc60b/8173554230/il_fullxfull.8173554230_4byz.jpg,39.99 USD,in stock,new,MiniCanvasArt,"Home & Garden > Decor > Artwork > Posters, Prints, & Visual Artwork",Landscapes & Nature
4527292301,Oasis | Desert Dunes Minimal Art | Black & White Ink Wall Art | Poster,"Oasis — a desert dunes minimal art print in serene black & white ink. Museum-quality matte poster that brings calm, minimalist beauty to any wall. Printed and shipped for you; available framed or unframed in multiple sizes. 🖌 Meet the artist I'm Hana — an artist who fell in love with the quiet power of Japanese ink. I'm drawn to misty mountains, a single confident brushstroke, and the calm that lives in empty space. For me every piece is a small world of feeling, painted in silence. Nothing makes me happier than imagining it on your wall, bringing a moment of stillness to your day. Thank you for letting my art into your home. © Original design by Hana / MiniCanvasArt. All rights reserved.",https://canvasminiart.site/p/4527292301.html,https://i.etsystatic.com/65245102/r/il/7de5e8/8173553742/il_fullxfull.8173553742_thxe.jpg,39.99 USD,in stock,new,MiniCanvasArt,"Home & Garden > Decor > Artwork > Posters, Prints, & Visual Artwork",Landscapes & Nature
4527301048,Minimal Curve Desert Dunes Art Print | Black and White Ink Wall Poster,"Minimal Curve — a desert dunes minimal art print in serene black & white ink. Museum-quality matte poster that brings calm, minimalist beauty to any wall. Printed and shipped for you; available framed or unframed in multiple sizes. 🖌 Meet the artist I'm Hana — an artist who fell in love with the quiet power of Japanese ink. I'm drawn to misty mountains, a single confident brushstroke, and the calm that lives in empty space. For me every piece is a small world of feeling, painted in silence. Nothing makes me happier than imagining it on your wall, bringing a moment of stillness to your day. Thank you for letting my art into your home. © Original design by Hana / MiniCanvasArt. All rights reserved.",https://canvasminiart.site/p/4527301048.html,https://i.etsystatic.com/65245102/r/il/d337a8/8173553324/il_fullxfull.8173553324_t1st.jpg,39.99 USD,in stock,new,MiniCanvasArt,"Home & Garden > Decor > Artwork > Posters, Prints, & Visual Artwork",Landscapes & Nature
4527292155,Lone Tree | Desert Dunes Minimal Art | Black & White Ink Wall Art | Poster,"Lone Tree — a desert dunes minimal art print in serene black & white ink. Museum-quality matte poster that brings calm, minimalist beauty to any wall. Printed and shipped for you; available framed or unframed in multiple sizes. 🖌 Meet the artist I'm Hana — an artist who fell in love with the quiet power of Japanese ink. I'm drawn to misty mountains, a single confident brushstroke, and the calm that lives in empty space. For me every piece is a small world of feeling, painted in silence. Nothing makes me happier than imagining it on your wall, bringing a moment of stillness to your day. Thank you for letting my art into your home. © Original design by Hana / MiniCanvasArt. All rights reserved.",https://canvasminiart.site/p/4527292155.html,https://i.etsystatic.com/65245102/r/il/c1260b/8221483231/il_fullxfull.8221483231_mstb.jpg,39.99 USD,in stock,new,MiniCanvasArt,"Home & Garden > Decor > Artwork > Posters, Prints, & Visual Artwork",Landscapes & Nature
4527300876,Layered Ridges | Desert Dunes Minimal Art | Black & White Ink Wall Art | Poster,"Layered Ridges — a desert dunes minimal art print in serene black & white ink. Museum-quality matte poster that brings calm, minimalist beauty to any wall. Printed and shipped for you; available framed or unframed in multiple sizes. 🖌 Meet the artist I'm Hana — an artist who fell in love with the quiet power of Japanese ink. I'm drawn to misty mountains, a single confident brushstroke, and the calm that lives in empty space. For me every piece is a small world of feeling, painted in silence. Nothing makes me happier than imagining it on your wall, bringing a moment of stillness to your day. Thank you for letting my art into your home. © Original design by Hana / MiniCanvasArt. All rights reserved.",https://canvasminiart.site/p/4527300876.html,https://i.etsystatic.com/65245102/r/il/4c1c02/8221482733/il_fullxfull.8221482733_1low.jpg,39.99 USD,in stock,new,MiniCanvasArt,"Home & Garden > Decor > Artwork > Posters, Prints, & Visual Artwork",Landscapes & Nature
4527300766,Caravan | Desert Dunes Minimal Art | Black & White Ink Wall Art | Poster,"Caravan — a desert dunes minimal art print in serene black & white ink. Museum-quality matte poster that brings calm, minimalist beauty to any wall. Printed and shipped for you; available framed or unframed in multiple sizes. 🖌 Meet the artist I'm Hana — an artist who fell in love with the quiet power of Japanese ink. I'm drawn to misty mountains, a single confident brushstroke, and the calm that lives in empty space. For me every piece is a small world of feeling, painted in silence. Nothing makes me happier than imagining it on your wall, bringing a moment of stillness to your day. Thank you for letting my art into your home. © Original design by Hana / MiniCanvasArt. All rights reserved.",https://canvasminiart.site/p/4527300766.html,https://i.etsystatic.com/65245102/r/il/3f8339/8173551630/il_fullxfull.8173551630_4vy1.jpg,39.99 USD,in stock,new,MiniCanvasArt,"Home & Garden > Decor > Artwork > Posters, Prints, & Visual Artwork",Landscapes & Nature
4527281433,Path | Framed Bamboo Sumi-e Ink Art | Black & White Ink,"Path — a bamboo sumi-e ink art print in serene black & white ink. Museum-quality matte poster that brings calm, minimalist beauty to any wall. Printed and shipped for you; available framed or unframed in multiple sizes. 🖌 Meet the artist I'm Hana — I find endless wonder in nature's small details: a single stem, the curve of a wing, the patience of growing things. I paint them simply, in ink and light, so the beauty speaks for itself. Each piece is a quiet love letter to the natural world. It would mean so much to know it now brings a little calm into your space. Thank you for welcoming my art into your home. © Original design by Hana / MiniCanvasArt. All rights reserved.",https://canvasminiart.site/p/4527281433.html,https://i.etsystatic.com/65245102/r/il/7e9fc8/8221408231/il_fullxfull.8221408231_j5cb.jpg,144.99 USD,in stock,new,MiniCanvasArt,"Home & Garden > Decor > Artwork > Posters, Prints, & Visual Artwork",Framed Art Prints
4527290154,Wind | Framed Bamboo Sumi-e Ink Art | Black & White Ink,"Wind — a bamboo sumi-e ink art print in serene black & white ink. Museum-quality matte poster that brings calm, minimalist beauty to any wall. Printed and shipped for you; available framed or unframed in multiple sizes. 🖌 Meet the artist I'm Hana — I find endless wonder in nature's small details: a single stem, the curve of a wing, the patience of growing things. I paint them simply, in ink and light, so the beauty speaks for itself. Each piece is a quiet love letter to the natural world. It would mean so much to know it now brings a little calm into your space. Thank you for welcoming my art into your home. © Original design by Hana / MiniCanvasArt. All rights reserved.",https://canvasminiart.site/p/4527290154.html,https://i.etsystatic.com/65245102/r/il/11bfcc/8173477136/il_fullxfull.8173477136_momi.jpg,144.99 USD,in stock,new,MiniCanvasArt,"Home & Garden > Decor > Artwork > Posters, Prints, & Visual Artwork",Framed Art Prints
4527290068,Sparrow | Framed Bamboo Sumi-e Ink Art | Black & White Ink,"Sparrow — a bamboo sumi-e ink art print in serene black & white ink. Museum-quality matte poster that brings calm, minimalist beauty to any wall. Printed and shipped for you; available framed or unframed in multiple sizes. 🖌 Meet the artist I'm Hana — I find endless wonder in nature's small details: a single stem, the curve of a wing, the patience of growing things. I paint them simply, in ink and light, so the beauty speaks for itself. Each piece is a quiet love letter to the natural world. It would mean so much to know it now brings a little calm into your space. Thank you for welcoming my art into your home. © Original design by Hana / MiniCanvasArt. All rights reserved.",https://canvasminiart.site/p/4527290068.html,https://i.etsystatic.com/65245102/r/il/b10ed9/8173476442/il_fullxfull.8173476442_34qk.jpg,144.99 USD,in stock,new,MiniCanvasArt,"Home & Garden > Decor > Artwork > Posters, Prints, & Visual Artwork",Framed Art Prints
4527289970,Panda | Framed Bamboo Sumi-e Ink Art | Black & White Ink,"Panda — a bamboo sumi-e ink art print in serene black & white ink. Museum-quality matte poster that brings calm, minimalist beauty to any wall. Printed and shipped for you; available framed or unframed in multiple sizes. 🖌 Meet the artist I'm Hana — I find endless wonder in nature's small details: a single stem, the curve of a wing, the patience of growing things. I paint them simply, in ink and light, so the beauty speaks for itself. Each piece is a quiet love letter to the natural world. It would mean so much to know it now brings a little calm into your space. Thank you for welcoming my art into your home. © Original design by Hana / MiniCanvasArt. All rights reserved.",https://canvasminiart.site/p/4527289970.html,https://i.etsystatic.com/65245102/r/il/988d3b/8173475678/il_fullxfull.8173475678_d73q.jpg,144.99 USD,in stock,new,MiniCanvasArt,"Home & Garden > Decor > Artwork > Posters, Prints, & Visual Artwork",Framed Art Prints
4527280995,Moon | Framed Bamboo Sumi-e Ink Art | Black & White Ink,"Moon — a bamboo sumi-e ink art print in serene black & white ink. Museum-quality matte poster that brings calm, minimalist beauty to any wall. Printed and shipped for you; available framed or unframed in multiple sizes. 🖌 Meet the artist I'm Hana — I find endless wonder in nature's small details: a single stem, the curve of a wing, the patience of growing things. I paint them simply, in ink and light, so the beauty speaks for itself. Each piece is a quiet love letter to the natural world. It would mean so much to know it now brings a little calm into your space. Thank you for welcoming my art into your home. © Original design by Hana / MiniCanvasArt. All rights reserved.",https://canvasminiart.site/p/4527280995.html,https://i.etsystatic.com/65245102/r/il/4313db/8221405077/il_fullxfull.8221405077_aww7.jpg,144.99 USD,in stock,new,MiniCanvasArt,"Home & Garden > Decor > Artwork > Posters, Prints, & Visual Artwork",Framed Art Prints
4527280929,Misty Grove | Framed Bamboo Sumi-e Ink Art | Black & White Ink,"Misty Grove — a bamboo sumi-e ink art print in serene black & white ink. Museum-quality matte poster that brings calm, minimalist beauty to any wall. Printed and shipped for you; available framed or unframed in multiple sizes. 🖌 Meet the artist I'm Hana — I find endless wonder in nature's small details: a single stem, the curve of a wing, the patience of growing things. I paint them simply, in ink and light, so the beauty speaks for itself. Each piece is a quiet love letter to the natural world. It would mean so much to know it now brings a little calm into your space. Thank you for welcoming my art into your home. © Original design by Hana / MiniCanvasArt. All rights reserved.",https://canvasminiart.site/p/4527280929.html,https://i.etsystatic.com/65245102/r/il/85a0e3/8173474752/il_fullxfull.8173474752_rtco.jpg,144.99 USD,in stock,new,MiniCanvasArt,"Home & Garden > Decor > Artwork > Posters, Prints, & Visual Artwork",Framed Art Prints
4527289742,Minimal | Framed Bamboo Sumi-e Ink Art | Black & White Ink,"Minimal — a bamboo sumi-e ink art print in serene black & white ink. Museum-quality matte poster that brings calm, minimalist beauty to any wall. Printed and shipped for you; available framed or unframed in multiple sizes. 🖌 Meet the artist I'm Hana — I find endless wonder in nature's small details: a single stem, the curve of a wing, the patience of growing things. I paint them simply, in ink and light, so the beauty speaks for itself. Each piece is a quiet love letter to the natural world. It would mean so much to know it now brings a little calm into your space. Thank you for welcoming my art into your home. © Original design by Hana / MiniCanvasArt. All rights reserved.",https://canvasminiart.site/p/4527289742.html,https://i.etsystatic.com/65245102/r/il/901623/8221404325/il_fullxfull.8221404325_1uxu.jpg,144.99 USD,in stock,new,MiniCanvasArt,"Home & Garden > Decor > Artwork > Posters, Prints, & Visual Artwork",Framed Art Prints
4527280783,Lantern Path | Framed Bamboo Sumi-e Ink Art | Black & White Ink,"Lantern Path — a bamboo sumi-e ink art print in serene black & white ink. Museum-quality matte poster that brings calm, minimalist beauty to any wall. Printed and shipped for you; available framed or unframed in multiple sizes. 🖌 Meet the artist I'm Hana — I find endless wonder in nature's small details: a single stem, the curve of a wing, the patience of growing things. I paint them simply, in ink and light, so the beauty speaks for itself. Each piece is a quiet love letter to the natural world. It would mean so much to know it now brings a little calm into your space. Thank you for welcoming my art into your home. © Original design by Hana / MiniCanvasArt. All rights reserved.",https://canvasminiart.site/p/4527280783.html,https://i.etsystatic.com/65245102/r/il/ac9c54/8173473918/il_fullxfull.8173473918_13g4.jpg,144.99 USD,in stock,new,MiniCanvasArt,"Home & Garden > Decor > Artwork > Posters, Prints, & Visual Artwork",Framed Art Prints
4527289612,Grove | Framed Bamboo Sumi-e Ink Art | Black & White Ink,"Grove — a bamboo sumi-e ink art print in serene black & white ink. Museum-quality matte poster that brings calm, minimalist beauty to any wall. Printed and shipped for you; available framed or unframed in multiple sizes. 🖌 Meet the artist I'm Hana — I find endless wonder in nature's small details: a single stem, the curve of a wing, the patience of growing things. I paint them simply, in ink and light, so the beauty speaks for itself. Each piece is a quiet love letter to the natural world. It would mean so much to know it now brings a little calm into your space. Thank you for welcoming my art into your home. © Original design by Hana / MiniCanvasArt. All rights reserved.",https://canvasminiart.site/p/4527289612.html,https://i.etsystatic.com/65245102/r/il/9adff1/8221403449/il_fullxfull.8221403449_jmih.jpg,144.99 USD,in stock,new,MiniCanvasArt,"Home & Garden > Decor > Artwork > Posters, Prints, & Visual Artwork",Framed Art Prints
4527280691,Close Stalks | Framed Bamboo Sumi-e Ink Art | Black & White Ink,"Close Stalks — a bamboo sumi-e ink art print in serene black & white ink. Museum-quality matte poster that brings calm, minimalist beauty to any wall. Printed and shipped for you; available framed or unframed in multiple sizes. 🖌 Meet the artist I'm Hana — I find endless wonder in nature's small details: a single stem, the curve of a wing, the patience of growing things. I paint them simply, in ink and light, so the beauty speaks for itself. Each piece is a quiet love letter to the natural world. It would mean so much to know it now brings a little calm into your space. Thank you for welcoming my art into your home. © Original design by Hana / MiniCanvasArt. All rights reserved.",https://canvasminiart.site/p/4527280691.html,https://i.etsystatic.com/65245102/r/il/8db623/8173472976/il_fullxfull.8173472976_9m20.jpg,144.99 USD,in stock,new,MiniCanvasArt,"Home & Garden > Decor > Artwork > Posters, Prints, & Visual Artwork",Framed Art Prints
4527289506,Sun Moon Ink Art Print | Black White Celestial Wall Art (Framed),"Sun Moon — a celestial moon ink art print in serene black & white ink. Museum-quality matte poster that brings calm, minimalist beauty to any wall. Printed and shipped for you; available framed or unframed in multiple sizes. 🖌 Meet the artist I'm Hana — I find endless wonder in nature's small details: a single stem, the curve of a wing, the patience of growing things. I paint them simply, in ink and light, so the beauty speaks for itself. Each piece is a quiet love letter to the natural world. It would mean so much to know it now brings a little calm into your space. Thank you for welcoming my art into your home. © Original design by Hana / MiniCanvasArt. All rights reserved.",https://canvasminiart.site/p/4527289506.html,https://i.etsystatic.com/65245102/r/il/e4cb8c/8173472710/il_fullxfull.8173472710_84p6.jpg,144.99 USD,in stock,new,MiniCanvasArt,"Home & Garden > Decor > Artwork > Posters, Prints, & Visual Artwork",Framed Art Prints
4527280627,Shooting Star | Framed Celestial Moon Ink Art | Black & White Ink,"Shooting Star — a celestial moon ink art print in serene black & white ink. Museum-quality matte poster that brings calm, minimalist beauty to any wall. Printed and shipped for you; available framed or unframed in multiple sizes. 🖌 Meet the artist I'm Hana — I find endless wonder in nature's small details: a single stem, the curve of a wing, the patience of growing things. I paint them simply, in ink and light, so the beauty speaks for itself. Each piece is a quiet love letter to the natural world. It would mean so much to know it now brings a little calm into your space. Thank you for welcoming my art into your home. © Original design by Hana / MiniCanvasArt. All rights reserved.",https://canvasminiart.site/p/4527280627.html,https://i.etsystatic.com/65245102/r/il/61dae2/8173472352/il_fullxfull.8173472352_pwwj.jpg,144.99 USD,in stock,new,MiniCanvasArt,"Home & Garden > Decor > Artwork > Posters, Prints, & Visual Artwork",Framed Art Prints
4527280575,Planets Align | Framed Celestial Moon Ink Art | Black & White Ink,"Planets Align — a celestial moon ink art print in serene black & white ink. Museum-quality matte poster that brings calm, minimalist beauty to any wall. Printed and shipped for you; available framed or unframed in multiple sizes. 🖌 Meet the artist I'm Hana — I find endless wonder in nature's small details: a single stem, the curve of a wing, the patience of growing things. I paint them simply, in ink and light, so the beauty speaks for itself. Each piece is a quiet love letter to the natural world. It would mean so much to know it now brings a little calm into your space. Thank you for welcoming my art into your home. © Original design by Hana / MiniCanvasArt. All rights reserved.",https://canvasminiart.site/p/4527280575.html,https://i.etsystatic.com/65245102/r/il/a6f3a3/8221401895/il_fullxfull.8221401895_31vl.jpg,144.99 USD,in stock,new,MiniCanvasArt,"Home & Garden > Decor > Artwork > Posters, Prints, & Visual Artwork",Framed Art Prints
4527289390,Moon Phases Ink Art Print | Celestial Black & White Wall Decor,"Moon Phases — a celestial moon ink art print in serene black & white ink. Museum-quality matte poster that brings calm, minimalist beauty to any wall. Printed and shipped for you; available framed or unframed in multiple sizes. 🖌 Meet the artist I'm Hana — I find endless wonder in nature's small details: a single stem, the curve of a wing, the patience of growing things. I paint them simply, in ink and light, so the beauty speaks for itself. Each piece is a quiet love letter to the natural world. It would mean so much to know it now brings a little calm into your space. Thank you for welcoming my art into your home. © Original design by Hana / MiniCanvasArt. All rights reserved.",https://canvasminiart.site/p/4527289390.html,https://i.etsystatic.com/65245102/r/il/5f820b/8221401569/il_fullxfull.8221401569_nfqv.jpg,144.99 USD,in stock,new,MiniCanvasArt,"Home & Garden > Decor > Artwork > Posters, Prints, & Visual Artwork",Framed Art Prints
4527280501,Moon Circle | Framed Celestial Moon Ink Art | Black & White Ink,"Moon Circle — a celestial moon ink art print in serene black & white ink. Museum-quality matte poster that brings calm, minimalist beauty to any wall. Printed and shipped for you; available framed or unframed in multiple sizes. 🖌 Meet the artist I'm Hana — I find endless wonder in nature's small details: a single stem, the curve of a wing, the patience of growing things. I paint them simply, in ink and light, so the beauty speaks for itself. Each piece is a quiet love letter to the natural world. It would mean so much to know it now brings a little calm into your space. Thank you for welcoming my art into your home. © Original design by Hana / MiniCanvasArt. All rights reserved.",https://canvasminiart.site/p/4527280501.html,https://i.etsystatic.com/65245102/r/il/18e154/8173471292/il_fullxfull.8173471292_53by.jpg,144.99 USD,in stock,new,MiniCanvasArt,"Home & Garden > Decor > Artwork > Posters, Prints, & Visual Artwork",Framed Art Prints
4527280443,Galaxy Spiral | Framed Celestial Moon Ink Art | Black & White Ink,"Galaxy Spiral — a celestial moon ink art print in serene black & white ink. Museum-quality matte poster that brings calm, minimalist beauty to any wall. Printed and shipped for you; available framed or unframed in multiple sizes. 🖌 Meet the artist I'm Hana — I find endless wonder in nature's small details: a single stem, the curve of a wing, the patience of growing things. I paint them simply, in ink and light, so the beauty speaks for itself. Each piece is a quiet love letter to the natural world. It would mean so much to know it now brings a little calm into your space. Thank you for welcoming my art into your home. © Original design by Hana / MiniCanvasArt. All rights reserved.",https://canvasminiart.site/p/4527280443.html,https://i.etsystatic.com/65245102/r/il/153a8d/8221400745/il_fullxfull.8221400745_mvhs.jpg,144.99 USD,in stock,new,MiniCanvasArt,"Home & Garden > Decor > Artwork > Posters, Prints, & Visual Artwork",Framed Art Prints
4527289230,Framed Full Moon Ink Art Print | Black White Celestial Wall Decor,"Full Moon — a celestial moon ink art print in serene black & white ink. Museum-quality matte poster that brings calm, minimalist beauty to any wall. Printed and shipped for you; available framed or unframed in multiple sizes. 🖌 Meet the artist I'm Hana — I find endless wonder in nature's small details: a single stem, the curve of a wing, the patience of growing things. I paint them simply, in ink and light, so the beauty speaks for itself. Each piece is a quiet love letter to the natural world. It would mean so much to know it now brings a little calm into your space. Thank you for welcoming my art into your home. © Original design by Hana / MiniCanvasArt. All rights reserved.",https://canvasminiart.site/p/4527289230.html,https://i.etsystatic.com/65245102/r/il/790a6b/8173470314/il_fullxfull.8173470314_a1cl.jpg,144.99 USD,in stock,new,MiniCanvasArt,"Home & Garden > Decor > Artwork > Posters, Prints, & Visual Artwork",Framed Art Prints
4527289194,Eclipse | Framed Celestial Moon Ink Art | Black & White Ink,"Eclipse — a celestial moon ink art print in serene black & white ink. Museum-quality matte poster that brings calm, minimalist beauty to any wall. Printed and shipped for you; available framed or unframed in multiple sizes. 🖌 Meet the artist I'm Hana — I find endless wonder in nature's small details: a single stem, the curve of a wing, the patience of growing things. I paint them simply, in ink and light, so the beauty speaks for itself. Each piece is a quiet love letter to the natural world. It would mean so much to know it now brings a little calm into your space. Thank you for welcoming my art into your home. © Original design by Hana / MiniCanvasArt. All rights reserved.",https://canvasminiart.site/p/4527289194.html,https://i.etsystatic.com/65245102/r/il/7dc0db/8221399767/il_fullxfull.8221399767_4i9s.jpg,144.99 USD,in stock,new,MiniCanvasArt,"Home & Garden > Decor > Artwork > Posters, Prints, & Visual Artwork",Framed Art Prints
4527289150,Crescent Stars | Framed Celestial Moon Ink Art | Black & White Ink,"Crescent Stars — a celestial moon ink art print in serene black & white ink. Museum-quality matte poster that brings calm, minimalist beauty to any wall. Printed and shipped for you; available framed or unframed in multiple sizes. 🖌 Meet the artist I'm Hana — I find endless wonder in nature's small details: a single stem, the curve of a wing, the patience of growing things. I paint them simply, in ink and light, so the beauty speaks for itself. Each piece is a quiet love letter to the natural world. It would mean so much to know it now brings a little calm into your space. Thank you for welcoming my art into your home. © Original design by Hana / MiniCanvasArt. All rights reserved.",https://canvasminiart.site/p/4527289150.html,https://i.etsystatic.com/65245102/r/il/0580d7/8173469424/il_fullxfull.8173469424_brva.jpg,144.99 USD,in stock,new,MiniCanvasArt,"Home & Garden > Decor > Artwork > Posters, Prints, & Visual Artwork",Framed Art Prints
4527280177,Constellation | Framed Celestial Moon Ink Art | Black & White Ink,"Constellation — a celestial moon ink art print in serene black & white ink. Museum-quality matte poster that brings calm, minimalist beauty to any wall. Printed and shipped for you; available framed or unframed in multiple sizes. 🖌 Meet the artist I'm Hana — I find endless wonder in nature's small details: a single stem, the curve of a wing, the patience of growing things. I paint them simply, in ink and light, so the beauty speaks for itself. Each piece is a quiet love letter to the natural world. It would mean so much to know it now brings a little calm into your space. Thank you for welcoming my art into your home. © Original design by Hana / MiniCanvasArt. All rights reserved.",https://canvasminiart.site/p/4527280177.html,https://i.etsystatic.com/65245102/r/il/031559/8221398779/il_fullxfull.8221398779_r6pe.jpg,144.99 USD,in stock,new,MiniCanvasArt,"Home & Garden > Decor > Artwork > Posters, Prints, & Visual Artwork",Framed Art Prints
4527288968,Eclipse Moon Ink Art Print | Celestial Black White Wall Poster,"Eclipse — a celestial moon ink art print in serene black & white ink. Museum-quality matte poster that brings calm, minimalist beauty to any wall. Printed and shipped for you; available framed or unframed in multiple sizes. 🖌 Meet the artist I'm Hana — I find endless wonder in nature's small details: a single stem, the curve of a wing, the patience of growing things. I paint them simply, in ink and light, so the beauty speaks for itself. Each piece is a quiet love letter to the natural world. It would mean so much to know it now brings a little calm into your space. Thank you for welcoming my art into your home. © Original design by Hana / MiniCanvasArt. All rights reserved.",https://canvasminiart.site/p/4527288968.html,https://i.etsystatic.com/65245102/r/il/c252d1/8221397761/il_fullxfull.8221397761_twgj.jpg,39.99 USD,in stock,new,MiniCanvasArt,"Home & Garden > Decor > Artwork > Posters, Prints, & Visual Artwork",Celestial & Moon
4527288896,Bamboo Sumi-e Ink Art Print | Minimalist Black White Wall Art Poster,"Wind — a bamboo sumi-e ink art print in serene black & white ink. Museum-quality matte poster that brings calm, minimalist beauty to any wall. Printed and shipped for you; available framed or unframed in multiple sizes. 🖌 Meet the artist I'm Hana — I find endless wonder in nature's small details: a single stem, the curve of a wing, the patience of growing things. I paint them simply, in ink and light, so the beauty speaks for itself. Each piece is a quiet love letter to the natural world. It would mean so much to know it now brings a little calm into your space. Thank you for welcoming my art into your home. © Original design by Hana / MiniCanvasArt. All rights reserved.",https://canvasminiart.site/p/4527288896.html,https://i.etsystatic.com/65245102/r/il/bafd92/8221397203/il_fullxfull.8221397203_hfcq.jpg,39.99 USD,in stock,new,MiniCanvasArt,"Home & Garden > Decor > Artwork > Posters, Prints, & Visual Artwork",Florals & Botanical
4527288834,Sparrow Bamboo Sumi-e Ink Art Print | Minimalist Black White Wall Art (Poster),"Sparrow — a bamboo sumi-e ink art print in serene black & white ink. Museum-quality matte poster that brings calm, minimalist beauty to any wall. Printed and shipped for you; available framed or unframed in multiple sizes. 🖌 Meet the artist I'm Hana — I find endless wonder in nature's small details: a single stem, the curve of a wing, the patience of growing things. I paint them simply, in ink and light, so the beauty speaks for itself. Each piece is a quiet love letter to the natural world. It would mean so much to know it now brings a little calm into your space. Thank you for welcoming my art into your home. © Original design by Hana / MiniCanvasArt. All rights reserved.",https://canvasminiart.site/p/4527288834.html,https://i.etsystatic.com/65245102/r/il/0304d4/8221396671/il_fullxfull.8221396671_m3vq.jpg,39.99 USD,in stock,new,MiniCanvasArt,"Home & Garden > Decor > Artwork > Posters, Prints, & Visual Artwork",Koi & Animals
4527279839,Bamboo Path Sumi-e Ink Art Print | Minimalist Black White Wall Poster,"Path — a bamboo sumi-e ink art print in serene black & white ink. Museum-quality matte poster that brings calm, minimalist beauty to any wall. Printed and shipped for you; available framed or unframed in multiple sizes. 🖌 Meet the artist I'm Hana — I find endless wonder in nature's small details: a single stem, the curve of a wing, the patience of growing things. I paint them simply, in ink and light, so the beauty speaks for itself. Each piece is a quiet love letter to the natural world. It would mean so much to know it now brings a little calm into your space. Thank you for welcoming my art into your home. © Original design by Hana / MiniCanvasArt. All rights reserved.",https://canvasminiart.site/p/4527279839.html,https://i.etsystatic.com/65245102/r/il/8a684d/8173466526/il_fullxfull.8173466526_1cz2.jpg,39.99 USD,in stock,new,MiniCanvasArt,"Home & Garden > Decor > Artwork > Posters, Prints, & Visual Artwork",Florals & Botanical
4527279791,Panda Bamboo Sumi-e Ink Art Print | Minimalist Black White Wall Poster,"Panda — a bamboo sumi-e ink art print in serene black & white ink. Museum-quality matte poster that brings calm, minimalist beauty to any wall. Printed and shipped for you; available framed or unframed in multiple sizes. 🖌 Meet the artist I'm Hana — I find endless wonder in nature's small details: a single stem, the curve of a wing, the patience of growing things. I paint them simply, in ink and light, so the beauty speaks for itself. Each piece is a quiet love letter to the natural world. It would mean so much to know it now brings a little calm into your space. Thank you for welcoming my art into your home. © Original design by Hana / MiniCanvasArt. All rights reserved.",https://canvasminiart.site/p/4527279791.html,https://i.etsystatic.com/65245102/r/il/672bff/8221396025/il_fullxfull.8221396025_9q0v.jpg,39.99 USD,in stock,new,MiniCanvasArt,"Home & Garden > Decor > Artwork > Posters, Prints, & Visual Artwork",Florals & Botanical
4527279747,Bamboo Moon Ink Art Print | Serene Black White Wall Poster,"Moon — a bamboo sumi-e ink art print in serene black & white ink. Museum-quality matte poster that brings calm, minimalist beauty to any wall. Printed and shipped for you; available framed or unframed in multiple sizes. 🖌 Meet the artist I'm Hana — I find endless wonder in nature's small details: a single stem, the curve of a wing, the patience of growing things. I paint them simply, in ink and light, so the beauty speaks for itself. Each piece is a quiet love letter to the natural world. It would mean so much to know it now brings a little calm into your space. Thank you for welcoming my art into your home. © Original design by Hana / MiniCanvasArt. All rights reserved.",https://canvasminiart.site/p/4527279747.html,https://i.etsystatic.com/65245102/r/il/6acd36/8173465840/il_fullxfull.8173465840_r2e4.jpg,39.99 USD,in stock,new,MiniCanvasArt,"Home & Garden > Decor > Artwork > Posters, Prints, & Visual Artwork",Florals & Botanical
4527279655,Misty Grove Bamboo Sumi-e Ink Art Print | Black White Minimalist Wall Art Poster,"Misty Grove — a bamboo sumi-e ink art print in serene black & white ink. Museum-quality matte poster that brings calm, minimalist beauty to any wall. Printed and shipped for you; available framed or unframed in multiple sizes. 🖌 Meet the artist I'm Hana — I find endless wonder in nature's small details: a single stem, the curve of a wing, the patience of growing things. I paint them simply, in ink and light, so the beauty speaks for itself. Each piece is a quiet love letter to the natural world. It would mean so much to know it now brings a little calm into your space. Thank you for welcoming my art into your home. © Original design by Hana / MiniCanvasArt. All rights reserved.",https://canvasminiart.site/p/4527279655.html,https://i.etsystatic.com/65245102/r/il/ce2a2c/8221395169/il_fullxfull.8221395169_9sul.jpg,39.99 USD,in stock,new,MiniCanvasArt,"Home & Garden > Decor > Artwork > Posters, Prints, & Visual Artwork",Florals & Botanical
4527288520,Minimal | Bamboo Sumi-e Ink Art | Black & White Ink Wall Art | Poster,"Minimal — a bamboo sumi-e ink art print in serene black & white ink. Museum-quality matte poster that brings calm, minimalist beauty to any wall. Printed and shipped for you; available framed or unframed in multiple sizes. 🖌 Meet the artist I'm Hana — I find endless wonder in nature's small details: a single stem, the curve of a wing, the patience of growing things. I paint them simply, in ink and light, so the beauty speaks for itself. Each piece is a quiet love letter to the natural world. It would mean so much to know it now brings a little calm into your space. Thank you for welcoming my art into your home. © Original design by Hana / MiniCanvasArt. All rights reserved.",https://canvasminiart.site/p/4527288520.html,https://i.etsystatic.com/65245102/r/il/9998ae/8221394669/il_fullxfull.8221394669_jvg4.jpg,39.99 USD,in stock,new,MiniCanvasArt,"Home & Garden > Decor > Artwork > Posters, Prints, & Visual Artwork",Florals & Botanical
4527288454,Lantern Path | Bamboo Sumi-e Ink Art | Black & White Ink Wall Art | Poster,"Lantern Path — a bamboo sumi-e ink art print in serene black & white ink. Museum-quality matte poster that brings calm, minimalist beauty to any wall. Printed and shipped for you; available framed or unframed in multiple sizes. 🖌 Meet the artist I'm Hana — I find endless wonder in nature's small details: a single stem, the curve of a wing, the patience of growing things. I paint them simply, in ink and light, so the beauty speaks for itself. Each piece is a quiet love letter to the natural world. It would mean so much to know it now brings a little calm into your space. Thank you for welcoming my art into your home. © Original design by Hana / MiniCanvasArt. All rights reserved.",https://canvasminiart.site/p/4527288454.html,https://i.etsystatic.com/65245102/r/il/c66262/8221394191/il_fullxfull.8221394191_gm46.jpg,39.99 USD,in stock,new,MiniCanvasArt,"Home & Garden > Decor > Artwork > Posters, Prints, & Visual Artwork",Florals & Botanical
4527288396,Grove | Bamboo Sumi-e Ink Art | Black & White Ink Wall Art | Poster,"Grove — a bamboo sumi-e ink art print in serene black & white ink. Museum-quality matte poster that brings calm, minimalist beauty to any wall. Printed and shipped for you; available framed or unframed in multiple sizes. 🖌 Meet the artist I'm Hana — I find endless wonder in nature's small details: a single stem, the curve of a wing, the patience of growing things. I paint them simply, in ink and light, so the beauty speaks for itself. Each piece is a quiet love letter to the natural world. It would mean so much to know it now brings a little calm into your space. Thank you for welcoming my art into your home. © Original design by Hana / MiniCanvasArt. All rights reserved.",https://canvasminiart.site/p/4527288396.html,https://i.etsystatic.com/65245102/r/il/0ae079/8173464014/il_fullxfull.8173464014_k5ld.jpg,39.99 USD,in stock,new,MiniCanvasArt,"Home & Garden > Decor > Artwork > Posters, Prints, & Visual Artwork",Florals & Botanical
4527279415,Close Stalks Bamboo Sumi-e Ink Art Print | Minimalist Black White Wall Poster,"Close Stalks — a bamboo sumi-e ink art print in serene black & white ink. Museum-quality matte poster that brings calm, minimalist beauty to any wall. Printed and shipped for you; available framed or unframed in multiple sizes. 🖌 Meet the artist I'm Hana — I find endless wonder in nature's small details: a single stem, the curve of a wing, the patience of growing things. I paint them simply, in ink and light, so the beauty speaks for itself. Each piece is a quiet love letter to the natural world. It would mean so much to know it now brings a little calm into your space. Thank you for welcoming my art into your home. © Original design by Hana / MiniCanvasArt. All rights reserved.",https://canvasminiart.site/p/4527279415.html,https://i.etsystatic.com/65245102/r/il/07aa25/8221393255/il_fullxfull.8221393255_pdb6.jpg,39.99 USD,in stock,new,MiniCanvasArt,"Home & Garden > Decor > Artwork > Posters, Prints, & Visual Artwork",Florals & Botanical
4527279363,Moon Circle | Celestial Moon Ink Art | Black & White Ink Wall Art | Poster,"Moon Circle — a celestial moon ink art print in serene black & white ink. Museum-quality matte poster that brings calm, minimalist beauty to any wall. Printed and shipped for you; available framed or unframed in multiple sizes. 🖌 Meet the artist I'm Hana — I find endless wonder in nature's small details: a single stem, the curve of a wing, the patience of growing things. I paint them simply, in ink and light, so the beauty speaks for itself. Each piece is a quiet love letter to the natural world. It would mean so much to know it now brings a little calm into your space. Thank you for welcoming my art into your home. © Original design by Hana / MiniCanvasArt. All rights reserved.",https://canvasminiart.site/p/4527279363.html,https://i.etsystatic.com/65245102/r/il/4e73f0/8173462998/il_fullxfull.8173462998_kt42.jpg,39.99 USD,in stock,new,MiniCanvasArt,"Home & Garden > Decor > Artwork > Posters, Prints, & Visual Artwork",Celestial & Moon
4527288192,Galaxy Spiral | Celestial Moon Ink Art | Black & White Ink Wall Art | Poster,"Galaxy Spiral — a celestial moon ink art print in serene black & white ink. Museum-quality matte poster that brings calm, minimalist beauty to any wall. Printed and shipped for you; available framed or unframed in multiple sizes. 🖌 Meet the artist I'm Hana — I find endless wonder in nature's small details: a single stem, the curve of a wing, the patience of growing things. I paint them simply, in ink and light, so the beauty speaks for itself. Each piece is a quiet love letter to the natural world. It would mean so much to know it now brings a little calm into your space. Thank you for welcoming my art into your home. © Original design by Hana / MiniCanvasArt. All rights reserved.",https://canvasminiart.site/p/4527288192.html,https://i.etsystatic.com/65245102/r/il/de61f5/8173462456/il_fullxfull.8173462456_h0fw.jpg,39.99 USD,in stock,new,MiniCanvasArt,"Home & Garden > Decor > Artwork > Posters, Prints, & Visual Artwork",Celestial & Moon
4527279233,Full Moon Ink Art Print | Celestial Black White Wall Poster,"Full Moon — a celestial moon ink art print in serene black & white ink. Museum-quality matte poster that brings calm, minimalist beauty to any wall. Printed and shipped for you; available framed or unframed in multiple sizes. 🖌 Meet the artist I'm Hana — I find endless wonder in nature's small details: a single stem, the curve of a wing, the patience of growing things. I paint them simply, in ink and light, so the beauty speaks for itself. Each piece is a quiet love letter to the natural world. It would mean so much to know it now brings a little calm into your space. Thank you for welcoming my art into your home. © Original design by Hana / MiniCanvasArt. All rights reserved.",https://canvasminiart.site/p/4527279233.html,https://i.etsystatic.com/65245102/r/il/2f4f1a/8221391917/il_fullxfull.8221391917_c2s3.jpg,39.99 USD,in stock,new,MiniCanvasArt,"Home & Garden > Decor > Artwork > Posters, Prints, & Visual Artwork",Celestial & Moon
4527279163,Celestial Moon Ink Art Print | Black & White Minimalist Wall Art Poster,"Crescent Stars — a celestial moon ink art print in serene black & white ink. Museum-quality matte poster that brings calm, minimalist beauty to any wall. Printed and shipped for you; available framed or unframed in multiple sizes. 🖌 Meet the artist I'm Hana — I find endless wonder in nature's small details: a single stem, the curve of a wing, the patience of growing things. I paint them simply, in ink and light, so the beauty speaks for itself. Each piece is a quiet love letter to the natural world. It would mean so much to know it now brings a little calm into your space. Thank you for welcoming my art into your home. © Original design by Hana / MiniCanvasArt. All rights reserved.",https://canvasminiart.site/p/4527279163.html,https://i.etsystatic.com/65245102/r/il/afb58b/8173461618/il_fullxfull.8173461618_kvz6.jpg,39.99 USD,in stock,new,MiniCanvasArt,"Home & Garden > Decor > Artwork > Posters, Prints, & Visual Artwork",Celestial & Moon
4527287992,Constellation | Celestial Moon Ink Art | Black & White Ink Wall Art | Poster,"Constellation — a celestial moon ink art print in serene black & white ink. Museum-quality matte poster that brings calm, minimalist beauty to any wall. Printed and shipped for you; available framed or unframed in multiple sizes. 🖌 Meet the artist I'm Hana — I find endless wonder in nature's small details: a single stem, the curve of a wing, the patience of growing things. I paint them simply, in ink and light, so the beauty speaks for itself. Each piece is a quiet love letter to the natural world. It would mean so much to know it now brings a little calm into your space. Thank you for welcoming my art into your home. © Original design by Hana / MiniCanvasArt. All rights reserved.",https://canvasminiart.site/p/4527287992.html,https://i.etsystatic.com/65245102/r/il/b00ca9/8173460810/il_fullxfull.8173460810_jvad.jpg,39.99 USD,in stock,new,MiniCanvasArt,"Home & Garden > Decor > Artwork > Posters, Prints, & Visual Artwork",Celestial & Moon
4527267067,Sun Moon Celestial Ink Art Print | Black White Minimalist Wall Poster,"Sun Moon — a celestial moon ink art print in serene black & white ink. Museum-quality matte poster that brings calm, minimalist beauty to any wall. Printed and shipped for you; available framed or unframed in multiple sizes. 🖌 Meet the artist I'm Hana — I find endless wonder in nature's small details: a single stem, the curve of a wing, the patience of growing things. I paint them simply, in ink and light, so the beauty speaks for itself. Each piece is a quiet love letter to the natural world. It would mean so much to know it now brings a little calm into your space. Thank you for welcoming my art into your home. © Original design by Hana / MiniCanvasArt. All rights reserved.",https://canvasminiart.site/p/4527267067.html,https://i.etsystatic.com/65245102/r/il/7a299a/8173372520/il_fullxfull.8173372520_kbvi.jpg,39.99 USD,in stock,new,MiniCanvasArt,"Home & Garden > Decor > Artwork > Posters, Prints, & Visual Artwork",Celestial & Moon
4527266981,"Shooting Star Ink Art Print | Celestial Moon Wall Art, Black White Poster","Shooting Star — a celestial moon ink art print in serene black & white ink. Museum-quality matte poster that brings calm, minimalist beauty to any wall. Printed and shipped for you; available framed or unframed in multiple sizes. 🖌 Meet the artist I'm Hana — I find endless wonder in nature's small details: a single stem, the curve of a wing, the patience of growing things. I paint them simply, in ink and light, so the beauty speaks for itself. Each piece is a quiet love letter to the natural world. It would mean so much to know it now brings a little calm into your space. Thank you for welcoming my art into your home. © Original design by Hana / MiniCanvasArt. All rights reserved.",https://canvasminiart.site/p/4527266981.html,https://i.etsystatic.com/65245102/r/il/7664f0/8221302445/il_fullxfull.8221302445_ta6e.jpg,39.99 USD,in stock,new,MiniCanvasArt,"Home & Garden > Decor > Artwork > Posters, Prints, & Visual Artwork",Celestial & Moon
4527266705,Planets Align | Celestial Moon Ink Art | Black & White Ink Wall Art | Poster,"Planets Align — a celestial moon ink art print in serene black & white ink. Museum-quality matte poster that brings calm, minimalist beauty to any wall. Printed and shipped for you; available framed or unframed in multiple sizes. 🖌 Meet the artist I'm Hana — I find endless wonder in nature's small details: a single stem, the curve of a wing, the patience of growing things. I paint them simply, in ink and light, so the beauty speaks for itself. Each piece is a quiet love letter to the natural world. It would mean so much to know it now brings a little calm into your space. Thank you for welcoming my art into your home. © Original design by Hana / MiniCanvasArt. All rights reserved.",https://canvasminiart.site/p/4527266705.html,https://i.etsystatic.com/65245102/r/il/e64d0e/8221300335/il_fullxfull.8221300335_128l.jpg,39.99 USD,in stock,new,MiniCanvasArt,"Home & Garden > Decor > Artwork > Posters, Prints, & Visual Artwork",Celestial & Moon
4527266613,Moon Phases Ink Art Print | Celestial Black White Wall Poster,"Moon Phases — a celestial moon ink art print in serene black & white ink. Museum-quality matte poster that brings calm, minimalist beauty to any wall. Printed and shipped for you; available framed or unframed in multiple sizes. 🖌 Meet the artist I'm Hana — I find endless wonder in nature's small details: a single stem, the curve of a wing, the patience of growing things. I paint them simply, in ink and light, so the beauty speaks for itself. Each piece is a quiet love letter to the natural world. It would mean so much to know it now brings a little calm into your space. Thank you for welcoming my art into your home. © Original design by Hana / MiniCanvasArt. All rights reserved.",https://canvasminiart.site/p/4527266613.html,https://i.etsystatic.com/65245102/r/il/be1c9b/8173369178/il_fullxfull.8173369178_l4d3.jpg,39.99 USD,in stock,new,MiniCanvasArt,"Home & Garden > Decor > Artwork > Posters, Prints, & Visual Artwork",Celestial & Moon
4527255919,Set | Framed Tea Ceremony Ink Art | Black & White Ink,"Set — a tea ceremony ink art print in serene black & white ink. Museum-quality matte poster that brings calm, minimalist beauty to any wall. Printed and shipped for you; available framed or unframed in multiple sizes. 🖌 Meet the artist I'm Hana — an artist who fell in love with the quiet power of Japanese ink. I'm drawn to misty mountains, a single confident brushstroke, and the calm that lives in empty space. For me every piece is a small world of feeling, painted in silence. Nothing makes me happier than imagining it on your wall, bringing a moment of stillness to your day. Thank you for letting my art into your home. © Original design by Hana / MiniCanvasArt. All rights reserved.",https://canvasminiart.site/p/4527255919.html,https://i.etsystatic.com/65245102/r/il/f4310f/8173291118/il_fullxfull.8173291118_lpn5.jpg,144.99 USD,in stock,new,MiniCanvasArt,"Home & Garden > Decor > Artwork > Posters, Prints, & Visual Artwork",Framed Art Prints
4527255881,Minimal | Framed Tea Ceremony Ink Art | Black & White Ink,"Minimal — a tea ceremony ink art print in serene black & white ink. Museum-quality matte poster that brings calm, minimalist beauty to any wall. Printed and shipped for you; available framed or unframed in multiple sizes. 🖌 Meet the artist I'm Hana — an artist who fell in love with the quiet power of Japanese ink. I'm drawn to misty mountains, a single confident brushstroke, and the calm that lives in empty space. For me every piece is a small world of feeling, painted in silence. Nothing makes me happier than imagining it on your wall, bringing a moment of stillness to your day. Thank you for letting my art into your home. © Original design by Hana / MiniCanvasArt. All rights reserved.",https://canvasminiart.site/p/4527255881.html,https://i.etsystatic.com/65245102/r/il/5cdbad/8173290786/il_fullxfull.8173290786_n0qi.jpg,144.99 USD,in stock,new,MiniCanvasArt,"Home & Garden > Decor > Artwork > Posters, Prints, & Visual Artwork",Framed Art Prints
4527264912,Matcha Bowl | Framed Tea Ceremony Ink Art | Black & White Ink,"Matcha Bowl — a tea ceremony ink art print in serene black & white ink. Museum-quality matte poster that brings calm, minimalist beauty to any wall. Printed and shipped for you; available framed or unframed in multiple sizes. 🖌 Meet the artist I'm Hana — an artist who fell in love with the quiet power of Japanese ink. I'm drawn to misty mountains, a single confident brushstroke, and the calm that lives in empty space. For me every piece is a small world of feeling, painted in silence. Nothing makes me happier than imagining it on your wall, bringing a moment of stillness to your day. Thank you for letting my art into your home. © Original design by Hana / MiniCanvasArt. All rights reserved.",https://canvasminiart.site/p/4527264912.html,https://i.etsystatic.com/65245102/r/il/36f61a/8173290244/il_fullxfull.8173290244_ko6e.jpg,144.99 USD,in stock,new,MiniCanvasArt,"Home & Garden > Decor > Artwork > Posters, Prints, & Visual Artwork",Framed Art Prints
4527264860,Ceremony Scene | Framed Tea Ceremony Ink Art | Black & White Ink,"Ceremony Scene — a tea ceremony ink art print in serene black & white ink. Museum-quality matte poster that brings calm, minimalist beauty to any wall. Printed and shipped for you; available framed or unframed in multiple sizes. 🖌 Meet the artist I'm Hana — an artist who fell in love with the quiet power of Japanese ink. I'm drawn to misty mountains, a single confident brushstroke, and the calm that lives in empty space. For me every piece is a small world of feeling, painted in silence. Nothing makes me happier than imagining it on your wall, bringing a moment of stillness to your day. Thank you for letting my art into your home. © Original design by Hana / MiniCanvasArt. All rights reserved.",https://canvasminiart.site/p/4527264860.html,https://i.etsystatic.com/65245102/r/il/203cb4/8173289854/il_fullxfull.8173289854_grqi.jpg,144.99 USD,in stock,new,MiniCanvasArt,"Home & Garden > Decor > Artwork > Posters, Prints, & Visual Artwork",Framed Art Prints
4527255637,Whisk | Framed Tea Ceremony Ink Art | Black & White Ink,"Whisk — a tea ceremony ink art print in serene black & white ink. Museum-quality matte poster that brings calm, minimalist beauty to any wall. Printed and shipped for you; available framed or unframed in multiple sizes. 🖌 Meet the artist I'm Hana — an artist who fell in love with the quiet power of Japanese ink. I'm drawn to misty mountains, a single confident brushstroke, and the calm that lives in empty space. For me every piece is a small world of feeling, painted in silence. Nothing makes me happier than imagining it on your wall, bringing a moment of stillness to your day. Thank you for letting my art into your home. © Original design by Hana / MiniCanvasArt. All rights reserved.",https://canvasminiart.site/p/4527255637.html,https://i.etsystatic.com/65245102/r/il/d4a2ae/8173288534/il_fullxfull.8173288534_4m9u.jpg,144.99 USD,in stock,new,MiniCanvasArt,"Home & Garden > Decor > Artwork > Posters, Prints, & Visual Artwork",Framed Art Prints
4527264666,Tray | Framed Tea Ceremony Ink Art | Black & White Ink,"Tray — a tea ceremony ink art print in serene black & white ink. Museum-quality matte poster that brings calm, minimalist beauty to any wall. Printed and shipped for you; available framed or unframed in multiple sizes. 🖌 Meet the artist I'm Hana — an artist who fell in love with the quiet power of Japanese ink. I'm drawn to misty mountains, a single confident brushstroke, and the calm that lives in empty space. For me every piece is a small world of feeling, painted in silence. Nothing makes me happier than imagining it on your wall, bringing a moment of stillness to your day. Thank you for letting my art into your home. © Original design by Hana / MiniCanvasArt. All rights reserved.",https://canvasminiart.site/p/4527264666.html,https://i.etsystatic.com/65245102/r/il/0c43fc/8221219213/il_fullxfull.8221219213_jdsr.jpg,144.99 USD,in stock,new,MiniCanvasArt,"Home & Garden > Decor > Artwork > Posters, Prints, & Visual Artwork",Framed Art Prints
4527264618,Still Life | Framed Tea Ceremony Ink Art | Black & White Ink,"Still Life — a tea ceremony ink art print in serene black & white ink. Museum-quality matte poster that brings calm, minimalist beauty to any wall. Printed and shipped for you; available framed or unframed in multiple sizes. 🖌 Meet the artist I'm Hana — an artist who fell in love with the quiet power of Japanese ink. I'm drawn to misty mountains, a single confident brushstroke, and the calm that lives in empty space. For me every piece is a small world of feeling, painted in silence. Nothing makes me happier than imagining it on your wall, bringing a moment of stillness to your day. Thank you for letting my art into your home. © Original design by Hana / MiniCanvasArt. All rights reserved.",https://canvasminiart.site/p/4527264618.html,https://i.etsystatic.com/65245102/r/il/74f82d/8221218875/il_fullxfull.8221218875_66s9.jpg,144.99 USD,in stock,new,MiniCanvasArt,"Home & Garden > Decor > Artwork > Posters, Prints, & Visual Artwork",Framed Art Prints
4527255487,Pour | Framed Tea Ceremony Ink Art | Black & White Ink,"Pour — a tea ceremony ink art print in serene black & white ink. Museum-quality matte poster that brings calm, minimalist beauty to any wall. Printed and shipped for you; available framed or unframed in multiple sizes. 🖌 Meet the artist I'm Hana — an artist who fell in love with the quiet power of Japanese ink. I'm drawn to misty mountains, a single confident brushstroke, and the calm that lives in empty space. For me every piece is a small world of feeling, painted in silence. Nothing makes me happier than imagining it on your wall, bringing a moment of stillness to your day. Thank you for letting my art into your home. © Original design by Hana / MiniCanvasArt. All rights reserved.",https://canvasminiart.site/p/4527255487.html,https://i.etsystatic.com/65245102/r/il/f725ed/8221218485/il_fullxfull.8221218485_mkdl.jpg,144.99 USD,in stock,new,MiniCanvasArt,"Home & Garden > Decor > Artwork > Posters, Prints, & Visual Artwork",Framed Art Prints
4527255435,Kettle | Framed Tea Ceremony Ink Art | Black & White Ink,"Kettle — a tea ceremony ink art print in serene black & white ink. Museum-quality matte poster that brings calm, minimalist beauty to any wall. Printed and shipped for you; available framed or unframed in multiple sizes. 🖌 Meet the artist I'm Hana — an artist who fell in love with the quiet power of Japanese ink. I'm drawn to misty mountains, a single confident brushstroke, and the calm that lives in empty space. For me every piece is a small world of feeling, painted in silence. Nothing makes me happier than imagining it on your wall, bringing a moment of stillness to your day. Thank you for letting my art into your home. © Original design by Hana / MiniCanvasArt. All rights reserved.",https://canvasminiart.site/p/4527255435.html,https://i.etsystatic.com/65245102/r/il/2a5306/8221218095/il_fullxfull.8221218095_f47t.jpg,144.99 USD,in stock,new,MiniCanvasArt,"Home & Garden > Decor > Artwork > Posters, Prints, & Visual Artwork",Framed Art Prints
4527255371,Cup Steam | Framed Tea Ceremony Ink Art | Black & White Ink,"Cup Steam — a tea ceremony ink art print in serene black & white ink. Museum-quality matte poster that brings calm, minimalist beauty to any wall. Printed and shipped for you; available framed or unframed in multiple sizes. 🖌 Meet the artist I'm Hana — an artist who fell in love with the quiet power of Japanese ink. I'm drawn to misty mountains, a single confident brushstroke, and the calm that lives in empty space. For me every piece is a small world of feeling, painted in silence. Nothing makes me happier than imagining it on your wall, bringing a moment of stillness to your day. Thank you for letting my art into your home. © Original design by Hana / MiniCanvasArt. All rights reserved.",https://canvasminiart.site/p/4527255371.html,https://i.etsystatic.com/65245102/r/il/57f5ca/8221217271/il_fullxfull.8221217271_3fby.jpg,144.99 USD,in stock,new,MiniCanvasArt,"Home & Garden > Decor > Artwork > Posters, Prints, & Visual Artwork",Framed Art Prints
4527264260,Tea Ceremony Whisk Ink Art Print | Minimalist Japanese Wall Art Poster,"Whisk — a tea ceremony ink art print in serene black & white ink. Museum-quality matte poster that brings calm, minimalist beauty to any wall. Printed and shipped for you; available framed or unframed in multiple sizes. 🖌 Meet the artist I'm Hana — an artist who fell in love with the quiet power of Japanese ink. I'm drawn to misty mountains, a single confident brushstroke, and the calm that lives in empty space. For me every piece is a small world of feeling, painted in silence. Nothing makes me happier than imagining it on your wall, bringing a moment of stillness to your day. Thank you for letting my art into your home. © Original design by Hana / MiniCanvasArt. All rights reserved.",https://canvasminiart.site/p/4527264260.html,https://i.etsystatic.com/65245102/r/il/9adea4/8221216121/il_fullxfull.8221216121_h04a.jpg,39.99 USD,in stock,new,MiniCanvasArt,"Home & Garden > Decor > Artwork > Posters, Prints, & Visual Artwork",Japanese & Zen
4527255121,Tea Ceremony Ink Art Print | Minimalist Black White Wall Art Poster,"Tray — a tea ceremony ink art print in serene black & white ink. Museum-quality matte poster that brings calm, minimalist beauty to any wall. Printed and shipped for you; available framed or unframed in multiple sizes. 🖌 Meet the artist I'm Hana — an artist who fell in love with the quiet power of Japanese ink. I'm drawn to misty mountains, a single confident brushstroke, and the calm that lives in empty space. For me every piece is a small world of feeling, painted in silence. Nothing makes me happier than imagining it on your wall, bringing a moment of stillness to your day. Thank you for letting my art into your home. © Original design by Hana / MiniCanvasArt. All rights reserved.",https://canvasminiart.site/p/4527255121.html,https://i.etsystatic.com/65245102/r/il/7b4144/8173284686/il_fullxfull.8173284686_6njh.jpg,39.99 USD,in stock,new,MiniCanvasArt,"Home & Garden > Decor > Artwork > Posters, Prints, & Visual Artwork",Japanese & Zen
4527264102,Tea Ceremony Ink Art Print | Black White Still Life Wall Poster,"Still Life — a tea ceremony ink art print in serene black & white ink. Museum-quality matte poster that brings calm, minimalist beauty to any wall. Printed and shipped for you; available framed or unframed in multiple sizes. 🖌 Meet the artist I'm Hana — an artist who fell in love with the quiet power of Japanese ink. I'm drawn to misty mountains, a single confident brushstroke, and the calm that lives in empty space. For me every piece is a small world of feeling, painted in silence. Nothing makes me happier than imagining it on your wall, bringing a moment of stillness to your day. Thank you for letting my art into your home. © Original design by Hana / MiniCanvasArt. All rights reserved.",https://canvasminiart.site/p/4527264102.html,https://i.etsystatic.com/65245102/r/il/8350e9/8221215223/il_fullxfull.8221215223_goib.jpg,39.99 USD,in stock,new,MiniCanvasArt,"Home & Garden > Decor > Artwork > Posters, Prints, & Visual Artwork",Japanese & Zen
4527254979,Tea Ceremony Ink Art Print | Black & White Minimalist Wall Poster,"Set — a tea ceremony ink art print in serene black & white ink. Museum-quality matte poster that brings calm, minimalist beauty to any wall. Printed and shipped for you; available framed or unframed in multiple sizes. 🖌 Meet the artist I'm Hana — an artist who fell in love with the quiet power of Japanese ink. I'm drawn to misty mountains, a single confident brushstroke, and the calm that lives in empty space. For me every piece is a small world of feeling, painted in silence. Nothing makes me happier than imagining it on your wall, bringing a moment of stillness to your day. Thank you for letting my art into your home. © Original design by Hana / MiniCanvasArt. All rights reserved.",https://canvasminiart.site/p/4527254979.html,https://i.etsystatic.com/65245102/r/il/55d831/8173283858/il_fullxfull.8173283858_3xex.jpg,39.99 USD,in stock,new,MiniCanvasArt,"Home & Garden > Decor > Artwork > Posters, Prints, & Visual Artwork",Japanese & Zen
4527263948,Tea Ceremony Ink Art Print | Black White Minimalist Wall Art Poster,"Pour — a tea ceremony ink art print in serene black & white ink. Museum-quality matte poster that brings calm, minimalist beauty to any wall. Printed and shipped for you; available framed or unframed in multiple sizes. 🖌 Meet the artist I'm Hana — an artist who fell in love with the quiet power of Japanese ink. I'm drawn to misty mountains, a single confident brushstroke, and the calm that lives in empty space. For me every piece is a small world of feeling, painted in silence. Nothing makes me happier than imagining it on your wall, bringing a moment of stillness to your day. Thank you for letting my art into your home. © Original design by Hana / MiniCanvasArt. All rights reserved.",https://canvasminiart.site/p/4527263948.html,https://i.etsystatic.com/65245102/r/il/507164/8173283266/il_fullxfull.8173283266_ld9a.jpg,39.99 USD,in stock,new,MiniCanvasArt,"Home & Garden > Decor > Artwork > Posters, Prints, & Visual Artwork",Japanese & Zen
4527263854,Minimalist Tea Ceremony Ink Art Print | Black White Japanese Brushstroke Poster,"Minimal — a tea ceremony ink art print in serene black & white ink. Museum-quality matte poster that brings calm, minimalist beauty to any wall. Printed and shipped for you; available framed or unframed in multiple sizes. 🖌 Meet the artist I'm Hana — an artist who fell in love with the quiet power of Japanese ink. I'm drawn to misty mountains, a single confident brushstroke, and the calm that lives in empty space. For me every piece is a small world of feeling, painted in silence. Nothing makes me happier than imagining it on your wall, bringing a moment of stillness to your day. Thank you for letting my art into your home. © Original design by Hana / MiniCanvasArt. All rights reserved.",https://canvasminiart.site/p/4527263854.html,https://i.etsystatic.com/65245102/r/il/e97a52/8221213783/il_fullxfull.8221213783_gjyx.jpg,39.99 USD,in stock,new,MiniCanvasArt,"Home & Garden > Decor > Artwork > Posters, Prints, & Visual Artwork",Japanese & Zen
4527263786,Matcha Bowl Ink Art Print | Serene Black White Tea Ceremony Poster,"Matcha Bowl — a tea ceremony ink art print in serene black & white ink. Museum-quality matte poster that brings calm, minimalist beauty to any wall. Printed and shipped for you; available framed or unframed in multiple sizes. 🖌 Meet the artist I'm Hana — an artist who fell in love with the quiet power of Japanese ink. I'm drawn to misty mountains, a single confident brushstroke, and the calm that lives in empty space. For me every piece is a small world of feeling, painted in silence. Nothing makes me happier than imagining it on your wall, bringing a moment of stillness to your day. Thank you for letting my art into your home. © Original design by Hana / MiniCanvasArt. All rights reserved.",https://canvasminiart.site/p/4527263786.html,https://i.etsystatic.com/65245102/r/il/e69b0d/8221213293/il_fullxfull.8221213293_mliy.jpg,39.99 USD,in stock,new,MiniCanvasArt,"Home & Garden > Decor > Artwork > Posters, Prints, & Visual Artwork",Koi & Animals
4527263726,Kettle Tea Ceremony Ink Art Print | Minimalist Black White Wall Poster,"Kettle — a tea ceremony ink art print in serene black & white ink. Museum-quality matte poster that brings calm, minimalist beauty to any wall. Printed and shipped for you; available framed or unframed in multiple sizes. 🖌 Meet the artist I'm Hana — an artist who fell in love with the quiet power of Japanese ink. I'm drawn to misty mountains, a single confident brushstroke, and the calm that lives in empty space. For me every piece is a small world of feeling, painted in silence. Nothing makes me happier than imagining it on your wall, bringing a moment of stillness to your day. Thank you for letting my art into your home. © Original design by Hana / MiniCanvasArt. All rights reserved.",https://canvasminiart.site/p/4527263726.html,https://i.etsystatic.com/65245102/r/il/9eac20/8221212871/il_fullxfull.8221212871_frog.jpg,39.99 USD,in stock,new,MiniCanvasArt,"Home & Garden > Decor > Artwork > Posters, Prints, & Visual Artwork",Japanese & Zen
4527254629,"Tea Ceremony Ink Art Print | Red Cup Steam, Black White Wall Art (Poster)","Cup Steam — a tea ceremony ink art print in serene black & white ink. Museum-quality matte poster that brings calm, minimalist beauty to any wall. Printed and shipped for you; available framed or unframed in multiple sizes. 🖌 Meet the artist I'm Hana — an artist who fell in love with the quiet power of Japanese ink. I'm drawn to misty mountains, a single confident brushstroke, and the calm that lives in empty space. For me every piece is a small world of feeling, painted in silence. Nothing makes me happier than imagining it on your wall, bringing a moment of stillness to your day. Thank you for letting my art into your home. © Original design by Hana / MiniCanvasArt. All rights reserved.",https://canvasminiart.site/p/4527254629.html,https://i.etsystatic.com/65245102/r/il/a11413/8221212349/il_fullxfull.8221212349_2kuq.jpg,39.99 USD,in stock,new,MiniCanvasArt,"Home & Garden > Decor > Artwork > Posters, Prints, & Visual Artwork",Japanese & Zen
4527254523,Ceremony Scene | Tea Ceremony Ink Art | Black & White Ink Wall Art | Poster,"Ceremony Scene — a tea ceremony ink art print in serene black & white ink. Museum-quality matte poster that brings calm, minimalist beauty to any wall. Printed and shipped for you; available framed or unframed in multiple sizes. 🖌 Meet the artist I'm Hana — an artist who fell in love with the quiet power of Japanese ink. I'm drawn to misty mountains, a single confident brushstroke, and the calm that lives in empty space. For me every piece is a small world of feeling, painted in silence. Nothing makes me happier than imagining it on your wall, bringing a moment of stillness to your day. Thank you for letting my art into your home. © Original design by Hana / MiniCanvasArt. All rights reserved.",https://canvasminiart.site/p/4527254523.html,https://i.etsystatic.com/65245102/r/il/bcfcd2/8221211723/il_fullxfull.8221211723_6b77.jpg,39.99 USD,in stock,new,MiniCanvasArt,"Home & Garden > Decor > Artwork > Posters, Prints, & Visual Artwork",Japanese & Zen
4527253214,Crane Marsh | Framed Samurai Ink Wall Art | Black & White Ink,"Crane Marsh — a samurai ink wall art print in serene black & white ink. Museum-quality matte poster that brings calm, minimalist beauty to any wall. Printed and shipped for you; available framed or unframed in multiple sizes. 🖌 Meet the artist I'm Hana — an artist who fell in love with the quiet power of Japanese ink. I'm drawn to misty mountains, a single confident brushstroke, and the calm that lives in empty space. For me every piece is a small world of feeling, painted in silence. Nothing makes me happier than imagining it on your wall, bringing a moment of stillness to your day. Thank you for letting my art into your home. © Original design by Hana / MiniCanvasArt. All rights reserved.",https://canvasminiart.site/p/4527253214.html,https://i.etsystatic.com/65245102/r/il/c84b68/8221137405/il_fullxfull.8221137405_3fo2.jpg,144.99 USD,in stock,new,MiniCanvasArt,"Home & Garden > Decor > Artwork > Posters, Prints, & Visual Artwork",Framed Art Prints
4527243941,Zen Meditation | Framed Samurai Ink Wall Art | Black & White Ink,"Zen Meditation — a samurai ink wall art print in serene black & white ink. Museum-quality matte poster that brings calm, minimalist beauty to any wall. Printed and shipped for you; available framed or unframed in multiple sizes. 🖌 Meet the artist I'm Hana — an artist who fell in love with the quiet power of Japanese ink. I'm drawn to misty mountains, a single confident brushstroke, and the calm that lives in empty space. For me every piece is a small world of feeling, painted in silence. Nothing makes me happier than imagining it on your wall, bringing a moment of stillness to your day. Thank you for letting my art into your home. © Original design by Hana / MiniCanvasArt. All rights reserved.",https://canvasminiart.site/p/4527243941.html,https://i.etsystatic.com/65245102/r/il/c8d78c/8221136143/il_fullxfull.8221136143_4r2m.jpg,144.99 USD,in stock,new,MiniCanvasArt,"Home & Garden > Decor > Artwork > Posters, Prints, & Visual Artwork",Framed Art Prints
4527243873,Snow Lone | Framed Samurai Ink Wall Art | Black & White Ink,"Snow Lone — a samurai ink wall art print in serene black & white ink. Museum-quality matte poster that brings calm, minimalist beauty to any wall. Printed and shipped for you; available framed or unframed in multiple sizes. 🖌 Meet the artist I'm Hana — an artist who fell in love with the quiet power of Japanese ink. I'm drawn to misty mountains, a single confident brushstroke, and the calm that lives in empty space. For me every piece is a small world of feeling, painted in silence. Nothing makes me happier than imagining it on your wall, bringing a moment of stillness to your day. Thank you for letting my art into your home. © Original design by Hana / MiniCanvasArt. All rights reserved.",https://canvasminiart.site/p/4527243873.html,https://i.etsystatic.com/65245102/r/il/bc7ea5/8221135847/il_fullxfull.8221135847_n5lh.jpg,144.99 USD,in stock,new,MiniCanvasArt,"Home & Garden > Decor > Artwork > Posters, Prints, & Visual Artwork",Framed Art Prints
4527243781,Rain Duel | Framed Samurai Ink Wall Art | Black & White Ink,"Rain Duel — a samurai ink wall art print in serene black & white ink. Museum-quality matte poster that brings calm, minimalist beauty to any wall. Printed and shipped for you; available framed or unframed in multiple sizes. 🖌 Meet the artist I'm Hana — an artist who fell in love with the quiet power of Japanese ink. I'm drawn to misty mountains, a single confident brushstroke, and the calm that lives in empty space. For me every piece is a small world of feeling, painted in silence. Nothing makes me happier than imagining it on your wall, bringing a moment of stillness to your day. Thank you for letting my art into your home. © Original design by Hana / MiniCanvasArt. All rights reserved.",https://canvasminiart.site/p/4527243781.html,https://i.etsystatic.com/65245102/r/il/93c18e/8221135397/il_fullxfull.8221135397_l4w1.jpg,144.99 USD,in stock,new,MiniCanvasArt,"Home & Garden > Decor > Artwork > Posters, Prints, & Visual Artwork",Framed Art Prints
4527243731,Onna-bugeisha Sakura | Framed Samurai Ink Wall Art | Black & White Ink,"Onna-bugeisha Sakura — a samurai ink wall art print in serene black & white ink. Museum-quality matte poster that brings calm, minimalist beauty to any wall. Printed and shipped for you; available framed or unframed in multiple sizes. 🖌 Meet the artist I'm Hana — an artist who fell in love with the quiet power of Japanese ink. I'm drawn to misty mountains, a single confident brushstroke, and the calm that lives in empty space. For me every piece is a small world of feeling, painted in silence. Nothing makes me happier than imagining it on your wall, bringing a moment of stillness to your day. Thank you for letting my art into your home. © Original design by Hana / MiniCanvasArt. All rights reserved.",https://canvasminiart.site/p/4527243731.html,https://i.etsystatic.com/65245102/r/il/a0336b/8173204018/il_fullxfull.8173204018_b3ye.jpg,144.99 USD,in stock,new,MiniCanvasArt,"Home & Garden > Decor > Artwork > Posters, Prints, & Visual Artwork",Framed Art Prints
4527243611,Mountain Dawn | Framed Samurai Ink Wall Art | Black & White Ink,"Mountain Dawn — a samurai ink wall art print in serene black & white ink. Museum-quality matte poster that brings calm, minimalist beauty to any wall. Printed and shipped for you; available framed or unframed in multiple sizes. 🖌 Meet the artist I'm Hana — an artist who fell in love with the quiet power of Japanese ink. I'm drawn to misty mountains, a single confident brushstroke, and the calm that lives in empty space. For me every piece is a small world of feeling, painted in silence. Nothing makes me happier than imagining it on your wall, bringing a moment of stillness to your day. Thank you for letting my art into your home. © Original design by Hana / MiniCanvasArt. All rights reserved.",https://canvasminiart.site/p/4527243611.html,https://i.etsystatic.com/65245102/r/il/411483/8221134523/il_fullxfull.8221134523_g15a.jpg,144.99 USD,in stock,new,MiniCanvasArt,"Home & Garden > Decor > Artwork > Posters, Prints, & Visual Artwork",Framed Art Prints
4527243495,Moon Bamboo | Framed Samurai Ink Wall Art | Black & White Ink,"Moon Bamboo — a samurai ink wall art print in serene black & white ink. Museum-quality matte poster that brings calm, minimalist beauty to any wall. Printed and shipped for you; available framed or unframed in multiple sizes. 🖌 Meet the artist I'm Hana — an artist who fell in love with the quiet power of Japanese ink. I'm drawn to misty mountains, a single confident brushstroke, and the calm that lives in empty space. For me every piece is a small world of feeling, painted in silence. Nothing makes me happier than imagining it on your wall, bringing a moment of stillness to your day. Thank you for letting my art into your home. © Original design by Hana / MiniCanvasArt. All rights reserved.",https://canvasminiart.site/p/4527243495.html,https://i.etsystatic.com/65245102/r/il/479956/8173202672/il_fullxfull.8173202672_jz2s.jpg,144.99 USD,in stock,new,MiniCanvasArt,"Home & Garden > Decor > Artwork > Posters, Prints, & Visual Artwork",Framed Art Prints
4527243311,Dragon Sky | Framed Samurai Ink Wall Art | Black & White Ink,"Dragon Sky — a samurai ink wall art print in serene black & white ink. Museum-quality matte poster that brings calm, minimalist beauty to any wall. Printed and shipped for you; available framed or unframed in multiple sizes. 🖌 Meet the artist I'm Hana — an artist who fell in love with the quiet power of Japanese ink. I'm drawn to misty mountains, a single confident brushstroke, and the calm that lives in empty space. For me every piece is a small world of feeling, painted in silence. Nothing makes me happier than imagining it on your wall, bringing a moment of stillness to your day. Thank you for letting my art into your home. © Original design by Hana / MiniCanvasArt. All rights reserved.",https://canvasminiart.site/p/4527243311.html,https://i.etsystatic.com/65245102/r/il/45860b/8173201618/il_fullxfull.8173201618_j6g7.jpg,144.99 USD,in stock,new,MiniCanvasArt,"Home & Garden > Decor > Artwork > Posters, Prints, & Visual Artwork",Framed Art Prints
4527252098,Onna-bugeisha Sakura Ink Art | Black White Samurai Wall Print (Poster),"Onna-bugeisha Sakura — a samurai ink wall art print in serene black & white ink. Museum-quality matte poster that brings calm, minimalist beauty to any wall. Printed and shipped for you; available framed or unframed in multiple sizes. 🖌 Meet the artist I'm Hana — an artist who fell in love with the quiet power of Japanese ink. I'm drawn to misty mountains, a single confident brushstroke, and the calm that lives in empty space. For me every piece is a small world of feeling, painted in silence. Nothing makes me happier than imagining it on your wall, bringing a moment of stillness to your day. Thank you for letting my art into your home. © Original design by Hana / MiniCanvasArt. All rights reserved.",https://canvasminiart.site/p/4527252098.html,https://i.etsystatic.com/65245102/r/il/c13c3a/8173199670/il_fullxfull.8173199670_8x5h.jpg,39.99 USD,in stock,new,MiniCanvasArt,"Home & Garden > Decor > Artwork > Posters, Prints, & Visual Artwork",Samurai & Warriors
4527251746,Samurai Zen Meditation Ink Art | Minimalist Black White Poster,"Zen Meditation — a samurai ink wall art print in serene black & white ink. Museum-quality matte poster that brings calm, minimalist beauty to any wall. Printed and shipped for you; available framed or unframed in multiple sizes. 🖌 Meet the artist I'm Hana — an artist who fell in love with the quiet power of Japanese ink. I'm drawn to misty mountains, a single confident brushstroke, and the calm that lives in empty space. For me every piece is a small world of feeling, painted in silence. Nothing makes me happier than imagining it on your wall, bringing a moment of stillness to your day. Thank you for letting my art into your home. © Original design by Hana / MiniCanvasArt. All rights reserved.",https://canvasminiart.site/p/4527251746.html,https://i.etsystatic.com/65245102/r/il/3a9f5f/8221128877/il_fullxfull.8221128877_ni7h.jpg,39.99 USD,in stock,new,MiniCanvasArt,"Home & Garden > Decor > Artwork > Posters, Prints, & Visual Artwork",Samurai & Warriors
4527242431,Snow Lone | Samurai Ink Wall Art | Black & White Ink Wall Art | Poster,"Snow Lone — a samurai ink wall art print in serene black & white ink. Museum-quality matte poster that brings calm, minimalist beauty to any wall. Printed and shipped for you; available framed or unframed in multiple sizes. 🖌 Meet the artist I'm Hana — an artist who fell in love with the quiet power of Japanese ink. I'm drawn to misty mountains, a single confident brushstroke, and the calm that lives in empty space. For me every piece is a small world of feeling, painted in silence. Nothing makes me happier than imagining it on your wall, bringing a moment of stillness to your day. Thank you for letting my art into your home. © Original design by Hana / MiniCanvasArt. All rights reserved.",https://canvasminiart.site/p/4527242431.html,https://i.etsystatic.com/65245102/r/il/ce30f6/8221127665/il_fullxfull.8221127665_3ap9.jpg,39.99 USD,in stock,new,MiniCanvasArt,"Home & Garden > Decor > Artwork > Posters, Prints, & Visual Artwork",Samurai & Warriors
4527242357,Samurai Ink Wall Art | Black & White Rain Duel Poster,"Rain Duel — a samurai ink wall art print in serene black & white ink. Museum-quality matte poster that brings calm, minimalist beauty to any wall. Printed and shipped for you; available framed or unframed in multiple sizes. 🖌 Meet the artist I'm Hana — an artist who fell in love with the quiet power of Japanese ink. I'm drawn to misty mountains, a single confident brushstroke, and the calm that lives in empty space. For me every piece is a small world of feeling, painted in silence. Nothing makes me happier than imagining it on your wall, bringing a moment of stillness to your day. Thank you for letting my art into your home. © Original design by Hana / MiniCanvasArt. All rights reserved.",https://canvasminiart.site/p/4527242357.html,https://i.etsystatic.com/65245102/r/il/272d57/8173195656/il_fullxfull.8173195656_re5m.jpg,39.99 USD,in stock,new,MiniCanvasArt,"Home & Garden > Decor > Artwork > Posters, Prints, & Visual Artwork",Samurai & Warriors
4527251222,"Samurai Ink Wall Art | Moon Bamboo, Black & White Minimalist Poster","Moon Bamboo — a samurai ink wall art print in serene black & white ink. Museum-quality matte poster that brings calm, minimalist beauty to any wall. Printed and shipped for you; available framed or unframed in multiple sizes. 🖌 Meet the artist I'm Hana — an artist who fell in love with the quiet power of Japanese ink. I'm drawn to misty mountains, a single confident brushstroke, and the calm that lives in empty space. For me every piece is a small world of feeling, painted in silence. Nothing makes me happier than imagining it on your wall, bringing a moment of stillness to your day. Thank you for letting my art into your home. © Original design by Hana / MiniCanvasArt. All rights reserved.",https://canvasminiart.site/p/4527251222.html,https://i.etsystatic.com/65245102/r/il/a4fbdd/8173193574/il_fullxfull.8173193574_9dke.jpg,39.99 USD,in stock,new,MiniCanvasArt,"Home & Garden > Decor > Artwork > Posters, Prints, & Visual Artwork",Samurai & Warriors
4527242005,Dragon Sky | Samurai Ink Wall Art | Black & White Ink Wall Art | Poster,"Dragon Sky — a samurai ink wall art print in serene black & white ink. Museum-quality matte poster that brings calm, minimalist beauty to any wall. Printed and shipped for you; available framed or unframed in multiple sizes. 🖌 Meet the artist I'm Hana — an artist who fell in love with the quiet power of Japanese ink. I'm drawn to misty mountains, a single confident brushstroke, and the calm that lives in empty space. For me every piece is a small world of feeling, painted in silence. Nothing makes me happier than imagining it on your wall, bringing a moment of stillness to your day. Thank you for letting my art into your home. © Original design by Hana / MiniCanvasArt. All rights reserved.",https://canvasminiart.site/p/4527242005.html,https://i.etsystatic.com/65245102/r/il/b8e8dd/8221124363/il_fullxfull.8221124363_1vki.jpg,39.99 USD,in stock,new,MiniCanvasArt,"Home & Garden > Decor > Artwork > Posters, Prints, & Visual Artwork",Dragons & Mythical
4527250976,Samurai Ink Crane Marsh Print | Black White Japanese Wall Art Poster,"Crane Marsh — a samurai ink wall art print in serene black & white ink. Museum-quality matte poster that brings calm, minimalist beauty to any wall. Printed and shipped for you; available framed or unframed in multiple sizes. 🖌 Meet the artist I'm Hana — an artist who fell in love with the quiet power of Japanese ink. I'm drawn to misty mountains, a single confident brushstroke, and the calm that lives in empty space. For me every piece is a small world of feeling, painted in silence. Nothing makes me happier than imagining it on your wall, bringing a moment of stillness to your day. Thank you for letting my art into your home. © Original design by Hana / MiniCanvasArt. All rights reserved.",https://canvasminiart.site/p/4527250976.html,https://i.etsystatic.com/65245102/r/il/a2d862/8221122901/il_fullxfull.8221122901_qg3y.jpg,39.99 USD,in stock,new,MiniCanvasArt,"Home & Garden > Decor > Artwork > Posters, Prints, & Visual Artwork",Samurai & Warriors
4527239982,Dragon Clouds | Framed Zen Sumi-e Ink Art | Black & White Ink,"Dragon Clouds — a zen sumi-e ink art print in serene black & white ink. Museum-quality matte poster that brings calm, minimalist beauty to any wall. Printed and shipped for you; available framed or unframed in multiple sizes. 🖌 Meet the artist I'm Hana — an artist who fell in love with the quiet power of Japanese ink. I'm drawn to misty mountains, a single confident brushstroke, and the calm that lives in empty space. For me every piece is a small world of feeling, painted in silence. Nothing makes me happier than imagining it on your wall, bringing a moment of stillness to your day. Thank you for letting my art into your home. © Original design by Hana / MiniCanvasArt. All rights reserved.",https://canvasminiart.site/p/4527239982.html,https://i.etsystatic.com/65245102/r/il/154455/8243896932/il_fullxfull.8243896932_5urh.jpg,144.99 USD,in stock,new,MiniCanvasArt,"Home & Garden > Decor > Artwork > Posters, Prints, & Visual Artwork",Framed Art Prints
4527230819,Bamboo Sparrow | Framed Zen Sumi-e Ink Art | Black & White Ink,"Bamboo Sparrow — a zen sumi-e ink art print in serene black & white ink. Museum-quality matte poster that brings calm, minimalist beauty to any wall. Printed and shipped for you; available framed or unframed in multiple sizes. 🖌 Meet the artist I'm Hana — an artist who fell in love with the quiet power of Japanese ink. I'm drawn to misty mountains, a single confident brushstroke, and the calm that lives in empty space. For me every piece is a small world of feeling, painted in silence. Nothing makes me happier than imagining it on your wall, bringing a moment of stillness to your day. Thank you for letting my art into your home. © Original design by Hana / MiniCanvasArt. All rights reserved.",https://canvasminiart.site/p/4527230819.html,https://i.etsystatic.com/65245102/r/il/a521b9/8173107636/il_fullxfull.8173107636_ybfx.jpg,144.99 USD,in stock,new,MiniCanvasArt,"Home & Garden > Decor > Artwork > Posters, Prints, & Visual Artwork",Framed Art Prints
4527239686,Tiger Prowl | Framed Zen Sumi-e Ink Art | Black & White Ink,"Tiger Prowl — a zen sumi-e ink art print in serene black & white ink. Museum-quality matte poster that brings calm, minimalist beauty to any wall. Printed and shipped for you; available framed or unframed in multiple sizes. 🖌 Meet the artist I'm Hana — an artist who fell in love with the quiet power of Japanese ink. I'm drawn to misty mountains, a single confident brushstroke, and the calm that lives in empty space. For me every piece is a small world of feeling, painted in silence. Nothing makes me happier than imagining it on your wall, bringing a moment of stillness to your day. Thank you for letting my art into your home. © Original design by Hana / MiniCanvasArt. All rights reserved.",https://canvasminiart.site/p/4527239686.html,https://i.etsystatic.com/65245102/r/il/779539/8221037445/il_fullxfull.8221037445_awo7.jpg,144.99 USD,in stock,new,MiniCanvasArt,"Home & Garden > Decor > Artwork > Posters, Prints, & Visual Artwork",Framed Art Prints
4527239570,Phoenix Rising | Framed Zen Sumi-e Ink Art | Black & White Ink,"Phoenix Rising — a zen sumi-e ink art print in serene black & white ink. Museum-quality matte poster that brings calm, minimalist beauty to any wall. Printed and shipped for you; available framed or unframed in multiple sizes. 🖌 Meet the artist I'm Hana — an artist who fell in love with the quiet power of Japanese ink. I'm drawn to misty mountains, a single confident brushstroke, and the calm that lives in empty space. For me every piece is a small world of feeling, painted in silence. Nothing makes me happier than imagining it on your wall, bringing a moment of stillness to your day. Thank you for letting my art into your home. © Original design by Hana / MiniCanvasArt. All rights reserved.",https://canvasminiart.site/p/4527239570.html,https://i.etsystatic.com/65245102/r/il/c406d7/8221036669/il_fullxfull.8221036669_lwwx.jpg,144.99 USD,in stock,new,MiniCanvasArt,"Home & Garden > Decor > Artwork > Posters, Prints, & Visual Artwork",Framed Art Prints
4527239502,Mount Fuji | Framed Zen Sumi-e Ink Art | Black & White Ink,"Mount Mount Fuji — a zen sumi-e ink art print in serene black & white ink. Museum-quality matte poster that brings calm, minimalist beauty to any wall. Printed and shipped for you; available framed or unframed in multiple sizes. 🖌 Meet the artist I'm Hana — an artist who fell in love with the quiet power of Japanese ink. I'm drawn to misty mountains, a single confident brushstroke, and the calm that lives in empty space. For me every piece is a small world of feeling, painted in silence. Nothing makes me happier than imagining it on your wall, bringing a moment of stillness to your day. Thank you for letting my art into your home. © Original design by Hana / MiniCanvasArt. All rights reserved.",https://canvasminiart.site/p/4527239502.html,https://i.etsystatic.com/65245102/r/il/d74925/8221036331/il_fullxfull.8221036331_rjt1.jpg,144.99 USD,in stock,new,MiniCanvasArt,"Home & Garden > Decor > Artwork > Posters, Prints, & Visual Artwork",Framed Art Prints
4527230311,Lotus Pond | Framed Zen Sumi-e Ink Art | Black & White Ink,"Lotus Pond — a zen sumi-e ink art print in serene black & white ink. Museum-quality matte poster that brings calm, minimalist beauty to any wall. Printed and shipped for you; available framed or unframed in multiple sizes. 🖌 Meet the artist I'm Hana — an artist who fell in love with the quiet power of Japanese ink. I'm drawn to misty mountains, a single confident brushstroke, and the calm that lives in empty space. For me every piece is a small world of feeling, painted in silence. Nothing makes me happier than imagining it on your wall, bringing a moment of stillness to your day. Thank you for letting my art into your home. © Original design by Hana / MiniCanvasArt. All rights reserved.",https://canvasminiart.site/p/4527230311.html,https://i.etsystatic.com/65245102/r/il/03443b/8221035975/il_fullxfull.8221035975_knxl.jpg,144.99 USD,in stock,new,MiniCanvasArt,"Home & Garden > Decor > Artwork > Posters, Prints, & Visual Artwork",Framed Art Prints
4527239358,Koi Pair | Framed Zen Sumi-e Ink Art | Black & White Ink,"Koi Pair — a zen sumi-e ink art print in serene black & white ink. Museum-quality matte poster that brings calm, minimalist beauty to any wall. Printed and shipped for you; available framed or unframed in multiple sizes. 🖌 Meet the artist I'm Hana — an artist who fell in love with the quiet power of Japanese ink. I'm drawn to misty mountains, a single confident brushstroke, and the calm that lives in empty space. For me every piece is a small world of feeling, painted in silence. Nothing makes me happier than imagining it on your wall, bringing a moment of stillness to your day. Thank you for letting my art into your home. © Original design by Hana / MiniCanvasArt. All rights reserved.",https://canvasminiart.site/p/4527239358.html,https://i.etsystatic.com/65245102/r/il/848f55/8173103968/il_fullxfull.8173103968_q4z9.jpg,144.99 USD,in stock,new,MiniCanvasArt,"Home & Garden > Decor > Artwork > Posters, Prints, & Visual Artwork",Framed Art Prints
4527239310,Kitsune Fox | Framed Zen Sumi-e Ink Art | Black & White Ink,"Kitsune Fox Fox — a zen sumi-e ink art print in serene black & white ink. Museum-quality matte poster that brings calm, minimalist beauty to any wall. Printed and shipped for you; available framed or unframed in multiple sizes. 🖌 Meet the artist I'm Hana — an artist who fell in love with the quiet power of Japanese ink. I'm drawn to misty mountains, a single confident brushstroke, and the calm that lives in empty space. For me every piece is a small world of feeling, painted in silence. Nothing makes me happier than imagining it on your wall, bringing a moment of stillness to your day. Thank you for letting my art into your home. © Original design by Hana / MiniCanvasArt. All rights reserved.",https://canvasminiart.site/p/4527239310.html,https://i.etsystatic.com/65245102/r/il/d36428/8221035335/il_fullxfull.8221035335_lrai.jpg,144.99 USD,in stock,new,MiniCanvasArt,"Home & Garden > Decor > Artwork > Posters, Prints, & Visual Artwork",Framed Art Prints
4527230037,Great Wave | Framed Zen Sumi-e Ink Art | Black & White Ink,"Great Wave — a zen sumi-e ink art print in serene black & white ink. Museum-quality matte poster that brings calm, minimalist beauty to any wall. Printed and shipped for you; available framed or unframed in multiple sizes. 🖌 Meet the artist I'm Hana — an artist who fell in love with the quiet power of Japanese ink. I'm drawn to misty mountains, a single confident brushstroke, and the calm that lives in empty space. For me every piece is a small world of feeling, painted in silence. Nothing makes me happier than imagining it on your wall, bringing a moment of stillness to your day. Thank you for letting my art into your home. © Original design by Hana / MiniCanvasArt. All rights reserved.",https://canvasminiart.site/p/4527230037.html,https://i.etsystatic.com/65245102/r/il/1e17d2/8264328773/il_fullxfull.8264328773_1oho.jpg,144.99 USD,in stock,new,MiniCanvasArt,"Home & Garden > Decor > Artwork > Posters, Prints, & Visual Artwork",Framed Art Prints
4527229901,Crane Pair | Framed Zen Sumi-e Ink Art | Black & White Ink,"Crane Pair — a zen sumi-e ink art print in serene black & white ink. Museum-quality matte poster that brings calm, minimalist beauty to any wall. Printed and shipped for you; available framed or unframed in multiple sizes. 🖌 Meet the artist I'm Hana — an artist who fell in love with the quiet power of Japanese ink. I'm drawn to misty mountains, a single confident brushstroke, and the calm that lives in empty space. For me every piece is a small world of feeling, painted in silence. Nothing makes me happier than imagining it on your wall, bringing a moment of stillness to your day. Thank you for letting my art into your home. © Original design by Hana / MiniCanvasArt. All rights reserved.",https://canvasminiart.site/p/4527229901.html,https://i.etsystatic.com/65245102/r/il/b9b56a/8173102246/il_fullxfull.8173102246_arjf.jpg,144.99 USD,in stock,new,MiniCanvasArt,"Home & Garden > Decor > Artwork > Posters, Prints, & Visual Artwork",Framed Art Prints
4527229813,Tiger Prowl Sumi-e Ink Art Print | Black White Minimalist Wall Art (Poster),"Tiger Prowl — a zen sumi-e ink art print in serene black & white ink. Museum-quality matte poster that brings calm, minimalist beauty to any wall. Printed and shipped for you; available framed or unframed in multiple sizes. 🖌 Meet the artist I'm Hana — an artist who fell in love with the quiet power of Japanese ink. I'm drawn to misty mountains, a single confident brushstroke, and the calm that lives in empty space. For me every piece is a small world of feeling, painted in silence. Nothing makes me happier than imagining it on your wall, bringing a moment of stillness to your day. Thank you for letting my art into your home. © Original design by Hana / MiniCanvasArt. All rights reserved.",https://canvasminiart.site/p/4527229813.html,https://i.etsystatic.com/65245102/r/il/80e1e4/8221033539/il_fullxfull.8221033539_7gsv.jpg,39.99 USD,in stock,new,MiniCanvasArt,"Home & Garden > Decor > Artwork > Posters, Prints, & Visual Artwork",Koi & Animals
4527238882,"Phoenix Rising Ink Art Print | Zen Sumi-e Wall Art, Black White Poster","Phoenix Rising — a zen sumi-e ink art print in serene black & white ink. Museum-quality matte poster that brings calm, minimalist beauty to any wall. Printed and shipped for you; available framed or unframed in multiple sizes. 🖌 Meet the artist I'm Hana — an artist who fell in love with the quiet power of Japanese ink. I'm drawn to misty mountains, a single confident brushstroke, and the calm that lives in empty space. For me every piece is a small world of feeling, painted in silence. Nothing makes me happier than imagining it on your wall, bringing a moment of stillness to your day. Thank you for letting my art into your home. © Original design by Hana / MiniCanvasArt. All rights reserved.",https://canvasminiart.site/p/4527238882.html,https://i.etsystatic.com/65245102/r/il/5b856f/8221033151/il_fullxfull.8221033151_4r8c.jpg,39.99 USD,in stock,new,MiniCanvasArt,"Home & Garden > Decor > Artwork > Posters, Prints, & Visual Artwork",Dragons & Mythical
4527229617,Mount Fuji Zen Ink Art Print | Black White Sumi-e Poster,"Mount Mount Fuji — a zen sumi-e ink art print in serene black & white ink. Museum-quality matte poster that brings calm, minimalist beauty to any wall. Printed and shipped for you; available framed or unframed in multiple sizes. 🖌 Meet the artist I'm Hana — an artist who fell in love with the quiet power of Japanese ink. I'm drawn to misty mountains, a single confident brushstroke, and the calm that lives in empty space. For me every piece is a small world of feeling, painted in silence. Nothing makes me happier than imagining it on your wall, bringing a moment of stillness to your day. Thank you for letting my art into your home. © Original design by Hana / MiniCanvasArt. All rights reserved.",https://canvasminiart.site/p/4527229617.html,https://i.etsystatic.com/65245102/r/il/7faf7e/8173100784/il_fullxfull.8173100784_l2dm.jpg,39.99 USD,in stock,new,MiniCanvasArt,"Home & Garden > Decor > Artwork > Posters, Prints, & Visual Artwork",Landscapes & Nature
4527229537,Zen Lotus Pond Ink Art Print | Black White Sumi-e Wall Decor (Poster),"Lotus Pond — a zen sumi-e ink art print in serene black & white ink. Museum-quality matte poster that brings calm, minimalist beauty to any wall. Printed and shipped for you; available framed or unframed in multiple sizes. 🖌 Meet the artist I'm Hana — an artist who fell in love with the quiet power of Japanese ink. I'm drawn to misty mountains, a single confident brushstroke, and the calm that lives in empty space. For me every piece is a small world of feeling, painted in silence. Nothing makes me happier than imagining it on your wall, bringing a moment of stillness to your day. Thank you for letting my art into your home. © Original design by Hana / MiniCanvasArt. All rights reserved.",https://canvasminiart.site/p/4527229537.html,https://i.etsystatic.com/65245102/r/il/39fb07/8173100268/il_fullxfull.8173100268_36d6.jpg,39.99 USD,in stock,new,MiniCanvasArt,"Home & Garden > Decor > Artwork > Posters, Prints, & Visual Artwork",Florals & Botanical
4527229435,Koi Pair Zen Sumi-e Ink Art Print | Black White Minimalist Wall Art,"Koi Pair — a zen sumi-e ink art print in serene black & white ink. Museum-quality matte poster that brings calm, minimalist beauty to any wall. Printed and shipped for you; available framed or unframed in multiple sizes. 🖌 Meet the artist I'm Hana — an artist who fell in love with the quiet power of Japanese ink. I'm drawn to misty mountains, a single confident brushstroke, and the calm that lives in empty space. For me every piece is a small world of feeling, painted in silence. Nothing makes me happier than imagining it on your wall, bringing a moment of stillness to your day. Thank you for letting my art into your home. © Original design by Hana / MiniCanvasArt. All rights reserved.",https://canvasminiart.site/p/4527229435.html,https://i.etsystatic.com/65245102/r/il/492aeb/8173099790/il_fullxfull.8173099790_51xv.jpg,39.99 USD,in stock,new,MiniCanvasArt,"Home & Garden > Decor > Artwork > Posters, Prints, & Visual Artwork",Koi & Animals
4527229253,Great Wave | Zen Sumi-e Ink Art | Black & White Ink Wall Art | Poster,"Great Wave — a zen sumi-e ink art print in serene black & white ink. Museum-quality matte poster that brings calm, minimalist beauty to any wall. Printed and shipped for you; available framed or unframed in multiple sizes. 🖌 Meet the artist I'm Hana — an artist who fell in love with the quiet power of Japanese ink. I'm drawn to misty mountains, a single confident brushstroke, and the calm that lives in empty space. For me every piece is a small world of feeling, painted in silence. Nothing makes me happier than imagining it on your wall, bringing a moment of stillness to your day. Thank you for letting my art into your home. © Original design by Hana / MiniCanvasArt. All rights reserved.",https://canvasminiart.site/p/4527229253.html,https://i.etsystatic.com/65245102/r/il/1b78c8/8216409316/il_fullxfull.8216409316_t7l6.jpg,39.99 USD,in stock,new,MiniCanvasArt,"Home & Garden > Decor > Artwork > Posters, Prints, & Visual Artwork",Landscapes & Nature
4527238240,Dragon Clouds Sumi-e Ink Art Print | Minimalist Black White Wall Poster,"Dragon Clouds — a zen sumi-e ink art print in serene black & white ink. Museum-quality matte poster that brings calm, minimalist beauty to any wall. Printed and shipped for you; available framed or unframed in multiple sizes. 🖌 Meet the artist I'm Hana — an artist who fell in love with the quiet power of Japanese ink. I'm drawn to misty mountains, a single confident brushstroke, and the calm that lives in empty space. For me every piece is a small world of feeling, painted in silence. Nothing makes me happier than imagining it on your wall, bringing a moment of stillness to your day. Thank you for letting my art into your home. © Original design by Hana / MiniCanvasArt. All rights reserved.",https://canvasminiart.site/p/4527238240.html,https://i.etsystatic.com/65245102/r/il/3d1942/8291364997/il_fullxfull.8291364997_7rfh.jpg,39.99 USD,in stock,new,MiniCanvasArt,"Home & Garden > Decor > Artwork > Posters, Prints, & Visual Artwork",Dragons & Mythical
4527229035,Zen Crane Pair Sumi-e Ink Art Print | Minimalist Black White Wall Art,"Crane Pair — a zen sumi-e ink art print in serene black & white ink. Museum-quality matte poster that brings calm, minimalist beauty to any wall. Printed and shipped for you; available framed or unframed in multiple sizes. 🖌 Meet the artist I'm Hana — an artist who fell in love with the quiet power of Japanese ink. I'm drawn to misty mountains, a single confident brushstroke, and the calm that lives in empty space. For me every piece is a small world of feeling, painted in silence. Nothing makes me happier than imagining it on your wall, bringing a moment of stillness to your day. Thank you for letting my art into your home. © Original design by Hana / MiniCanvasArt. All rights reserved.",https://canvasminiart.site/p/4527229035.html,https://i.etsystatic.com/65245102/r/il/3014a9/8173097608/il_fullxfull.8173097608_iu11.jpg,39.99 USD,in stock,new,MiniCanvasArt,"Home & Garden > Decor > Artwork > Posters, Prints, & Visual Artwork",Koi & Animals
4527238000,Bamboo Sparrow Zen Ink Art Print | Minimalist Black White Wall Poster,"Bamboo Sparrow — a zen sumi-e ink art print in serene black & white ink. Museum-quality matte poster that brings calm, minimalist beauty to any wall. Printed and shipped for you; available framed or unframed in multiple sizes. 🖌 Meet the artist I'm Hana — an artist who fell in love with the quiet power of Japanese ink. I'm drawn to misty mountains, a single confident brushstroke, and the calm that lives in empty space. For me every piece is a small world of feeling, painted in silence. Nothing makes me happier than imagining it on your wall, bringing a moment of stillness to your day. Thank you for letting my art into your home. © Original design by Hana / MiniCanvasArt. All rights reserved.",https://canvasminiart.site/p/4527238000.html,https://i.etsystatic.com/65245102/r/il/1baf21/8221028693/il_fullxfull.8221028693_8edp.jpg,39.99 USD,in stock,new,MiniCanvasArt,"Home & Garden > Decor > Artwork > Posters, Prints, & Visual Artwork",Koi & Animals
4527226192,Willow Boat | Framed Chinese Ink Painting | Black & White Ink,"Willow Boat — a chinese ink painting print in serene black & white ink. Museum-quality matte poster that brings calm, minimalist beauty to any wall. Printed and shipped for you; available framed or unframed in multiple sizes. 🖌 Meet the artist I'm Hana — an artist who fell in love with the quiet power of Japanese ink. I'm drawn to misty mountains, a single confident brushstroke, and the calm that lives in empty space. For me every piece is a small world of feeling, painted in silence. Nothing makes me happier than imagining it on your wall, bringing a moment of stillness to your day. Thank you for letting my art into your home. © Original design by Hana / MiniCanvasArt. All rights reserved.",https://canvasminiart.site/p/4527226192.html,https://i.etsystatic.com/65245102/r/il/9280a5/8220941947/il_fullxfull.8220941947_rlqj.jpg,144.99 USD,in stock,new,MiniCanvasArt,"Home & Garden > Decor > Artwork > Posters, Prints, & Visual Artwork",Framed Art Prints
4527217207,Red Lotus | Framed Chinese Ink Painting | Black & White Ink,"Red Lotus — a chinese ink painting print in serene black & white ink. Museum-quality matte poster that brings calm, minimalist beauty to any wall. Printed and shipped for you; available framed or unframed in multiple sizes. 🖌 Meet the artist I'm Hana — an artist who fell in love with the quiet power of Japanese ink. I'm drawn to misty mountains, a single confident brushstroke, and the calm that lives in empty space. For me every piece is a small world of feeling, painted in silence. Nothing makes me happier than imagining it on your wall, bringing a moment of stillness to your day. Thank you for letting my art into your home. © Original design by Hana / MiniCanvasArt. All rights reserved.",https://canvasminiart.site/p/4527217207.html,https://i.etsystatic.com/65245102/r/il/25eb1e/8173010392/il_fullxfull.8173010392_bmk6.jpg,144.99 USD,in stock,new,MiniCanvasArt,"Home & Garden > Decor > Artwork > Posters, Prints, & Visual Artwork",Framed Art Prints
4527225902,Shanshui Landscape Pavilion | Framed Chinese Ink Painting | Black & White Ink,"Shanshui Landscape Pavilion — a chinese ink painting print in serene black & white ink. Museum-quality matte poster that brings calm, minimalist beauty to any wall. Printed and shipped for you; available framed or unframed in multiple sizes. 🖌 Meet the artist I'm Hana — an artist who fell in love with the quiet power of Japanese ink. I'm drawn to misty mountains, a single confident brushstroke, and the calm that lives in empty space. For me every piece is a small world of feeling, painted in silence. Nothing makes me happier than imagining it on your wall, bringing a moment of stillness to your day. Thank you for letting my art into your home. © Original design by Hana / MiniCanvasArt. All rights reserved.",https://canvasminiart.site/p/4527225902.html,https://i.etsystatic.com/65245102/r/il/fb592e/8173008704/il_fullxfull.8173008704_4uup.jpg,144.99 USD,in stock,new,MiniCanvasArt,"Home & Garden > Decor > Artwork > Posters, Prints, & Visual Artwork",Framed Art Prints
4527216971,Plum Blossom | Framed Chinese Ink Painting | Black & White Ink,"Plum Blossom — a chinese ink painting print in serene black & white ink. Museum-quality matte poster that brings calm, minimalist beauty to any wall. Printed and shipped for you; available framed or unframed in multiple sizes. 🖌 Meet the artist I'm Hana — an artist who fell in love with the quiet power of Japanese ink. I'm drawn to misty mountains, a single confident brushstroke, and the calm that lives in empty space. For me every piece is a small world of feeling, painted in silence. Nothing makes me happier than imagining it on your wall, bringing a moment of stillness to your day. Thank you for letting my art into your home. © Original design by Hana / MiniCanvasArt. All rights reserved.",https://canvasminiart.site/p/4527216971.html,https://i.etsystatic.com/65245102/r/il/92371d/8220939451/il_fullxfull.8220939451_29st.jpg,144.99 USD,in stock,new,MiniCanvasArt,"Home & Garden > Decor > Artwork > Posters, Prints, & Visual Artwork",Framed Art Prints
4527216901,Pine Sun | Framed Chinese Ink Painting | Black & White Ink,"Pine Sun — a chinese ink painting print in serene black & white ink. Museum-quality matte poster that brings calm, minimalist beauty to any wall. Printed and shipped for you; available framed or unframed in multiple sizes. 🖌 Meet the artist I'm Hana — an artist who fell in love with the quiet power of Japanese ink. I'm drawn to misty mountains, a single confident brushstroke, and the calm that lives in empty space. For me every piece is a small world of feeling, painted in silence. Nothing makes me happier than imagining it on your wall, bringing a moment of stillness to your day. Thank you for letting my art into your home. © Original design by Hana / MiniCanvasArt. All rights reserved.",https://canvasminiart.site/p/4527216901.html,https://i.etsystatic.com/65245102/r/il/34254d/8173007610/il_fullxfull.8173007610_3uw9.jpg,144.99 USD,in stock,new,MiniCanvasArt,"Home & Garden > Decor > Artwork > Posters, Prints, & Visual Artwork",Framed Art Prints
4527225710,Peach Blossom | Framed Chinese Ink Painting | Black & White Ink,"Peach Blossom — a chinese ink painting print in serene black & white ink. Museum-quality matte poster that brings calm, minimalist beauty to any wall. Printed and shipped for you; available framed or unframed in multiple sizes. 🖌 Meet the artist I'm Hana — an artist who fell in love with the quiet power of Japanese ink. I'm drawn to misty mountains, a single confident brushstroke, and the calm that lives in empty space. For me every piece is a small world of feeling, painted in silence. Nothing makes me happier than imagining it on your wall, bringing a moment of stillness to your day. Thank you for letting my art into your home. © Original design by Hana / MiniCanvasArt. All rights reserved.",https://canvasminiart.site/p/4527225710.html,https://i.etsystatic.com/65245102/r/il/1354d5/8173007144/il_fullxfull.8173007144_2g58.jpg,144.99 USD,in stock,new,MiniCanvasArt,"Home & Garden > Decor > Artwork > Posters, Prints, & Visual Artwork",Framed Art Prints
4527216783,Koi Red | Framed Chinese Ink Painting | Black & White Ink,"Koi Red — a chinese ink painting print in serene black & white ink. Museum-quality matte poster that brings calm, minimalist beauty to any wall. Printed and shipped for you; available framed or unframed in multiple sizes. 🖌 Meet the artist I'm Hana — an artist who fell in love with the quiet power of Japanese ink. I'm drawn to misty mountains, a single confident brushstroke, and the calm that lives in empty space. For me every piece is a small world of feeling, painted in silence. Nothing makes me happier than imagining it on your wall, bringing a moment of stillness to your day. Thank you for letting my art into your home. © Original design by Hana / MiniCanvasArt. All rights reserved.",https://canvasminiart.site/p/4527216783.html,https://i.etsystatic.com/65245102/r/il/fa44d9/8173006702/il_fullxfull.8173006702_jseb.jpg,144.99 USD,in stock,new,MiniCanvasArt,"Home & Garden > Decor > Artwork > Posters, Prints, & Visual Artwork",Framed Art Prints
4527216709,Dragon Pearl | Framed Chinese Ink Painting | Black & White Ink,"Dragon Pearl — a chinese ink painting print in serene black & white ink. Museum-quality matte poster that brings calm, minimalist beauty to any wall. Printed and shipped for you; available framed or unframed in multiple sizes. 🖌 Meet the artist I'm Hana — an artist who fell in love with the quiet power of Japanese ink. I'm drawn to misty mountains, a single confident brushstroke, and the calm that lives in empty space. For me every piece is a small world of feeling, painted in silence. Nothing makes me happier than imagining it on your wall, bringing a moment of stillness to your day. Thank you for letting my art into your home. © Original design by Hana / MiniCanvasArt. All rights reserved.",https://canvasminiart.site/p/4527216709.html,https://i.etsystatic.com/65245102/r/il/4113d2/8291814451/il_fullxfull.8291814451_c5u5.jpg,144.99 USD,in stock,new,MiniCanvasArt,"Home & Garden > Decor > Artwork > Posters, Prints, & Visual Artwork",Framed Art Prints
4527216653,Crane Red | Framed Chinese Ink Painting | Black & White Ink,"Crane Red — a chinese ink painting print in serene black & white ink. Museum-quality matte poster that brings calm, minimalist beauty to any wall. Printed and shipped for you; available framed or unframed in multiple sizes. 🖌 Meet the artist I'm Hana — an artist who fell in love with the quiet power of Japanese ink. I'm drawn to misty mountains, a single confident brushstroke, and the calm that lives in empty space. For me every piece is a small world of feeling, painted in silence. Nothing makes me happier than imagining it on your wall, bringing a moment of stillness to your day. Thank you for letting my art into your home. © Original design by Hana / MiniCanvasArt. All rights reserved.",https://canvasminiart.site/p/4527216653.html,https://i.etsystatic.com/65245102/r/il/795988/8173005734/il_fullxfull.8173005734_1lbh.jpg,144.99 USD,in stock,new,MiniCanvasArt,"Home & Garden > Decor > Artwork > Posters, Prints, & Visual Artwork",Framed Art Prints
4527225466,Bamboo Bird | Framed Chinese Ink Painting | Black & White Ink,"Bamboo Bird — a chinese ink painting print in serene black & white ink. Museum-quality matte poster that brings calm, minimalist beauty to any wall. Printed and shipped for you; available framed or unframed in multiple sizes. 🖌 Meet the artist I'm Hana — an artist who fell in love with the quiet power of Japanese ink. I'm drawn to misty mountains, a single confident brushstroke, and the calm that lives in empty space. For me every piece is a small world of feeling, painted in silence. Nothing makes me happier than imagining it on your wall, bringing a moment of stillness to your day. Thank you for letting my art into your home. © Original design by Hana / MiniCanvasArt. All rights reserved.",https://canvasminiart.site/p/4527225466.html,https://i.etsystatic.com/65245102/r/il/380607/8173005374/il_fullxfull.8173005374_60ww.jpg,144.99 USD,in stock,new,MiniCanvasArt,"Home & Garden > Decor > Artwork > Posters, Prints, & Visual Artwork",Framed Art Prints
4527225254,Pine Sun | Chinese Ink Painting | Black & White Ink Wall Art | Poster,"Pine Sun — a chinese ink painting print in serene black & white ink. Museum-quality matte poster that brings calm, minimalist beauty to any wall. Printed and shipped for you; available framed or unframed in multiple sizes. 🖌 Meet the artist I'm Hana — an artist who fell in love with the quiet power of Japanese ink. I'm drawn to misty mountains, a single confident brushstroke, and the calm that lives in empty space. For me every piece is a small world of feeling, painted in silence. Nothing makes me happier than imagining it on your wall, bringing a moment of stillness to your day. Thank you for letting my art into your home. © Original design by Hana / MiniCanvasArt. All rights reserved.",https://canvasminiart.site/p/4527225254.html,https://i.etsystatic.com/65245102/r/il/f6d88f/8173004298/il_fullxfull.8173004298_4c8p.jpg,39.99 USD,in stock,new,MiniCanvasArt,"Home & Garden > Decor > Artwork > Posters, Prints, & Visual Artwork",Landscapes & Nature
4527216291,Peach Blossom | Chinese Ink Painting | Black & White Ink Wall Art | Poster,"Peach Blossom — a chinese ink painting print in serene black & white ink. Museum-quality matte poster that brings calm, minimalist beauty to any wall. Printed and shipped for you; available framed or unframed in multiple sizes. 🖌 Meet the artist I'm Hana — an artist who fell in love with the quiet power of Japanese ink. I'm drawn to misty mountains, a single confident brushstroke, and the calm that lives in empty space. For me every piece is a small world of feeling, painted in silence. Nothing makes me happier than imagining it on your wall, bringing a moment of stillness to your day. Thank you for letting my art into your home. © Original design by Hana / MiniCanvasArt. All rights reserved.",https://canvasminiart.site/p/4527216291.html,https://i.etsystatic.com/65245102/r/il/ead785/8173003670/il_fullxfull.8173003670_67gf.jpg,39.99 USD,in stock,new,MiniCanvasArt,"Home & Garden > Decor > Artwork > Posters, Prints, & Visual Artwork",Florals & Botanical
4527225034,Dragon Pearl | Chinese Ink Painting | Black & White Ink Wall Art | Poster,"Dragon Pearl — a chinese ink painting print in serene black & white ink. Museum-quality matte poster that brings calm, minimalist beauty to any wall. Printed and shipped for you; available framed or unframed in multiple sizes. 🖌 Meet the artist I'm Hana — an artist who fell in love with the quiet power of Japanese ink. I'm drawn to misty mountains, a single confident brushstroke, and the calm that lives in empty space. For me every piece is a small world of feeling, painted in silence. Nothing makes me happier than imagining it on your wall, bringing a moment of stillness to your day. Thank you for letting my art into your home. © Original design by Hana / MiniCanvasArt. All rights reserved.",https://canvasminiart.site/p/4527225034.html,https://i.etsystatic.com/65245102/r/il/d39503/8243453114/il_fullxfull.8243453114_jhyp.jpg,39.99 USD,in stock,new,MiniCanvasArt,"Home & Garden > Decor > Artwork > Posters, Prints, & Visual Artwork",Dragons & Mythical
4527224836,Willow Boat | Chinese Ink Painting | Black & White Ink Wall Art | Poster,"Willow Boat — a chinese ink painting print in serene black & white ink. Museum-quality matte poster that brings calm, minimalist beauty to any wall. Printed and shipped for you; available framed or unframed in multiple sizes. 🖌 Meet the artist I'm Hana — an artist who fell in love with the quiet power of Japanese ink. I'm drawn to misty mountains, a single confident brushstroke, and the calm that lives in empty space. For me every piece is a small world of feeling, painted in silence. Nothing makes me happier than imagining it on your wall, bringing a moment of stillness to your day. Thank you for letting my art into your home. © Original design by Hana / MiniCanvasArt. All rights reserved.",https://canvasminiart.site/p/4527224836.html,https://i.etsystatic.com/65245102/r/il/2c7857/8220932661/il_fullxfull.8220932661_relu.jpg,39.99 USD,in stock,new,MiniCanvasArt,"Home & Garden > Decor > Artwork > Posters, Prints, & Visual Artwork",Landscapes & Nature
4527224702,Shanshui Landscape Pavilion | Chinese Ink Painting | Black & White Ink Wall Art | Poster,"Shanshui Landscape Pavilion — a chinese ink painting print in serene black & white ink. Museum-quality matte poster that brings calm, minimalist beauty to any wall. Printed and shipped for you; available framed or unframed in multiple sizes. 🖌 Meet the artist I'm Hana — an artist who fell in love with the quiet power of Japanese ink. I'm drawn to misty mountains, a single confident brushstroke, and the calm that lives in empty space. For me every piece is a small world of feeling, painted in silence. Nothing makes me happier than imagining it on your wall, bringing a moment of stillness to your day. Thank you for letting my art into your home. © Original design by Hana / MiniCanvasArt. All rights reserved.",https://canvasminiart.site/p/4527224702.html,https://i.etsystatic.com/65245102/r/il/3ce452/8173000318/il_fullxfull.8173000318_7087.jpg,39.99 USD,in stock,new,MiniCanvasArt,"Home & Garden > Decor > Artwork > Posters, Prints, & Visual Artwork",Landscapes & Nature
4527224588,Red Lotus | Chinese Ink Painting | Black & White Ink Wall Art | Poster,"Red Lotus — a chinese ink painting print in serene black & white ink. Museum-quality matte poster that brings calm, minimalist beauty to any wall. Printed and shipped for you; available framed or unframed in multiple sizes. 🖌 Meet the artist I'm Hana — an artist who fell in love with the quiet power of Japanese ink. I'm drawn to misty mountains, a single confident brushstroke, and the calm that lives in empty space. For me every piece is a small world of feeling, painted in silence. Nothing makes me happier than imagining it on your wall, bringing a moment of stillness to your day. Thank you for letting my art into your home. © Original design by Hana / MiniCanvasArt. All rights reserved.",https://canvasminiart.site/p/4527224588.html,https://i.etsystatic.com/65245102/r/il/457770/8220930645/il_fullxfull.8220930645_6mbw.jpg,39.99 USD,in stock,new,MiniCanvasArt,"Home & Garden > Decor > Artwork > Posters, Prints, & Visual Artwork",Florals & Botanical
4527215685,Plum Blossom | Chinese Ink Painting | Black & White Ink Wall Art | Poster,"Plum Blossom — a chinese ink painting print in serene black & white ink. Museum-quality matte poster that brings calm, minimalist beauty to any wall. Printed and shipped for you; available framed or unframed in multiple sizes. 🖌 Meet the artist I'm Hana — an artist who fell in love with the quiet power of Japanese ink. I'm drawn to misty mountains, a single confident brushstroke, and the calm that lives in empty space. For me every piece is a small world of feeling, painted in silence. Nothing makes me happier than imagining it on your wall, bringing a moment of stillness to your day. Thank you for letting my art into your home. © Original design by Hana / MiniCanvasArt. All rights reserved.",https://canvasminiart.site/p/4527215685.html,https://i.etsystatic.com/65245102/r/il/5040ac/8220929975/il_fullxfull.8220929975_30bf.jpg,39.99 USD,in stock,new,MiniCanvasArt,"Home & Garden > Decor > Artwork > Posters, Prints, & Visual Artwork",Florals & Botanical
4527224302,Koi Red | Chinese Ink Painting | Black & White Ink Wall Art | Poster,"Koi Red — a chinese ink painting print in serene black & white ink. Museum-quality matte poster that brings calm, minimalist beauty to any wall. Printed and shipped for you; available framed or unframed in multiple sizes. 🖌 Meet the artist I'm Hana — an artist who fell in love with the quiet power of Japanese ink. I'm drawn to misty mountains, a single confident brushstroke, and the calm that lives in empty space. For me every piece is a small world of feeling, painted in silence. Nothing makes me happier than imagining it on your wall, bringing a moment of stillness to your day. Thank you for letting my art into your home. © Original design by Hana / MiniCanvasArt. All rights reserved.",https://canvasminiart.site/p/4527224302.html,https://i.etsystatic.com/65245102/r/il/093300/8220928603/il_fullxfull.8220928603_jx45.jpg,39.99 USD,in stock,new,MiniCanvasArt,"Home & Garden > Decor > Artwork > Posters, Prints, & Visual Artwork",Koi & Animals
4527224156,Crane Red | Chinese Ink Painting | Black & White Ink Wall Art | Poster,"Crane Red — a chinese ink painting print in serene black & white ink. Museum-quality matte poster that brings calm, minimalist beauty to any wall. Printed and shipped for you; available framed or unframed in multiple sizes. 🖌 Meet the artist I'm Hana — an artist who fell in love with the quiet power of Japanese ink. I'm drawn to misty mountains, a single confident brushstroke, and the calm that lives in empty space. For me every piece is a small world of feeling, painted in silence. Nothing makes me happier than imagining it on your wall, bringing a moment of stillness to your day. Thank you for letting my art into your home. © Original design by Hana / MiniCanvasArt. All rights reserved.",https://canvasminiart.site/p/4527224156.html,https://i.etsystatic.com/65245102/r/il/64f26c/8172996672/il_fullxfull.8172996672_5hjk.jpg,39.99 USD,in stock,new,MiniCanvasArt,"Home & Garden > Decor > Artwork > Posters, Prints, & Visual Artwork",Koi & Animals
4527223996,Bamboo Bird | Chinese Ink Painting | Black & White Ink Wall Art | Poster,"Bamboo Bird — a chinese ink painting print in serene black & white ink. Museum-quality matte poster that brings calm, minimalist beauty to any wall. Printed and shipped for you; available framed or unframed in multiple sizes. 🖌 Meet the artist I'm Hana — an artist who fell in love with the quiet power of Japanese ink. I'm drawn to misty mountains, a single confident brushstroke, and the calm that lives in empty space. For me every piece is a small world of feeling, painted in silence. Nothing makes me happier than imagining it on your wall, bringing a moment of stillness to your day. Thank you for letting my art into your home. © Original design by Hana / MiniCanvasArt. All rights reserved.",https://canvasminiart.site/p/4527223996.html,https://i.etsystatic.com/65245102/r/il/de68f9/8220926991/il_fullxfull.8220926991_7f95.jpg,39.99 USD,in stock,new,MiniCanvasArt,"Home & Garden > Decor > Artwork > Posters, Prints, & Visual Artwork",Koi & Animals
4527204379,Japanese Wave Ink Art Print | Serene Black White Minimalist Wall Decor,"Great — a japanese wave ink art print in serene black & white ink. Museum-quality matte poster that brings calm, minimalist beauty to any wall. Printed and shipped for you; available framed or unframed in multiple sizes. 🖌 Meet the artist I'm Hana — an artist who fell in love with the quiet power of Japanese ink. I'm drawn to misty mountains, a single confident brushstroke, and the calm that lives in empty space. For me every piece is a small world of feeling, painted in silence. Nothing makes me happier than imagining it on your wall, bringing a moment of stillness to your day. Thank you for letting my art into your home. © Original design by Hana / MiniCanvasArt. All rights reserved.",https://canvasminiart.site/p/4527204379.html,https://i.etsystatic.com/65245102/r/il/b4a96a/8216364970/il_fullxfull.8216364970_bldn.jpg,144.99 USD,in stock,new,MiniCanvasArt,"Home & Garden > Decor > Artwork > Posters, Prints, & Visual Artwork",Framed Art Prints
4527204229,Zen | Framed Japanese Wave Ink Art | Black & White Ink,"Zen — a japanese wave ink art print in serene black & white ink. Museum-quality matte poster that brings calm, minimalist beauty to any wall. Printed and shipped for you; available framed or unframed in multiple sizes. 🖌 Meet the artist I'm Hana — an artist who fell in love with the quiet power of Japanese ink. I'm drawn to misty mountains, a single confident brushstroke, and the calm that lives in empty space. For me every piece is a small world of feeling, painted in silence. Nothing makes me happier than imagining it on your wall, bringing a moment of stillness to your day. Thank you for letting my art into your home. © Original design by Hana / MiniCanvasArt. All rights reserved.",https://canvasminiart.site/p/4527204229.html,https://i.etsystatic.com/65245102/r/il/e81614/8264332063/il_fullxfull.8264332063_olgf.jpg,144.99 USD,in stock,new,MiniCanvasArt,"Home & Garden > Decor > Artwork > Posters, Prints, & Visual Artwork",Framed Art Prints
4527213058,Tide | Framed Japanese Wave Ink Art | Black & White Ink,"Tide — a japanese wave ink art print in serene black & white ink. Museum-quality matte poster that brings calm, minimalist beauty to any wall. Printed and shipped for you; available framed or unframed in multiple sizes. 🖌 Meet the artist I'm Hana — an artist who fell in love with the quiet power of Japanese ink. I'm drawn to misty mountains, a single confident brushstroke, and the calm that lives in empty space. For me every piece is a small world of feeling, painted in silence. Nothing makes me happier than imagining it on your wall, bringing a moment of stillness to your day. Thank you for letting my art into your home. © Original design by Hana / MiniCanvasArt. All rights reserved.",https://canvasminiart.site/p/4527213058.html,https://i.etsystatic.com/65245102/r/il/0e14e7/8216405958/il_fullxfull.8216405958_8wl8.jpg,144.99 USD,in stock,new,MiniCanvasArt,"Home & Garden > Decor > Artwork > Posters, Prints, & Visual Artwork",Framed Art Prints
4527212986,Swirl | Framed Japanese Wave Ink Art | Black & White Ink,"Swirl — a japanese wave ink art print in serene black & white ink. Museum-quality matte poster that brings calm, minimalist beauty to any wall. Printed and shipped for you; available framed or unframed in multiple sizes. 🖌 Meet the artist I'm Hana — an artist who fell in love with the quiet power of Japanese ink. I'm drawn to misty mountains, a single confident brushstroke, and the calm that lives in empty space. For me every piece is a small world of feeling, painted in silence. Nothing makes me happier than imagining it on your wall, bringing a moment of stillness to your day. Thank you for letting my art into your home. © Original design by Hana / MiniCanvasArt. All rights reserved.",https://canvasminiart.site/p/4527212986.html,https://i.etsystatic.com/65245102/r/il/28bec9/8216405426/il_fullxfull.8216405426_idda.jpg,144.99 USD,in stock,new,MiniCanvasArt,"Home & Garden > Decor > Artwork > Posters, Prints, & Visual Artwork",Framed Art Prints
4527204073,Storm | Framed Japanese Wave Ink Art | Black & White Ink,"Storm — a japanese wave ink art print in serene black & white ink. Museum-quality matte poster that brings calm, minimalist beauty to any wall. Printed and shipped for you; available framed or unframed in multiple sizes. 🖌 Meet the artist I'm Hana — an artist who fell in love with the quiet power of Japanese ink. I'm drawn to misty mountains, a single confident brushstroke, and the calm that lives in empty space. For me every piece is a small world of feeling, painted in silence. Nothing makes me happier than imagining it on your wall, bringing a moment of stillness to your day. Thank you for letting my art into your home. © Original design by Hana / MiniCanvasArt. All rights reserved.",https://canvasminiart.site/p/4527204073.html,https://i.etsystatic.com/65245102/r/il/a0b9c3/8216404972/il_fullxfull.8216404972_ghob.jpg,144.99 USD,in stock,new,MiniCanvasArt,"Home & Garden > Decor > Artwork > Posters, Prints, & Visual Artwork",Framed Art Prints
4527204001,Seafoam | Framed Japanese Wave Ink Art | Black & White Ink,"Seafoam — a japanese wave ink art print in serene black & white ink. Museum-quality matte poster that brings calm, minimalist beauty to any wall. Printed and shipped for you; available framed or unframed in multiple sizes. 🖌 Meet the artist I'm Hana — an artist who fell in love with the quiet power of Japanese ink. I'm drawn to misty mountains, a single confident brushstroke, and the calm that lives in empty space. For me every piece is a small world of feeling, painted in silence. Nothing makes me happier than imagining it on your wall, bringing a moment of stillness to your day. Thank you for letting my art into your home. © Original design by Hana / MiniCanvasArt. All rights reserved.",https://canvasminiart.site/p/4527204001.html,https://i.etsystatic.com/65245102/r/il/0fab88/8216404500/il_fullxfull.8216404500_sfh6.jpg,144.99 USD,in stock,new,MiniCanvasArt,"Home & Garden > Decor > Artwork > Posters, Prints, & Visual Artwork",Framed Art Prints
4527203925,Ripples | Framed Japanese Wave Ink Art | Black & White Ink,"Ripples — a japanese wave ink art print in serene black & white ink. Museum-quality matte poster that brings calm, minimalist beauty to any wall. Printed and shipped for you; available framed or unframed in multiple sizes. 🖌 Meet the artist I'm Hana — an artist who fell in love with the quiet power of Japanese ink. I'm drawn to misty mountains, a single confident brushstroke, and the calm that lives in empty space. For me every piece is a small world of feeling, painted in silence. Nothing makes me happier than imagining it on your wall, bringing a moment of stillness to your day. Thank you for letting my art into your home. © Original design by Hana / MiniCanvasArt. All rights reserved.",https://canvasminiart.site/p/4527203925.html,https://i.etsystatic.com/65245102/r/il/33161a/8216404036/il_fullxfull.8216404036_797m.jpg,144.99 USD,in stock,new,MiniCanvasArt,"Home & Garden > Decor > Artwork > Posters, Prints, & Visual Artwork",Framed Art Prints
4527212728,Minimal | Framed Japanese Wave Ink Art | Black & White Ink,"Minimal — a japanese wave ink art print in serene black & white ink. Museum-quality matte poster that brings calm, minimalist beauty to any wall. Printed and shipped for you; available framed or unframed in multiple sizes. 🖌 Meet the artist I'm Hana — an artist who fell in love with the quiet power of Japanese ink. I'm drawn to misty mountains, a single confident brushstroke, and the calm that lives in empty space. For me every piece is a small world of feeling, painted in silence. Nothing makes me happier than imagining it on your wall, bringing a moment of stillness to your day. Thank you for letting my art into your home. © Original design by Hana / MiniCanvasArt. All rights reserved.",https://canvasminiart.site/p/4527212728.html,https://i.etsystatic.com/65245102/r/il/9b74a4/8216403498/il_fullxfull.8216403498_sx5m.jpg,144.99 USD,in stock,new,MiniCanvasArt,"Home & Garden > Decor > Artwork > Posters, Prints, & Visual Artwork",Framed Art Prints
4527203781,Curl | Framed Japanese Wave Ink Art | Black & White Ink,"Curl — a japanese wave ink art print in serene black & white ink. Museum-quality matte poster that brings calm, minimalist beauty to any wall. Printed and shipped for you; available framed or unframed in multiple sizes. 🖌 Meet the artist I'm Hana — an artist who fell in love with the quiet power of Japanese ink. I'm drawn to misty mountains, a single confident brushstroke, and the calm that lives in empty space. For me every piece is a small world of feeling, painted in silence. Nothing makes me happier than imagining it on your wall, bringing a moment of stillness to your day. Thank you for letting my art into your home. © Original design by Hana / MiniCanvasArt. All rights reserved.",https://canvasminiart.site/p/4527203781.html,https://i.etsystatic.com/65245102/r/il/5ef8a5/8216402528/il_fullxfull.8216402528_aw9e.jpg,144.99 USD,in stock,new,MiniCanvasArt,"Home & Garden > Decor > Artwork > Posters, Prints, & Visual Artwork",Framed Art Prints
4527212590,Calm Sea | Framed Japanese Wave Ink Art | Black & White Ink,"Calm Sea — a japanese wave ink art print in serene black & white ink. Museum-quality matte poster that brings calm, minimalist beauty to any wall. Printed and shipped for you; available framed or unframed in multiple sizes. 🖌 Meet the artist I'm Hana — an artist who fell in love with the quiet power of Japanese ink. I'm drawn to misty mountains, a single confident brushstroke, and the calm that lives in empty space. For me every piece is a small world of feeling, painted in silence. Nothing makes me happier than imagining it on your wall, bringing a moment of stillness to your day. Thank you for letting my art into your home. © Original design by Hana / MiniCanvasArt. All rights reserved.",https://canvasminiart.site/p/4527212590.html,https://i.etsystatic.com/65245102/r/il/9db1ce/8264327797/il_fullxfull.8264327797_15mp.jpg,144.99 USD,in stock,new,MiniCanvasArt,"Home & Garden > Decor > Artwork > Posters, Prints, & Visual Artwork",Framed Art Prints
4527203483,Japanese Wave Ink Art Print | Black White Minimalist Wall Art Poster,"Tide — a japanese wave ink art print in serene black & white ink. Museum-quality matte poster that brings calm, minimalist beauty to any wall. Printed and shipped for you; available framed or unframed in multiple sizes. 🖌 Meet the artist I'm Hana — an artist who fell in love with the quiet power of Japanese ink. I'm drawn to misty mountains, a single confident brushstroke, and the calm that lives in empty space. For me every piece is a small world of feeling, painted in silence. Nothing makes me happier than imagining it on your wall, bringing a moment of stillness to your day. Thank you for letting my art into your home. © Original design by Hana / MiniCanvasArt. All rights reserved.",https://canvasminiart.site/p/4527203483.html,https://i.etsystatic.com/65245102/r/il/f2796e/8264338047/il_fullxfull.8264338047_adgk.jpg,39.99 USD,in stock,new,MiniCanvasArt,"Home & Garden > Decor > Artwork > Posters, Prints, & Visual Artwork",Landscapes & Nature
4527212248,Japanese Wave Ink Art Print | Minimalist Black White Wall Art Poster,"Zen — a japanese wave ink art print in serene black & white ink. Museum-quality matte poster that brings calm, minimalist beauty to any wall. Printed and shipped for you; available framed or unframed in multiple sizes. 🖌 Meet the artist I'm Hana — an artist who fell in love with the quiet power of Japanese ink. I'm drawn to misty mountains, a single confident brushstroke, and the calm that lives in empty space. For me every piece is a small world of feeling, painted in silence. Nothing makes me happier than imagining it on your wall, bringing a moment of stillness to your day. Thank you for letting my art into your home. © Original design by Hana / MiniCanvasArt. All rights reserved.",https://canvasminiart.site/p/4527212248.html,https://i.etsystatic.com/65245102/r/il/f39ddf/8264338471/il_fullxfull.8264338471_dgui.jpg,39.99 USD,in stock,new,MiniCanvasArt,"Home & Garden > Decor > Artwork > Posters, Prints, & Visual Artwork",Landscapes & Nature
4527212164,"Japanese Wave Ink Art Print | Black White Swirl Poster, Minimalist Wall Art","Swirl — a japanese wave ink art print in serene black & white ink. Museum-quality matte poster that brings calm, minimalist beauty to any wall. Printed and shipped for you; available framed or unframed in multiple sizes. 🖌 Meet the artist I'm Hana — an artist who fell in love with the quiet power of Japanese ink. I'm drawn to misty mountains, a single confident brushstroke, and the calm that lives in empty space. For me every piece is a small world of feeling, painted in silence. Nothing makes me happier than imagining it on your wall, bringing a moment of stillness to your day. Thank you for letting my art into your home. © Original design by Hana / MiniCanvasArt. All rights reserved.",https://canvasminiart.site/p/4527212164.html,https://i.etsystatic.com/65245102/r/il/6e9033/8264337635/il_fullxfull.8264337635_pxm2.jpg,39.99 USD,in stock,new,MiniCanvasArt,"Home & Garden > Decor > Artwork > Posters, Prints, & Visual Artwork",Landscapes & Nature
4527203195,Japanese Wave Ink Art Print | Black White Minimalist Wall Art Poster,"Storm — a japanese wave ink art print in serene black & white ink. Museum-quality matte poster that brings calm, minimalist beauty to any wall. Printed and shipped for you; available framed or unframed in multiple sizes. 🖌 Meet the artist I'm Hana — an artist who fell in love with the quiet power of Japanese ink. I'm drawn to misty mountains, a single confident brushstroke, and the calm that lives in empty space. For me every piece is a small world of feeling, painted in silence. Nothing makes me happier than imagining it on your wall, bringing a moment of stillness to your day. Thank you for letting my art into your home. © Original design by Hana / MiniCanvasArt. All rights reserved.",https://canvasminiart.site/p/4527203195.html,https://i.etsystatic.com/65245102/r/il/8cabdd/8216411396/il_fullxfull.8216411396_mtc5.jpg,39.99 USD,in stock,new,MiniCanvasArt,"Home & Garden > Decor > Artwork > Posters, Prints, & Visual Artwork",Landscapes & Nature
4527211976,Japanese Wave Ink Art Print | Seafoam Black White Minimalist Poster,"Seafoam — a japanese wave ink art print in serene black & white ink. Museum-quality matte poster that brings calm, minimalist beauty to any wall. Printed and shipped for you; available framed or unframed in multiple sizes. 🖌 Meet the artist I'm Hana — an artist who fell in love with the quiet power of Japanese ink. I'm drawn to misty mountains, a single confident brushstroke, and the calm that lives in empty space. For me every piece is a small world of feeling, painted in silence. Nothing makes me happier than imagining it on your wall, bringing a moment of stillness to your day. Thank you for letting my art into your home. © Original design by Hana / MiniCanvasArt. All rights reserved.",https://canvasminiart.site/p/4527211976.html,https://i.etsystatic.com/65245102/r/il/f4649c/8216410924/il_fullxfull.8216410924_4cy5.jpg,39.99 USD,in stock,new,MiniCanvasArt,"Home & Garden > Decor > Artwork > Posters, Prints, & Visual Artwork",Landscapes & Nature
4527203001,Japanese Wave Ink Art Print | Black White Minimalist Wall Art Poster,"Ripples — a japanese wave ink art print in serene black & white ink. Museum-quality matte poster that brings calm, minimalist beauty to any wall. Printed and shipped for you; available framed or unframed in multiple sizes. 🖌 Meet the artist I'm Hana — an artist who fell in love with the quiet power of Japanese ink. I'm drawn to misty mountains, a single confident brushstroke, and the calm that lives in empty space. For me every piece is a small world of feeling, painted in silence. Nothing makes me happier than imagining it on your wall, bringing a moment of stillness to your day. Thank you for letting my art into your home. © Original design by Hana / MiniCanvasArt. All rights reserved.",https://canvasminiart.site/p/4527203001.html,https://i.etsystatic.com/65245102/r/il/5419cf/8264336053/il_fullxfull.8264336053_j5ck.jpg,39.99 USD,in stock,new,MiniCanvasArt,"Home & Garden > Decor > Artwork > Posters, Prints, & Visual Artwork",Landscapes & Nature
4527202933,Japanese Wave Ink Art Print | Minimalist Black White Wall Art Poster,"Minimal — a japanese wave ink art print in serene black & white ink. Museum-quality matte poster that brings calm, minimalist beauty to any wall. Printed and shipped for you; available framed or unframed in multiple sizes. 🖌 Meet the artist I'm Hana — an artist who fell in love with the quiet power of Japanese ink. I'm drawn to misty mountains, a single confident brushstroke, and the calm that lives in empty space. For me every piece is a small world of feeling, painted in silence. Nothing makes me happier than imagining it on your wall, bringing a moment of stillness to your day. Thank you for letting my art into your home. © Original design by Hana / MiniCanvasArt. All rights reserved.",https://canvasminiart.site/p/4527202933.html,https://i.etsystatic.com/65245102/r/il/7751bf/8216409800/il_fullxfull.8216409800_nzl7.jpg,39.99 USD,in stock,new,MiniCanvasArt,"Home & Garden > Decor > Artwork > Posters, Prints, & Visual Artwork",Landscapes & Nature
4527211722,Japanese Wave Ink Art Print | Black White Minimalist Wall Poster,"Great — a japanese wave ink art print in serene black & white ink. Museum-quality matte poster that brings calm, minimalist beauty to any wall. Printed and shipped for you; available framed or unframed in multiple sizes. 🖌 Meet the artist I'm Hana — an artist who fell in love with the quiet power of Japanese ink. I'm drawn to misty mountains, a single confident brushstroke, and the calm that lives in empty space. For me every piece is a small world of feeling, painted in silence. Nothing makes me happier than imagining it on your wall, bringing a moment of stillness to your day. Thank you for letting my art into your home. © Original design by Hana / MiniCanvasArt. All rights reserved.",https://canvasminiart.site/p/4527211722.html,https://i.etsystatic.com/65245102/r/il/bdf642/8216365458/il_fullxfull.8216365458_4rx9.jpg,39.99 USD,in stock,new,MiniCanvasArt,"Home & Garden > Decor > Artwork > Posters, Prints, & Visual Artwork",Landscapes & Nature
4527202761,Japanese Wave Ink Art Print | Black White Minimalist Poster (Museum Quality),"Curl — a japanese wave ink art print in serene black & white ink. Museum-quality matte poster that brings calm, minimalist beauty to any wall. Printed and shipped for you; available framed or unframed in multiple sizes. 🖌 Meet the artist I'm Hana — an artist who fell in love with the quiet power of Japanese ink. I'm drawn to misty mountains, a single confident brushstroke, and the calm that lives in empty space. For me every piece is a small world of feeling, painted in silence. Nothing makes me happier than imagining it on your wall, bringing a moment of stillness to your day. Thank you for letting my art into your home. © Original design by Hana / MiniCanvasArt. All rights reserved.",https://canvasminiart.site/p/4527202761.html,https://i.etsystatic.com/65245102/r/il/19a51a/8216408836/il_fullxfull.8216408836_lmlb.jpg,39.99 USD,in stock,new,MiniCanvasArt,"Home & Garden > Decor > Artwork > Posters, Prints, & Visual Artwork",Landscapes & Nature
4527202677,"Japanese Wave Ink Art Print | Calm Sea, Black White Minimalist Wall Art","Calm Sea — a japanese wave ink art print in serene black & white ink. Museum-quality matte poster that brings calm, minimalist beauty to any wall. Printed and shipped for you; available framed or unframed in multiple sizes. 🖌 Meet the artist I'm Hana — an artist who fell in love with the quiet power of Japanese ink. I'm drawn to misty mountains, a single confident brushstroke, and the calm that lives in empty space. For me every piece is a small world of feeling, painted in silence. Nothing makes me happier than imagining it on your wall, bringing a moment of stillness to your day. Thank you for letting my art into your home. © Original design by Hana / MiniCanvasArt. All rights reserved.",https://canvasminiart.site/p/4527202677.html,https://i.etsystatic.com/65245102/r/il/06667d/8216408428/il_fullxfull.8216408428_3aee.jpg,39.99 USD,in stock,new,MiniCanvasArt,"Home & Garden > Decor > Artwork > Posters, Prints, & Visual Artwork",Landscapes & Nature
4527193373,"Japanese Woman Ink Art Print | Red Parasol, Black White Minimalist Wall Decor","Woman Parasol — a japanese woman ink art print in serene black & white ink. Museum-quality matte poster that brings calm, minimalist beauty to any wall. Printed and shipped for you; available framed or unframed in multiple sizes. 🖌 Meet the artist I'm Hana — an artist who fell in love with the quiet power of Japanese ink. I'm drawn to misty mountains, a single confident brushstroke, and the calm that lives in empty space. For me every piece is a small world of feeling, painted in silence. Nothing makes me happier than imagining it on your wall, bringing a moment of stillness to your day. Thank you for letting my art into your home. © Original design by Hana / MiniCanvasArt. All rights reserved.",https://canvasminiart.site/p/4527193373.html,https://i.etsystatic.com/65245102/r/il/216979/8172829642/il_fullxfull.8172829642_94pn.jpg,144.99 USD,in stock,new,MiniCanvasArt,"Home & Garden > Decor > Artwork > Posters, Prints, & Visual Artwork",Framed Art Prints
4527193325,Japanese Woman Cherry Branch Ink Art Print | Black White Serene Wall Decor,"Woman Cherry Branch — a japanese woman ink art print in serene black & white ink. Museum-quality matte poster that brings calm, minimalist beauty to any wall. Printed and shipped for you; available framed or unframed in multiple sizes. 🖌 Meet the artist I'm Hana — an artist who fell in love with the quiet power of Japanese ink. I'm drawn to misty mountains, a single confident brushstroke, and the calm that lives in empty space. For me every piece is a small world of feeling, painted in silence. Nothing makes me happier than imagining it on your wall, bringing a moment of stillness to your day. Thank you for letting my art into your home. © Original design by Hana / MiniCanvasArt. All rights reserved.",https://canvasminiart.site/p/4527193325.html,https://i.etsystatic.com/65245102/r/il/4f1248/8220762125/il_fullxfull.8220762125_l3i3.jpg,144.99 USD,in stock,new,MiniCanvasArt,"Home & Garden > Decor > Artwork > Posters, Prints, & Visual Artwork",Framed Art Prints
4527201922,Woman Umbrella Rain | Framed Japanese Woman Ink Art | Black & White Ink,"Woman Umbrella Rain — a japanese woman ink art print in serene black & white ink. Museum-quality matte poster that brings calm, minimalist beauty to any wall. Printed and shipped for you; available framed or unframed in multiple sizes. 🖌 Meet the artist I'm Hana — an artist who fell in love with the quiet power of Japanese ink. I'm drawn to misty mountains, a single confident brushstroke, and the calm that lives in empty space. For me every piece is a small world of feeling, painted in silence. Nothing makes me happier than imagining it on your wall, bringing a moment of stillness to your day. Thank you for letting my art into your home. © Original design by Hana / MiniCanvasArt. All rights reserved.",https://canvasminiart.site/p/4527201922.html,https://i.etsystatic.com/65245102/r/il/4bf1a7/8172828146/il_fullxfull.8172828146_pnzn.jpg,144.99 USD,in stock,new,MiniCanvasArt,"Home & Garden > Decor > Artwork > Posters, Prints, & Visual Artwork",Framed Art Prints
4527201868,Japanese Woman Reading Scroll Ink Art Print | Black White Minimalist Wall Decor,"Woman Reading Scroll — a japanese woman ink art print in serene black & white ink. Museum-quality matte poster that brings calm, minimalist beauty to any wall. Printed and shipped for you; available framed or unframed in multiple sizes. 🖌 Meet the artist I'm Hana — an artist who fell in love with the quiet power of Japanese ink. I'm drawn to misty mountains, a single confident brushstroke, and the calm that lives in empty space. For me every piece is a small world of feeling, painted in silence. Nothing makes me happier than imagining it on your wall, bringing a moment of stillness to your day. Thank you for letting my art into your home. © Original design by Hana / MiniCanvasArt. All rights reserved.",https://canvasminiart.site/p/4527201868.html,https://i.etsystatic.com/65245102/r/il/f557cd/8172827676/il_fullxfull.8172827676_o62x.jpg,144.99 USD,in stock,new,MiniCanvasArt,"Home & Garden > Decor > Artwork > Posters, Prints, & Visual Artwork",Framed Art Prints
4527201816,Japanese Woman Lantern Night Ink Art Print | Black White Minimalist Wall Decor,"Woman Lantern Night — a japanese woman ink art print in serene black & white ink. Museum-quality matte poster that brings calm, minimalist beauty to any wall. Printed and shipped for you; available framed or unframed in multiple sizes. 🖌 Meet the artist I'm Hana — an artist who fell in love with the quiet power of Japanese ink. I'm drawn to misty mountains, a single confident brushstroke, and the calm that lives in empty space. For me every piece is a small world of feeling, painted in silence. Nothing makes me happier than imagining it on your wall, bringing a moment of stillness to your day. Thank you for letting my art into your home. © Original design by Hana / MiniCanvasArt. All rights reserved.",https://canvasminiart.site/p/4527201816.html,https://i.etsystatic.com/65245102/r/il/7b7fb4/8172827342/il_fullxfull.8172827342_iavf.jpg,144.99 USD,in stock,new,MiniCanvasArt,"Home & Garden > Decor > Artwork > Posters, Prints, & Visual Artwork",Framed Art Prints
4527201774,Japanese Woman Koto Ink Art Print | Black White Serene Wall Decor,"Woman Koto — a japanese woman ink art print in serene black & white ink. Museum-quality matte poster that brings calm, minimalist beauty to any wall. Printed and shipped for you; available framed or unframed in multiple sizes. 🖌 Meet the artist I'm Hana — an artist who fell in love with the quiet power of Japanese ink. I'm drawn to misty mountains, a single confident brushstroke, and the calm that lives in empty space. For me every piece is a small world of feeling, painted in silence. Nothing makes me happier than imagining it on your wall, bringing a moment of stillness to your day. Thank you for letting my art into your home. © Original design by Hana / MiniCanvasArt. All rights reserved.",https://canvasminiart.site/p/4527201774.html,https://i.etsystatic.com/65245102/r/il/901a1e/8172826950/il_fullxfull.8172826950_40eg.jpg,144.99 USD,in stock,new,MiniCanvasArt,"Home & Garden > Decor > Artwork > Posters, Prints, & Visual Artwork",Framed Art Prints
4527192931,Woman Dance Sleeves | Framed Japanese Woman Ink Art | Black & White Ink,"Woman Dance Sleeves — a japanese woman ink art print in serene black & white ink. Museum-quality matte poster that brings calm, minimalist beauty to any wall. Printed and shipped for you; available framed or unframed in multiple sizes. 🖌 Meet the artist I'm Hana — an artist who fell in love with the quiet power of Japanese ink. I'm drawn to misty mountains, a single confident brushstroke, and the calm that lives in empty space. For me every piece is a small world of feeling, painted in silence. Nothing makes me happier than imagining it on your wall, bringing a moment of stillness to your day. Thank you for letting my art into your home. © Original design by Hana / MiniCanvasArt. All rights reserved.",https://canvasminiart.site/p/4527192931.html,https://i.etsystatic.com/65245102/r/il/0cd2b2/8172826574/il_fullxfull.8172826574_rs9f.jpg,144.99 USD,in stock,new,MiniCanvasArt,"Home & Garden > Decor > Artwork > Posters, Prints, & Visual Artwork",Framed Art Prints
4527201682,Japanese Woman Calligraphy Ink Art Print | Black White Minimalist Wall Decor,"Woman Calligraphy — a japanese woman ink art print in serene black & white ink. Museum-quality matte poster that brings calm, minimalist beauty to any wall. Printed and shipped for you; available framed or unframed in multiple sizes. 🖌 Meet the artist I'm Hana — an artist who fell in love with the quiet power of Japanese ink. I'm drawn to misty mountains, a single confident brushstroke, and the calm that lives in empty space. For me every piece is a small world of feeling, painted in silence. Nothing makes me happier than imagining it on your wall, bringing a moment of stillness to your day. Thank you for letting my art into your home. © Original design by Hana / MiniCanvasArt. All rights reserved.",https://canvasminiart.site/p/4527201682.html,https://i.etsystatic.com/65245102/r/il/850e9f/8220758793/il_fullxfull.8220758793_5we3.jpg,144.99 USD,in stock,new,MiniCanvasArt,"Home & Garden > Decor > Artwork > Posters, Prints, & Visual Artwork",Framed Art Prints
4527192799,Geisha Mirror | Framed Japanese Woman Ink Art | Black & White Ink,"Geisha Mirror — a japanese woman ink art print in serene black & white ink. Museum-quality matte poster that brings calm, minimalist beauty to any wall. Printed and shipped for you; available framed or unframed in multiple sizes. 🖌 Meet the artist I'm Hana — an artist who fell in love with the quiet power of Japanese ink. I'm drawn to misty mountains, a single confident brushstroke, and the calm that lives in empty space. For me every piece is a small world of feeling, painted in silence. Nothing makes me happier than imagining it on your wall, bringing a moment of stillness to your day. Thank you for letting my art into your home. © Original design by Hana / MiniCanvasArt. All rights reserved.",https://canvasminiart.site/p/4527192799.html,https://i.etsystatic.com/65245102/r/il/7610e7/8172825470/il_fullxfull.8172825470_nopx.jpg,144.99 USD,in stock,new,MiniCanvasArt,"Home & Garden > Decor > Artwork > Posters, Prints, & Visual Artwork",Framed Art Prints
4527192721,Geisha Dance Fan | Framed Japanese Woman Ink Art | Black & White Ink,"Geisha Dance Fan — a japanese woman ink art print in serene black & white ink. Museum-quality matte poster that brings calm, minimalist beauty to any wall. Printed and shipped for you; available framed or unframed in multiple sizes. 🖌 Meet the artist I'm Hana — an artist who fell in love with the quiet power of Japanese ink. I'm drawn to misty mountains, a single confident brushstroke, and the calm that lives in empty space. For me every piece is a small world of feeling, painted in silence. Nothing makes me happier than imagining it on your wall, bringing a moment of stillness to your day. Thank you for letting my art into your home. © Original design by Hana / MiniCanvasArt. All rights reserved.",https://canvasminiart.site/p/4527192721.html,https://i.etsystatic.com/65245102/r/il/bffe4b/8172824974/il_fullxfull.8172824974_b3vb.jpg,144.99 USD,in stock,new,MiniCanvasArt,"Home & Garden > Decor > Artwork > Posters, Prints, & Visual Artwork",Framed Art Prints
4527192639,Japanese Woman Reading Scroll Ink Art Print | Black White Minimalist Wall Decor,"Woman Reading Scroll — a japanese woman ink art print in serene black & white ink. Museum-quality matte poster that brings calm, minimalist beauty to any wall. Printed and shipped for you; available framed or unframed in multiple sizes. 🖌 Meet the artist I'm Hana — an artist who fell in love with the quiet power of Japanese ink. I'm drawn to misty mountains, a single confident brushstroke, and the calm that lives in empty space. For me every piece is a small world of feeling, painted in silence. Nothing makes me happier than imagining it on your wall, bringing a moment of stillness to your day. Thank you for letting my art into your home. © Original design by Hana / MiniCanvasArt. All rights reserved.",https://canvasminiart.site/p/4527192639.html,https://i.etsystatic.com/65245102/r/il/d4fa4d/8172824356/il_fullxfull.8172824356_9blh.jpg,39.99 USD,in stock,new,MiniCanvasArt,"Home & Garden > Decor > Artwork > Posters, Prints, & Visual Artwork",Japanese & Zen
4527201398,Geisha Mirror | Japanese Woman Ink Art | Black & White Ink Wall Art | Poster,"Geisha Mirror — a japanese woman ink art print in serene black & white ink. Museum-quality matte poster that brings calm, minimalist beauty to any wall. Printed and shipped for you; available framed or unframed in multiple sizes. 🖌 Meet the artist I'm Hana — an artist who fell in love with the quiet power of Japanese ink. I'm drawn to misty mountains, a single confident brushstroke, and the calm that lives in empty space. For me every piece is a small world of feeling, painted in silence. Nothing makes me happier than imagining it on your wall, bringing a moment of stillness to your day. Thank you for letting my art into your home. © Original design by Hana / MiniCanvasArt. All rights reserved.",https://canvasminiart.site/p/4527201398.html,https://i.etsystatic.com/65245102/r/il/b9e26d/8172823868/il_fullxfull.8172823868_gi75.jpg,39.99 USD,in stock,new,MiniCanvasArt,"Home & Garden > Decor > Artwork > Posters, Prints, & Visual Artwork",Japanese & Zen
4527201324,Woman Umbrella Rain | Japanese Woman Ink Art | Black & White Ink Wall Art | Poster,"Woman Umbrella Rain — a japanese woman ink art print in serene black & white ink. Museum-quality matte poster that brings calm, minimalist beauty to any wall. Printed and shipped for you; available framed or unframed in multiple sizes. 🖌 Meet the artist I'm Hana — an artist who fell in love with the quiet power of Japanese ink. I'm drawn to misty mountains, a single confident brushstroke, and the calm that lives in empty space. For me every piece is a small world of feeling, painted in silence. Nothing makes me happier than imagining it on your wall, bringing a moment of stillness to your day. Thank you for letting my art into your home. © Original design by Hana / MiniCanvasArt. All rights reserved.",https://canvasminiart.site/p/4527201324.html,https://i.etsystatic.com/65245102/r/il/71a184/8172823320/il_fullxfull.8172823320_gye4.jpg,39.99 USD,in stock,new,MiniCanvasArt,"Home & Garden > Decor > Artwork > Posters, Prints, & Visual Artwork",Japanese & Zen
4527201260,Woman Parasol | Japanese Woman Ink Art | Black & White Ink Wall Art | Poster,"Woman Parasol — a japanese woman ink art print in serene black & white ink. Museum-quality matte poster that brings calm, minimalist beauty to any wall. Printed and shipped for you; available framed or unframed in multiple sizes. 🖌 Meet the artist I'm Hana — an artist who fell in love with the quiet power of Japanese ink. I'm drawn to misty mountains, a single confident brushstroke, and the calm that lives in empty space. For me every piece is a small world of feeling, painted in silence. Nothing makes me happier than imagining it on your wall, bringing a moment of stillness to your day. Thank you for letting my art into your home. © Original design by Hana / MiniCanvasArt. All rights reserved.",https://canvasminiart.site/p/4527201260.html,https://i.etsystatic.com/65245102/r/il/b3c2c2/8172822658/il_fullxfull.8172822658_q5ff.jpg,39.99 USD,in stock,new,MiniCanvasArt,"Home & Garden > Decor > Artwork > Posters, Prints, & Visual Artwork",Japanese & Zen
4527201182,Woman Lantern Night | Japanese Woman Ink Art | Black & White Ink Wall Art | Poster,"Woman Lantern Night — a japanese woman ink art print in serene black & white ink. Museum-quality matte poster that brings calm, minimalist beauty to any wall. Printed and shipped for you; available framed or unframed in multiple sizes. 🖌 Meet the artist I'm Hana — an artist who fell in love with the quiet power of Japanese ink. I'm drawn to misty mountains, a single confident brushstroke, and the calm that lives in empty space. For me every piece is a small world of feeling, painted in silence. Nothing makes me happier than imagining it on your wall, bringing a moment of stillness to your day. Thank you for letting my art into your home. © Original design by Hana / MiniCanvasArt. All rights reserved.",https://canvasminiart.site/p/4527201182.html,https://i.etsystatic.com/65245102/r/il/5c7e00/8220755001/il_fullxfull.8220755001_1ot6.jpg,39.99 USD,in stock,new,MiniCanvasArt,"Home & Garden > Decor > Artwork > Posters, Prints, & Visual Artwork",Japanese & Zen
4527192307,Japanese Woman Koto Ink Art Print | Black White Minimalist Wall Poster,"Woman Koto — a japanese woman ink art print in serene black & white ink. Museum-quality matte poster that brings calm, minimalist beauty to any wall. Printed and shipped for you; available framed or unframed in multiple sizes. 🖌 Meet the artist I'm Hana — an artist who fell in love with the quiet power of Japanese ink. I'm drawn to misty mountains, a single confident brushstroke, and the calm that lives in empty space. For me every piece is a small world of feeling, painted in silence. Nothing makes me happier than imagining it on your wall, bringing a moment of stillness to your day. Thank you for letting my art into your home. © Original design by Hana / MiniCanvasArt. All rights reserved.",https://canvasminiart.site/p/4527192307.html,https://i.etsystatic.com/65245102/r/il/f09302/8172821606/il_fullxfull.8172821606_edxq.jpg,39.99 USD,in stock,new,MiniCanvasArt,"Home & Garden > Decor > Artwork > Posters, Prints, & Visual Artwork",Japanese & Zen
4527192135,Japanese Woman Ink Art Print | Serene Black White Dance Sleeves Poster,"Woman Dance Sleeves — a japanese woman ink art print in serene black & white ink. Museum-quality matte poster that brings calm, minimalist beauty to any wall. Printed and shipped for you; available framed or unframed in multiple sizes. 🖌 Meet the artist I'm Hana — an artist who fell in love with the quiet power of Japanese ink. I'm drawn to misty mountains, a single confident brushstroke, and the calm that lives in empty space. For me every piece is a small world of feeling, painted in silence. Nothing makes me happier than imagining it on your wall, bringing a moment of stillness to your day. Thank you for letting my art into your home. © Original design by Hana / MiniCanvasArt. All rights reserved.",https://canvasminiart.site/p/4527192135.html,https://i.etsystatic.com/65245102/r/il/40cad9/8172820016/il_fullxfull.8172820016_l386.jpg,39.99 USD,in stock,new,MiniCanvasArt,"Home & Garden > Decor > Artwork > Posters, Prints, & Visual Artwork",Japanese & Zen
4527200840,Woman Cherry Branch | Japanese Woman Ink Art | Black & White Ink Wall Art | Poster,"Woman Cherry Branch — a japanese woman ink art print in serene black & white ink. Museum-quality matte poster that brings calm, minimalist beauty to any wall. Printed and shipped for you; available framed or unframed in multiple sizes. 🖌 Meet the artist I'm Hana — an artist who fell in love with the quiet power of Japanese ink. I'm drawn to misty mountains, a single confident brushstroke, and the calm that lives in empty space. For me every piece is a small world of feeling, painted in silence. Nothing makes me happier than imagining it on your wall, bringing a moment of stillness to your day. Thank you for letting my art into your home. © Original design by Hana / MiniCanvasArt. All rights reserved.",https://canvasminiart.site/p/4527200840.html,https://i.etsystatic.com/65245102/r/il/67f19a/8220752041/il_fullxfull.8220752041_kqa3.jpg,39.99 USD,in stock,new,MiniCanvasArt,"Home & Garden > Decor > Artwork > Posters, Prints, & Visual Artwork",Japanese & Zen
4527191893,Japanese Woman Calligraphy Ink Art | Black White Minimalist Poster,"Woman Calligraphy — a japanese woman ink art print in serene black & white ink. Museum-quality matte poster that brings calm, minimalist beauty to any wall. Printed and shipped for you; available framed or unframed in multiple sizes. 🖌 Meet the artist I'm Hana — an artist who fell in love with the quiet power of Japanese ink. I'm drawn to misty mountains, a single confident brushstroke, and the calm that lives in empty space. For me every piece is a small world of feeling, painted in silence. Nothing makes me happier than imagining it on your wall, bringing a moment of stillness to your day. Thank you for letting my art into your home. © Original design by Hana / MiniCanvasArt. All rights reserved.",https://canvasminiart.site/p/4527191893.html,https://i.etsystatic.com/65245102/r/il/b8fd90/8220751241/il_fullxfull.8220751241_rc5m.jpg,39.99 USD,in stock,new,MiniCanvasArt,"Home & Garden > Decor > Artwork > Posters, Prints, & Visual Artwork",Japanese & Zen
4527191811,Geisha Ink Art Print | Japanese Woman Dance Fan Wall Poster,"Geisha Dance Fan — a japanese woman ink art print in serene black & white ink. Museum-quality matte poster that brings calm, minimalist beauty to any wall. Printed and shipped for you; available framed or unframed in multiple sizes. 🖌 Meet the artist I'm Hana — an artist who fell in love with the quiet power of Japanese ink. I'm drawn to misty mountains, a single confident brushstroke, and the calm that lives in empty space. For me every piece is a small world of feeling, painted in silence. Nothing makes me happier than imagining it on your wall, bringing a moment of stillness to your day. Thank you for letting my art into your home. © Original design by Hana / MiniCanvasArt. All rights reserved.",https://canvasminiart.site/p/4527191811.html,https://i.etsystatic.com/65245102/r/il/a7ac4e/8220750713/il_fullxfull.8220750713_fmah.jpg,39.99 USD,in stock,new,MiniCanvasArt,"Home & Garden > Decor > Artwork > Posters, Prints, & Visual Artwork",Japanese & Zen
4527182817,Two Trees | Framed Cherry Blossom Sumi-e | Black & White Ink,"Two Trees — a cherry blossom sumi-e print in serene black & white ink. Museum-quality matte poster that brings calm, minimalist beauty to any wall. Printed and shipped for you; available framed or unframed in multiple sizes. 🖌 Meet the artist I'm Hana — I find endless wonder in nature's small details: a single stem, the curve of a wing, the patience of growing things. I paint them simply, in ink and light, so the beauty speaks for itself. Each piece is a quiet love letter to the natural world. It would mean so much to know it now brings a little calm into your space. Thank you for welcoming my art into your home. © Original design by Hana / MiniCanvasArt. All rights reserved.",https://canvasminiart.site/p/4527182817.html,https://i.etsystatic.com/65245102/r/il/793d9e/8220681583/il_fullxfull.8220681583_foqz.jpg,144.99 USD,in stock,new,MiniCanvasArt,"Home & Garden > Decor > Artwork > Posters, Prints, & Visual Artwork",Framed Art Prints
4527182659,Swirl Petals | Framed Cherry Blossom Sumi-e | Black & White Ink,"Swirl Petals — a cherry blossom sumi-e print in serene black & white ink. Museum-quality matte poster that brings calm, minimalist beauty to any wall. Printed and shipped for you; available framed or unframed in multiple sizes. 🖌 Meet the artist I'm Hana — I find endless wonder in nature's small details: a single stem, the curve of a wing, the patience of growing things. I paint them simply, in ink and light, so the beauty speaks for itself. Each piece is a quiet love letter to the natural world. It would mean so much to know it now brings a little calm into your space. Thank you for welcoming my art into your home. © Original design by Hana / MiniCanvasArt. All rights reserved.",https://canvasminiart.site/p/4527182659.html,https://i.etsystatic.com/65245102/r/il/2f4ddb/8220680211/il_fullxfull.8220680211_abzw.jpg,144.99 USD,in stock,new,MiniCanvasArt,"Home & Garden > Decor > Artwork > Posters, Prints, & Visual Artwork",Framed Art Prints
4527182621,River | Framed Cherry Blossom Sumi-e | Black & White Ink,"River — a cherry blossom sumi-e print in serene black & white ink. Museum-quality matte poster that brings calm, minimalist beauty to any wall. Printed and shipped for you; available framed or unframed in multiple sizes. 🖌 Meet the artist I'm Hana — I find endless wonder in nature's small details: a single stem, the curve of a wing, the patience of growing things. I paint them simply, in ink and light, so the beauty speaks for itself. Each piece is a quiet love letter to the natural world. It would mean so much to know it now brings a little calm into your space. Thank you for welcoming my art into your home. © Original design by Hana / MiniCanvasArt. All rights reserved.",https://canvasminiart.site/p/4527182621.html,https://i.etsystatic.com/65245102/r/il/69749b/8172746522/il_fullxfull.8172746522_idtz.jpg,144.99 USD,in stock,new,MiniCanvasArt,"Home & Garden > Decor > Artwork > Posters, Prints, & Visual Artwork",Framed Art Prints
4527191528,Petals Fall | Framed Cherry Blossom Sumi-e | Black & White Ink,"Petals Fall — a cherry blossom sumi-e print in serene black & white ink. Museum-quality matte poster that brings calm, minimalist beauty to any wall. Printed and shipped for you; available framed or unframed in multiple sizes. 🖌 Meet the artist I'm Hana — I find endless wonder in nature's small details: a single stem, the curve of a wing, the patience of growing things. I paint them simply, in ink and light, so the beauty speaks for itself. Each piece is a quiet love letter to the natural world. It would mean so much to know it now brings a little calm into your space. Thank you for welcoming my art into your home. © Original design by Hana / MiniCanvasArt. All rights reserved.",https://canvasminiart.site/p/4527191528.html,https://i.etsystatic.com/65245102/r/il/7a1b29/8220679593/il_fullxfull.8220679593_b8xp.jpg,144.99 USD,in stock,new,MiniCanvasArt,"Home & Garden > Decor > Artwork > Posters, Prints, & Visual Artwork",Framed Art Prints
4527191470,Path | Framed Cherry Blossom Sumi-e | Black & White Ink,"Path — a cherry blossom sumi-e print in serene black & white ink. Museum-quality matte poster that brings calm, minimalist beauty to any wall. Printed and shipped for you; available framed or unframed in multiple sizes. 🖌 Meet the artist I'm Hana — I find endless wonder in nature's small details: a single stem, the curve of a wing, the patience of growing things. I paint them simply, in ink and light, so the beauty speaks for itself. Each piece is a quiet love letter to the natural world. It would mean so much to know it now brings a little calm into your space. Thank you for welcoming my art into your home. © Original design by Hana / MiniCanvasArt. All rights reserved.",https://canvasminiart.site/p/4527191470.html,https://i.etsystatic.com/65245102/r/il/70f88f/8220679301/il_fullxfull.8220679301_6cav.jpg,144.99 USD,in stock,new,MiniCanvasArt,"Home & Garden > Decor > Artwork > Posters, Prints, & Visual Artwork",Framed Art Prints
4527191342,Pagoda | Framed Cherry Blossom Sumi-e | Black & White Ink,"Pagoda — a cherry blossom sumi-e print in serene black & white ink. Museum-quality matte poster that brings calm, minimalist beauty to any wall. Printed and shipped for you; available framed or unframed in multiple sizes. 🖌 Meet the artist I'm Hana — I find endless wonder in nature's small details: a single stem, the curve of a wing, the patience of growing things. I paint them simply, in ink and light, so the beauty speaks for itself. Each piece is a quiet love letter to the natural world. It would mean so much to know it now brings a little calm into your space. Thank you for welcoming my art into your home. © Original design by Hana / MiniCanvasArt. All rights reserved.",https://canvasminiart.site/p/4527191342.html,https://i.etsystatic.com/65245102/r/il/8fb087/8172744834/il_fullxfull.8172744834_na5t.jpg,144.99 USD,in stock,new,MiniCanvasArt,"Home & Garden > Decor > Artwork > Posters, Prints, & Visual Artwork",Framed Art Prints
4527191272,Mountain | Framed Cherry Blossom Sumi-e | Black & White Ink,"Mountain — a cherry blossom sumi-e print in serene black & white ink. Museum-quality matte poster that brings calm, minimalist beauty to any wall. Printed and shipped for you; available framed or unframed in multiple sizes. 🖌 Meet the artist I'm Hana — I find endless wonder in nature's small details: a single stem, the curve of a wing, the patience of growing things. I paint them simply, in ink and light, so the beauty speaks for itself. Each piece is a quiet love letter to the natural world. It would mean so much to know it now brings a little calm into your space. Thank you for welcoming my art into your home. © Original design by Hana / MiniCanvasArt. All rights reserved.",https://canvasminiart.site/p/4527191272.html,https://i.etsystatic.com/65245102/r/il/0bbfcd/8220677819/il_fullxfull.8220677819_bszg.jpg,144.99 USD,in stock,new,MiniCanvasArt,"Home & Garden > Decor > Artwork > Posters, Prints, & Visual Artwork",Framed Art Prints
4527182285,Lone Tree | Framed Cherry Blossom Sumi-e | Black & White Ink,"Lone Tree — a cherry blossom sumi-e print in serene black & white ink. Museum-quality matte poster that brings calm, minimalist beauty to any wall. Printed and shipped for you; available framed or unframed in multiple sizes. 🖌 Meet the artist I'm Hana — I find endless wonder in nature's small details: a single stem, the curve of a wing, the patience of growing things. I paint them simply, in ink and light, so the beauty speaks for itself. Each piece is a quiet love letter to the natural world. It would mean so much to know it now brings a little calm into your space. Thank you for welcoming my art into your home. © Original design by Hana / MiniCanvasArt. All rights reserved.",https://canvasminiart.site/p/4527182285.html,https://i.etsystatic.com/65245102/r/il/11b6e4/8220677203/il_fullxfull.8220677203_b2on.jpg,144.99 USD,in stock,new,MiniCanvasArt,"Home & Garden > Decor > Artwork > Posters, Prints, & Visual Artwork",Framed Art Prints
4527191124,Bridge | Framed Cherry Blossom Sumi-e | Black & White Ink,"Bridge — a cherry blossom sumi-e print in serene black & white ink. Museum-quality matte poster that brings calm, minimalist beauty to any wall. Printed and shipped for you; available framed or unframed in multiple sizes. 🖌 Meet the artist I'm Hana — I find endless wonder in nature's small details: a single stem, the curve of a wing, the patience of growing things. I paint them simply, in ink and light, so the beauty speaks for itself. Each piece is a quiet love letter to the natural world. It would mean so much to know it now brings a little calm into your space. Thank you for welcoming my art into your home. © Original design by Hana / MiniCanvasArt. All rights reserved.",https://canvasminiart.site/p/4527191124.html,https://i.etsystatic.com/65245102/r/il/daca46/8172743382/il_fullxfull.8172743382_i8rf.jpg,144.99 USD,in stock,new,MiniCanvasArt,"Home & Garden > Decor > Artwork > Posters, Prints, & Visual Artwork",Framed Art Prints
4527191096,Branch | Framed Cherry Blossom Sumi-e | Black & White Ink,"Branch — a cherry blossom sumi-e print in serene black & white ink. Museum-quality matte poster that brings calm, minimalist beauty to any wall. Printed and shipped for you; available framed or unframed in multiple sizes. 🖌 Meet the artist I'm Hana — I find endless wonder in nature's small details: a single stem, the curve of a wing, the patience of growing things. I paint them simply, in ink and light, so the beauty speaks for itself. Each piece is a quiet love letter to the natural world. It would mean so much to know it now brings a little calm into your space. Thank you for welcoming my art into your home. © Original design by Hana / MiniCanvasArt. All rights reserved.",https://canvasminiart.site/p/4527191096.html,https://i.etsystatic.com/65245102/r/il/37766c/8172743050/il_fullxfull.8172743050_in8w.jpg,144.99 USD,in stock,new,MiniCanvasArt,"Home & Garden > Decor > Artwork > Posters, Prints, & Visual Artwork",Framed Art Prints
4527182039,Swirl Petals | Cherry Blossom Sumi-e | Black & White Ink Wall Art | Poster,"Swirl Petals — a cherry blossom sumi-e print in serene black & white ink. Museum-quality matte poster that brings calm, minimalist beauty to any wall. Printed and shipped for you; available framed or unframed in multiple sizes. 🖌 Meet the artist I'm Hana — I find endless wonder in nature's small details: a single stem, the curve of a wing, the patience of growing things. I paint them simply, in ink and light, so the beauty speaks for itself. Each piece is a quiet love letter to the natural world. It would mean so much to know it now brings a little calm into your space. Thank you for welcoming my art into your home. © Original design by Hana / MiniCanvasArt. All rights reserved.",https://canvasminiart.site/p/4527182039.html,https://i.etsystatic.com/65245102/r/il/8c066b/8220675917/il_fullxfull.8220675917_srb2.jpg,39.99 USD,in stock,new,MiniCanvasArt,"Home & Garden > Decor > Artwork > Posters, Prints, & Visual Artwork",Florals & Botanical
4527190930,River | Cherry Blossom Sumi-e | Black & White Ink Wall Art | Poster,"River — a cherry blossom sumi-e print in serene black & white ink. Museum-quality matte poster that brings calm, minimalist beauty to any wall. Printed and shipped for you; available framed or unframed in multiple sizes. 🖌 Meet the artist I'm Hana — I find endless wonder in nature's small details: a single stem, the curve of a wing, the patience of growing things. I paint them simply, in ink and light, so the beauty speaks for itself. Each piece is a quiet love letter to the natural world. It would mean so much to know it now brings a little calm into your space. Thank you for welcoming my art into your home. © Original design by Hana / MiniCanvasArt. All rights reserved.",https://canvasminiart.site/p/4527190930.html,https://i.etsystatic.com/65245102/r/il/6b7c54/8172741856/il_fullxfull.8172741856_g5tt.jpg,39.99 USD,in stock,new,MiniCanvasArt,"Home & Garden > Decor > Artwork > Posters, Prints, & Visual Artwork",Florals & Botanical
4527181927,Two Trees | Cherry Blossom Sumi-e | Black & White Ink Wall Art | Poster,"Two Trees — a cherry blossom sumi-e print in serene black & white ink. Museum-quality matte poster that brings calm, minimalist beauty to any wall. Printed and shipped for you; available framed or unframed in multiple sizes. 🖌 Meet the artist I'm Hana — I find endless wonder in nature's small details: a single stem, the curve of a wing, the patience of growing things. I paint them simply, in ink and light, so the beauty speaks for itself. Each piece is a quiet love letter to the natural world. It would mean so much to know it now brings a little calm into your space. Thank you for welcoming my art into your home. © Original design by Hana / MiniCanvasArt. All rights reserved.",https://canvasminiart.site/p/4527181927.html,https://i.etsystatic.com/65245102/r/il/69df2c/8172741330/il_fullxfull.8172741330_f3xx.jpg,39.99 USD,in stock,new,MiniCanvasArt,"Home & Garden > Decor > Artwork > Posters, Prints, & Visual Artwork",Florals & Botanical
4527181853,Petals Fall | Cherry Blossom Sumi-e | Black & White Ink Wall Art | Poster,"Petals Fall — a cherry blossom sumi-e print in serene black & white ink. Museum-quality matte poster that brings calm, minimalist beauty to any wall. Printed and shipped for you; available framed or unframed in multiple sizes. 🖌 Meet the artist I'm Hana — I find endless wonder in nature's small details: a single stem, the curve of a wing, the patience of growing things. I paint them simply, in ink and light, so the beauty speaks for itself. Each piece is a quiet love letter to the natural world. It would mean so much to know it now brings a little calm into your space. Thank you for welcoming my art into your home. © Original design by Hana / MiniCanvasArt. All rights reserved.",https://canvasminiart.site/p/4527181853.html,https://i.etsystatic.com/65245102/r/il/3e3e86/8172740818/il_fullxfull.8172740818_6qt3.jpg,39.99 USD,in stock,new,MiniCanvasArt,"Home & Garden > Decor > Artwork > Posters, Prints, & Visual Artwork",Florals & Botanical
4527181781,Path | Cherry Blossom Sumi-e | Black & White Ink Wall Art | Poster,"Path — a cherry blossom sumi-e print in serene black & white ink. Museum-quality matte poster that brings calm, minimalist beauty to any wall. Printed and shipped for you; available framed or unframed in multiple sizes. 🖌 Meet the artist I'm Hana — I find endless wonder in nature's small details: a single stem, the curve of a wing, the patience of growing things. I paint them simply, in ink and light, so the beauty speaks for itself. Each piece is a quiet love letter to the natural world. It would mean so much to know it now brings a little calm into your space. Thank you for welcoming my art into your home. © Original design by Hana / MiniCanvasArt. All rights reserved.",https://canvasminiart.site/p/4527181781.html,https://i.etsystatic.com/65245102/r/il/a5216d/8220673915/il_fullxfull.8220673915_che7.jpg,39.99 USD,in stock,new,MiniCanvasArt,"Home & Garden > Decor > Artwork > Posters, Prints, & Visual Artwork",Florals & Botanical
4527190666,Pagoda | Cherry Blossom Sumi-e | Black & White Ink Wall Art | Poster,"Pagoda — a cherry blossom sumi-e print in serene black & white ink. Museum-quality matte poster that brings calm, minimalist beauty to any wall. Printed and shipped for you; available framed or unframed in multiple sizes. 🖌 Meet the artist I'm Hana — I find endless wonder in nature's small details: a single stem, the curve of a wing, the patience of growing things. I paint them simply, in ink and light, so the beauty speaks for itself. Each piece is a quiet love letter to the natural world. It would mean so much to know it now brings a little calm into your space. Thank you for welcoming my art into your home. © Original design by Hana / MiniCanvasArt. All rights reserved.",https://canvasminiart.site/p/4527190666.html,https://i.etsystatic.com/65245102/r/il/3ac25c/8172739804/il_fullxfull.8172739804_ce5q.jpg,39.99 USD,in stock,new,MiniCanvasArt,"Home & Garden > Decor > Artwork > Posters, Prints, & Visual Artwork",Florals & Botanical
4527181643,Mountain | Cherry Blossom Sumi-e | Black & White Ink Wall Art | Poster,"Mountain — a cherry blossom sumi-e print in serene black & white ink. Museum-quality matte poster that brings calm, minimalist beauty to any wall. Printed and shipped for you; available framed or unframed in multiple sizes. 🖌 Meet the artist I'm Hana — I find endless wonder in nature's small details: a single stem, the curve of a wing, the patience of growing things. I paint them simply, in ink and light, so the beauty speaks for itself. Each piece is a quiet love letter to the natural world. It would mean so much to know it now brings a little calm into your space. Thank you for welcoming my art into your home. © Original design by Hana / MiniCanvasArt. All rights reserved.",https://canvasminiart.site/p/4527181643.html,https://i.etsystatic.com/65245102/r/il/d06fae/8172739354/il_fullxfull.8172739354_eg2y.jpg,39.99 USD,in stock,new,MiniCanvasArt,"Home & Garden > Decor > Artwork > Posters, Prints, & Visual Artwork",Landscapes & Nature
4527181601,Lone Tree | Cherry Blossom Sumi-e | Black & White Ink Wall Art | Poster,"Lone Tree — a cherry blossom sumi-e print in serene black & white ink. Museum-quality matte poster that brings calm, minimalist beauty to any wall. Printed and shipped for you; available framed or unframed in multiple sizes. 🖌 Meet the artist I'm Hana — I find endless wonder in nature's small details: a single stem, the curve of a wing, the patience of growing things. I paint them simply, in ink and light, so the beauty speaks for itself. Each piece is a quiet love letter to the natural world. It would mean so much to know it now brings a little calm into your space. Thank you for welcoming my art into your home. © Original design by Hana / MiniCanvasArt. All rights reserved.",https://canvasminiart.site/p/4527181601.html,https://i.etsystatic.com/65245102/r/il/4a6b87/8172738978/il_fullxfull.8172738978_37rh.jpg,39.99 USD,in stock,new,MiniCanvasArt,"Home & Garden > Decor > Artwork > Posters, Prints, & Visual Artwork",Florals & Botanical
4527190512,Bridge | Cherry Blossom Sumi-e | Black & White Ink Wall Art | Poster,"Bridge — a cherry blossom sumi-e print in serene black & white ink. Museum-quality matte poster that brings calm, minimalist beauty to any wall. Printed and shipped for you; available framed or unframed in multiple sizes. 🖌 Meet the artist I'm Hana — I find endless wonder in nature's small details: a single stem, the curve of a wing, the patience of growing things. I paint them simply, in ink and light, so the beauty speaks for itself. Each piece is a quiet love letter to the natural world. It would mean so much to know it now brings a little calm into your space. Thank you for welcoming my art into your home. © Original design by Hana / MiniCanvasArt. All rights reserved.",https://canvasminiart.site/p/4527190512.html,https://i.etsystatic.com/65245102/r/il/821522/8172738598/il_fullxfull.8172738598_8p0h.jpg,39.99 USD,in stock,new,MiniCanvasArt,"Home & Garden > Decor > Artwork > Posters, Prints, & Visual Artwork",Florals & Botanical
4527181401,Branch | Cherry Blossom Sumi-e | Black & White Ink Wall Art | Poster,"Branch — a cherry blossom sumi-e print in serene black & white ink. Museum-quality matte poster that brings calm, minimalist beauty to any wall. Printed and shipped for you; available framed or unframed in multiple sizes. 🖌 Meet the artist I'm Hana — I find endless wonder in nature's small details: a single stem, the curve of a wing, the patience of growing things. I paint them simply, in ink and light, so the beauty speaks for itself. Each piece is a quiet love letter to the natural world. It would mean so much to know it now brings a little calm into your space. Thank you for welcoming my art into your home. © Original design by Hana / MiniCanvasArt. All rights reserved.",https://canvasminiart.site/p/4527181401.html,https://i.etsystatic.com/65245102/r/il/964479/8220671033/il_fullxfull.8220671033_9tur.jpg,39.99 USD,in stock,new,MiniCanvasArt,"Home & Garden > Decor > Artwork > Posters, Prints, & Visual Artwork",Florals & Botanical
4527190310,Lotus Flower Ink Art Print | Black White Serene Minimalist Wall Poster,"Stems — a lotus flower ink art print in serene black & white ink. Museum-quality matte poster that brings calm, minimalist beauty to any wall. Printed and shipped for you; available framed or unframed in multiple sizes. 🖌 Meet the artist I'm Hana — I find endless wonder in nature's small details: a single stem, the curve of a wing, the patience of growing things. I paint them simply, in ink and light, so the beauty speaks for itself. Each piece is a quiet love letter to the natural world. It would mean so much to know it now brings a little calm into your space. Thank you for welcoming my art into your home. © Original design by Hana / MiniCanvasArt. All rights reserved.",https://canvasminiart.site/p/4527190310.html,https://i.etsystatic.com/65245102/r/il/f2c381/8172736978/il_fullxfull.8172736978_c437.jpg,39.99 USD,in stock,new,MiniCanvasArt,"Home & Garden > Decor > Artwork > Posters, Prints, & Visual Artwork",Florals & Botanical
4527172425,Stems | Framed Lotus Flower Ink Art | Black & White Ink,"Stems — a lotus flower ink art print in serene black & white ink. Museum-quality matte poster that brings calm, minimalist beauty to any wall. Printed and shipped for you; available framed or unframed in multiple sizes. 🖌 Meet the artist I'm Hana — I find endless wonder in nature's small details: a single stem, the curve of a wing, the patience of growing things. I paint them simply, in ink and light, so the beauty speaks for itself. Each piece is a quiet love letter to the natural world. It would mean so much to know it now brings a little calm into your space. Thank you for welcoming my art into your home. © Original design by Hana / MiniCanvasArt. All rights reserved.",https://canvasminiart.site/p/4527172425.html,https://i.etsystatic.com/65245102/r/il/c1ac98/8172669156/il_fullxfull.8172669156_7fk9.jpg,144.99 USD,in stock,new,MiniCanvasArt,"Home & Garden > Decor > Artwork > Posters, Prints, & Visual Artwork",Framed Art Prints
4527181438,Pond | Framed Lotus Flower Ink Art | Black & White Ink,"Pond — a lotus flower ink art print in serene black & white ink. Museum-quality matte poster that brings calm, minimalist beauty to any wall. Printed and shipped for you; available framed or unframed in multiple sizes. 🖌 Meet the artist I'm Hana — I find endless wonder in nature's small details: a single stem, the curve of a wing, the patience of growing things. I paint them simply, in ink and light, so the beauty speaks for itself. Each piece is a quiet love letter to the natural world. It would mean so much to know it now brings a little calm into your space. Thank you for welcoming my art into your home. © Original design by Hana / MiniCanvasArt. All rights reserved.",https://canvasminiart.site/p/4527181438.html,https://i.etsystatic.com/65245102/r/il/e29519/8172667856/il_fullxfull.8172667856_3mks.jpg,144.99 USD,in stock,new,MiniCanvasArt,"Home & Garden > Decor > Artwork > Posters, Prints, & Visual Artwork",Framed Art Prints
4527181322,Zen | Framed Lotus Flower Ink Art | Black & White Ink,"Zen — a lotus flower ink art print in serene black & white ink. Museum-quality matte poster that brings calm, minimalist beauty to any wall. Printed and shipped for you; available framed or unframed in multiple sizes. 🖌 Meet the artist I'm Hana — I find endless wonder in nature's small details: a single stem, the curve of a wing, the patience of growing things. I paint them simply, in ink and light, so the beauty speaks for itself. Each piece is a quiet love letter to the natural world. It would mean so much to know it now brings a little calm into your space. Thank you for welcoming my art into your home. © Original design by Hana / MiniCanvasArt. All rights reserved.",https://canvasminiart.site/p/4527181322.html,https://i.etsystatic.com/65245102/r/il/bddd0f/8172667004/il_fullxfull.8172667004_bkao.jpg,144.99 USD,in stock,new,MiniCanvasArt,"Home & Garden > Decor > Artwork > Posters, Prints, & Visual Artwork",Framed Art Prints
4527181194,Single | Framed Lotus Flower Ink Art | Black & White Ink,"Single — a lotus flower ink art print in serene black & white ink. Museum-quality matte poster that brings calm, minimalist beauty to any wall. Printed and shipped for you; available framed or unframed in multiple sizes. 🖌 Meet the artist I'm Hana — I find endless wonder in nature's small details: a single stem, the curve of a wing, the patience of growing things. I paint them simply, in ink and light, so the beauty speaks for itself. Each piece is a quiet love letter to the natural world. It would mean so much to know it now brings a little calm into your space. Thank you for welcoming my art into your home. © Original design by Hana / MiniCanvasArt. All rights reserved.",https://canvasminiart.site/p/4527181194.html,https://i.etsystatic.com/65245102/r/il/4660a3/8172666218/il_fullxfull.8172666218_iqnr.jpg,144.99 USD,in stock,new,MiniCanvasArt,"Home & Garden > Decor > Artwork > Posters, Prints, & Visual Artwork",Framed Art Prints
4527181138,Reflection | Framed Lotus Flower Ink Art | Black & White Ink,"Reflection — a lotus flower ink art print in serene black & white ink. Museum-quality matte poster that brings calm, minimalist beauty to any wall. Printed and shipped for you; available framed or unframed in multiple sizes. 🖌 Meet the artist I'm Hana — I find endless wonder in nature's small details: a single stem, the curve of a wing, the patience of growing things. I paint them simply, in ink and light, so the beauty speaks for itself. Each piece is a quiet love letter to the natural world. It would mean so much to know it now brings a little calm into your space. Thank you for welcoming my art into your home. © Original design by Hana / MiniCanvasArt. All rights reserved.",https://canvasminiart.site/p/4527181138.html,https://i.etsystatic.com/65245102/r/il/ea8806/8172665900/il_fullxfull.8172665900_x0l3.jpg,144.99 USD,in stock,new,MiniCanvasArt,"Home & Garden > Decor > Artwork > Posters, Prints, & Visual Artwork",Framed Art Prints
4527171879,Pair | Framed Lotus Flower Ink Art | Black & White Ink,"Pair — a lotus flower ink art print in serene black & white ink. Museum-quality matte poster that brings calm, minimalist beauty to any wall. Printed and shipped for you; available framed or unframed in multiple sizes. 🖌 Meet the artist I'm Hana — I find endless wonder in nature's small details: a single stem, the curve of a wing, the patience of growing things. I paint them simply, in ink and light, so the beauty speaks for itself. Each piece is a quiet love letter to the natural world. It would mean so much to know it now brings a little calm into your space. Thank you for welcoming my art into your home. © Original design by Hana / MiniCanvasArt. All rights reserved.",https://canvasminiart.site/p/4527171879.html,https://i.etsystatic.com/65245102/r/il/0d8e02/8220598483/il_fullxfull.8220598483_rtwe.jpg,144.99 USD,in stock,new,MiniCanvasArt,"Home & Garden > Decor > Artwork > Posters, Prints, & Visual Artwork",Framed Art Prints
4527180978,Open | Framed Lotus Flower Ink Art | Black & White Ink,"Open — a lotus flower ink art print in serene black & white ink. Museum-quality matte poster that brings calm, minimalist beauty to any wall. Printed and shipped for you; available framed or unframed in multiple sizes. 🖌 Meet the artist I'm Hana — I find endless wonder in nature's small details: a single stem, the curve of a wing, the patience of growing things. I paint them simply, in ink and light, so the beauty speaks for itself. Each piece is a quiet love letter to the natural world. It would mean so much to know it now brings a little calm into your space. Thank you for welcoming my art into your home. © Original design by Hana / MiniCanvasArt. All rights reserved.",https://canvasminiart.site/p/4527180978.html,https://i.etsystatic.com/65245102/r/il/d6b390/8172664590/il_fullxfull.8172664590_7evh.jpg,144.99 USD,in stock,new,MiniCanvasArt,"Home & Garden > Decor > Artwork > Posters, Prints, & Visual Artwork",Framed Art Prints
4527180940,Minimal | Framed Lotus Flower Ink Art | Black & White Ink,"Minimal — a lotus flower ink art print in serene black & white ink. Museum-quality matte poster that brings calm, minimalist beauty to any wall. Printed and shipped for you; available framed or unframed in multiple sizes. 🖌 Meet the artist I'm Hana — I find endless wonder in nature's small details: a single stem, the curve of a wing, the patience of growing things. I paint them simply, in ink and light, so the beauty speaks for itself. Each piece is a quiet love letter to the natural world. It would mean so much to know it now brings a little calm into your space. Thank you for welcoming my art into your home. © Original design by Hana / MiniCanvasArt. All rights reserved.",https://canvasminiart.site/p/4527180940.html,https://i.etsystatic.com/65245102/r/il/cc1a8c/8220597663/il_fullxfull.8220597663_aop5.jpg,144.99 USD,in stock,new,MiniCanvasArt,"Home & Garden > Decor > Artwork > Posters, Prints, & Visual Artwork",Framed Art Prints
4527171757,Dragonfly | Framed Lotus Flower Ink Art | Black & White Ink,"Dragonfly — a lotus flower ink art print in serene black & white ink. Museum-quality matte poster that brings calm, minimalist beauty to any wall. Printed and shipped for you; available framed or unframed in multiple sizes. 🖌 Meet the artist I'm Hana — I find endless wonder in nature's small details: a single stem, the curve of a wing, the patience of growing things. I paint them simply, in ink and light, so the beauty speaks for itself. Each piece is a quiet love letter to the natural world. It would mean so much to know it now brings a little calm into your space. Thank you for welcoming my art into your home. © Original design by Hana / MiniCanvasArt. All rights reserved.",https://canvasminiart.site/p/4527171757.html,https://i.etsystatic.com/65245102/r/il/aca550/8220597221/il_fullxfull.8220597221_sv7u.jpg,144.99 USD,in stock,new,MiniCanvasArt,"Home & Garden > Decor > Artwork > Posters, Prints, & Visual Artwork",Framed Art Prints
4527180818,Bud | Framed Lotus Flower Ink Art | Black & White Ink,"Bud — a lotus flower ink art print in serene black & white ink. Museum-quality matte poster that brings calm, minimalist beauty to any wall. Printed and shipped for you; available framed or unframed in multiple sizes. 🖌 Meet the artist I'm Hana — I find endless wonder in nature's small details: a single stem, the curve of a wing, the patience of growing things. I paint them simply, in ink and light, so the beauty speaks for itself. Each piece is a quiet love letter to the natural world. It would mean so much to know it now brings a little calm into your space. Thank you for welcoming my art into your home. © Original design by Hana / MiniCanvasArt. All rights reserved.",https://canvasminiart.site/p/4527180818.html,https://i.etsystatic.com/65245102/r/il/eeea3b/8172663222/il_fullxfull.8172663222_68y0.jpg,144.99 USD,in stock,new,MiniCanvasArt,"Home & Garden > Decor > Artwork > Posters, Prints, & Visual Artwork",Framed Art Prints
4527171603,Zen Lotus Flower Ink Art Print | Black and White Minimalist Wall Art Poster,"Zen — a lotus flower ink art print in serene black & white ink. Museum-quality matte poster that brings calm, minimalist beauty to any wall. Printed and shipped for you; available framed or unframed in multiple sizes. 🖌 Meet the artist I'm Hana — I find endless wonder in nature's small details: a single stem, the curve of a wing, the patience of growing things. I paint them simply, in ink and light, so the beauty speaks for itself. Each piece is a quiet love letter to the natural world. It would mean so much to know it now brings a little calm into your space. Thank you for welcoming my art into your home. © Original design by Hana / MiniCanvasArt. All rights reserved.",https://canvasminiart.site/p/4527171603.html,https://i.etsystatic.com/65245102/r/il/3e0f65/8220596163/il_fullxfull.8220596163_j92f.jpg,39.99 USD,in stock,new,MiniCanvasArt,"Home & Garden > Decor > Artwork > Posters, Prints, & Visual Artwork",Florals & Botanical
4527171541,Lotus Flower Ink Art Print | Black and White Minimalist Wall Art Poster,"Single — a lotus flower ink art print in serene black & white ink. Museum-quality matte poster that brings calm, minimalist beauty to any wall. Printed and shipped for you; available framed or unframed in multiple sizes. 🖌 Meet the artist I'm Hana — I find endless wonder in nature's small details: a single stem, the curve of a wing, the patience of growing things. I paint them simply, in ink and light, so the beauty speaks for itself. Each piece is a quiet love letter to the natural world. It would mean so much to know it now brings a little calm into your space. Thank you for welcoming my art into your home. © Original design by Hana / MiniCanvasArt. All rights reserved.",https://canvasminiart.site/p/4527171541.html,https://i.etsystatic.com/65245102/r/il/aa4ef5/8220595591/il_fullxfull.8220595591_4fxy.jpg,39.99 USD,in stock,new,MiniCanvasArt,"Home & Garden > Decor > Artwork > Posters, Prints, & Visual Artwork",Florals & Botanical
4527180620,Lotus Flower Ink Art Print | Black White Serene Wall Poster,"Reflection — a lotus flower ink art print in serene black & white ink. Museum-quality matte poster that brings calm, minimalist beauty to any wall. Printed and shipped for you; available framed or unframed in multiple sizes. 🖌 Meet the artist I'm Hana — I find endless wonder in nature's small details: a single stem, the curve of a wing, the patience of growing things. I paint them simply, in ink and light, so the beauty speaks for itself. Each piece is a quiet love letter to the natural world. It would mean so much to know it now brings a little calm into your space. Thank you for welcoming my art into your home. © Original design by Hana / MiniCanvasArt. All rights reserved.",https://canvasminiart.site/p/4527180620.html,https://i.etsystatic.com/65245102/r/il/d7d661/8220595081/il_fullxfull.8220595081_ql2z.jpg,39.99 USD,in stock,new,MiniCanvasArt,"Home & Garden > Decor > Artwork > Posters, Prints, & Visual Artwork",Florals & Botanical
4527171403,Lotus Flower Ink Art Print | Black and White Serene Pond Wall Art,"Pond — a lotus flower ink art print in serene black & white ink. Museum-quality matte poster that brings calm, minimalist beauty to any wall. Printed and shipped for you; available framed or unframed in multiple sizes. 🖌 Meet the artist I'm Hana — I find endless wonder in nature's small details: a single stem, the curve of a wing, the patience of growing things. I paint them simply, in ink and light, so the beauty speaks for itself. Each piece is a quiet love letter to the natural world. It would mean so much to know it now brings a little calm into your space. Thank you for welcoming my art into your home. © Original design by Hana / MiniCanvasArt. All rights reserved.",https://canvasminiart.site/p/4527171403.html,https://i.etsystatic.com/65245102/r/il/718a00/8172661290/il_fullxfull.8172661290_lq1j.jpg,39.99 USD,in stock,new,MiniCanvasArt,"Home & Garden > Decor > Artwork > Posters, Prints, & Visual Artwork",Florals & Botanical
4527171343,Lotus Flower Ink Art Print | Black White Minimalist Wall Poster,"Pair — a lotus flower ink art print in serene black & white ink. Museum-quality matte poster that brings calm, minimalist beauty to any wall. Printed and shipped for you; available framed or unframed in multiple sizes. 🖌 Meet the artist I'm Hana — I find endless wonder in nature's small details: a single stem, the curve of a wing, the patience of growing things. I paint them simply, in ink and light, so the beauty speaks for itself. Each piece is a quiet love letter to the natural world. It would mean so much to know it now brings a little calm into your space. Thank you for welcoming my art into your home. © Original design by Hana / MiniCanvasArt. All rights reserved.",https://canvasminiart.site/p/4527171343.html,https://i.etsystatic.com/65245102/r/il/bea214/8172660726/il_fullxfull.8172660726_pphj.jpg,39.99 USD,in stock,new,MiniCanvasArt,"Home & Garden > Decor > Artwork > Posters, Prints, & Visual Artwork",Florals & Botanical
4527180388,Lotus Flower Ink Art Print | Black White Minimalist Wall Art Poster,"Open — a lotus flower ink art print in serene black & white ink. Museum-quality matte poster that brings calm, minimalist beauty to any wall. Printed and shipped for you; available framed or unframed in multiple sizes. 🖌 Meet the artist I'm Hana — I find endless wonder in nature's small details: a single stem, the curve of a wing, the patience of growing things. I paint them simply, in ink and light, so the beauty speaks for itself. Each piece is a quiet love letter to the natural world. It would mean so much to know it now brings a little calm into your space. Thank you for welcoming my art into your home. © Original design by Hana / MiniCanvasArt. All rights reserved.",https://canvasminiart.site/p/4527180388.html,https://i.etsystatic.com/65245102/r/il/0d89b5/8220593495/il_fullxfull.8220593495_rgwp.jpg,39.99 USD,in stock,new,MiniCanvasArt,"Home & Garden > Decor > Artwork > Posters, Prints, & Visual Artwork",Florals & Botanical
4527171225,Minimal Lotus Flower Ink Art Print | Black White Serene Wall Poster,"Minimal — a lotus flower ink art print in serene black & white ink. Museum-quality matte poster that brings calm, minimalist beauty to any wall. Printed and shipped for you; available framed or unframed in multiple sizes. 🖌 Meet the artist I'm Hana — I find endless wonder in nature's small details: a single stem, the curve of a wing, the patience of growing things. I paint them simply, in ink and light, so the beauty speaks for itself. Each piece is a quiet love letter to the natural world. It would mean so much to know it now brings a little calm into your space. Thank you for welcoming my art into your home. © Original design by Hana / MiniCanvasArt. All rights reserved.",https://canvasminiart.site/p/4527171225.html,https://i.etsystatic.com/65245102/r/il/a7b99f/8220593015/il_fullxfull.8220593015_h8jj.jpg,39.99 USD,in stock,new,MiniCanvasArt,"Home & Garden > Decor > Artwork > Posters, Prints, & Visual Artwork",Florals & Botanical
4527180264,Dragonfly Lotus Flower Ink Art Print | Black White Minimalist Wall Art,"Dragonfly — a lotus flower ink art print in serene black & white ink. Museum-quality matte poster that brings calm, minimalist beauty to any wall. Printed and shipped for you; available framed or unframed in multiple sizes. 🖌 Meet the artist I'm Hana — I find endless wonder in nature's small details: a single stem, the curve of a wing, the patience of growing things. I paint them simply, in ink and light, so the beauty speaks for itself. Each piece is a quiet love letter to the natural world. It would mean so much to know it now brings a little calm into your space. Thank you for welcoming my art into your home. © Original design by Hana / MiniCanvasArt. All rights reserved.",https://canvasminiart.site/p/4527180264.html,https://i.etsystatic.com/65245102/r/il/ba3b64/8220592419/il_fullxfull.8220592419_qpt2.jpg,39.99 USD,in stock,new,MiniCanvasArt,"Home & Garden > Decor > Artwork > Posters, Prints, & Visual Artwork",Dragons & Mythical
4527180194,Lotus Flower Ink Art Print | Black White Minimalist Wall Art Poster,"Bud — a lotus flower ink art print in serene black & white ink. Museum-quality matte poster that brings calm, minimalist beauty to any wall. Printed and shipped for you; available framed or unframed in multiple sizes. 🖌 Meet the artist I'm Hana — I find endless wonder in nature's small details: a single stem, the curve of a wing, the patience of growing things. I paint them simply, in ink and light, so the beauty speaks for itself. Each piece is a quiet love letter to the natural world. It would mean so much to know it now brings a little calm into your space. Thank you for welcoming my art into your home. © Original design by Hana / MiniCanvasArt. All rights reserved.",https://canvasminiart.site/p/4527180194.html,https://i.etsystatic.com/65245102/r/il/e31a4a/8220591935/il_fullxfull.8220591935_8dmf.jpg,39.99 USD,in stock,new,MiniCanvasArt,"Home & Garden > Decor > Artwork > Posters, Prints, & Visual Artwork",Florals & Botanical
4527163603,Waterfall | Framed Koi Fish Ink Art | Black & White Ink,"Waterfall — a koi fish ink art print in serene black & white ink. Museum-quality matte poster that brings calm, minimalist beauty to any wall. Printed and shipped for you; available framed or unframed in multiple sizes. 🖌 Meet the artist I'm Hana — an artist who fell in love with the quiet power of Japanese ink. I'm drawn to misty mountains, a single confident brushstroke, and the calm that lives in empty space. For me every piece is a small world of feeling, painted in silence. Nothing makes me happier than imagining it on your wall, bringing a moment of stillness to your day. Thank you for letting my art into your home. © Original design by Hana / MiniCanvasArt. All rights reserved.",https://canvasminiart.site/p/4527163603.html,https://i.etsystatic.com/65245102/r/il/d079ef/8293439039/il_fullxfull.8293439039_que6.jpg,144.99 USD,in stock,new,MiniCanvasArt,"Home & Garden > Decor > Artwork > Posters, Prints, & Visual Artwork",Framed Art Prints
4527163571,Ripples | Framed Koi Fish Ink Art | Black & White Ink,"Ripples — a koi fish ink art print in serene black & white ink. Museum-quality matte poster that brings calm, minimalist beauty to any wall. Printed and shipped for you; available framed or unframed in multiple sizes. 🖌 Meet the artist I'm Hana — an artist who fell in love with the quiet power of Japanese ink. I'm drawn to misty mountains, a single confident brushstroke, and the calm that lives in empty space. For me every piece is a small world of feeling, painted in silence. Nothing makes me happier than imagining it on your wall, bringing a moment of stillness to your day. Thank you for letting my art into your home. © Original design by Hana / MiniCanvasArt. All rights reserved.",https://canvasminiart.site/p/4527163571.html,https://i.etsystatic.com/65245102/r/il/7ede4b/8293414045/il_fullxfull.8293414045_8db7.jpg,144.99 USD,in stock,new,MiniCanvasArt,"Home & Garden > Decor > Artwork > Posters, Prints, & Visual Artwork",Framed Art Prints
4527163519,Three | Framed Koi Fish Ink Art | Black & White Ink,"Three — a koi fish ink art print in serene black & white ink. Museum-quality matte poster that brings calm, minimalist beauty to any wall. Printed and shipped for you; available framed or unframed in multiple sizes. 🖌 Meet the artist I'm Hana — an artist who fell in love with the quiet power of Japanese ink. I'm drawn to misty mountains, a single confident brushstroke, and the calm that lives in empty space. For me every piece is a small world of feeling, painted in silence. Nothing makes me happier than imagining it on your wall, bringing a moment of stillness to your day. Thank you for letting my art into your home. © Original design by Hana / MiniCanvasArt. All rights reserved.",https://canvasminiart.site/p/4527163519.html,https://i.etsystatic.com/65245102/r/il/c3195a/8293428607/il_fullxfull.8293428607_ijmp.jpg,144.99 USD,in stock,new,MiniCanvasArt,"Home & Garden > Decor > Artwork > Posters, Prints, & Visual Artwork",Framed Art Prints
4527173182,Single | Framed Koi Fish Ink Art | Black & White Ink,"Single — a koi fish ink art print in serene black & white ink. Museum-quality matte poster that brings calm, minimalist beauty to any wall. Printed and shipped for you; available framed or unframed in multiple sizes. 🖌 Meet the artist I'm Hana — an artist who fell in love with the quiet power of Japanese ink. I'm drawn to misty mountains, a single confident brushstroke, and the calm that lives in empty space. For me every piece is a small world of feeling, painted in silence. Nothing makes me happier than imagining it on your wall, bringing a moment of stillness to your day. Thank you for letting my art into your home. © Original design by Hana / MiniCanvasArt. All rights reserved.",https://canvasminiart.site/p/4527173182.html,https://i.etsystatic.com/65245102/r/il/2b1f18/8245505958/il_fullxfull.8245505958_akep.jpg,144.99 USD,in stock,new,MiniCanvasArt,"Home & Garden > Decor > Artwork > Posters, Prints, & Visual Artwork",Framed Art Prints
4527173152,School | Framed Koi Fish Ink Art | Black & White Ink,"School — a koi fish ink art print in serene black & white ink. Museum-quality matte poster that brings calm, minimalist beauty to any wall. Printed and shipped for you; available framed or unframed in multiple sizes. 🖌 Meet the artist I'm Hana — an artist who fell in love with the quiet power of Japanese ink. I'm drawn to misty mountains, a single confident brushstroke, and the calm that lives in empty space. For me every piece is a small world of feeling, painted in silence. Nothing makes me happier than imagining it on your wall, bringing a moment of stillness to your day. Thank you for letting my art into your home. © Original design by Hana / MiniCanvasArt. All rights reserved.",https://canvasminiart.site/p/4527173152.html,https://i.etsystatic.com/65245102/r/il/063d7b/8293417851/il_fullxfull.8293417851_nqv0.jpg,144.99 USD,in stock,new,MiniCanvasArt,"Home & Garden > Decor > Artwork > Posters, Prints, & Visual Artwork",Framed Art Prints
4527163419,Pond Lotus | Framed Koi Fish Ink Art | Black & White Ink,"Pond Lotus — a koi fish ink art print in serene black & white ink. Museum-quality matte poster that brings calm, minimalist beauty to any wall. Printed and shipped for you; available framed or unframed in multiple sizes. 🖌 Meet the artist I'm Hana — an artist who fell in love with the quiet power of Japanese ink. I'm drawn to misty mountains, a single confident brushstroke, and the calm that lives in empty space. For me every piece is a small world of feeling, painted in silence. Nothing makes me happier than imagining it on your wall, bringing a moment of stillness to your day. Thank you for letting my art into your home. © Original design by Hana / MiniCanvasArt. All rights reserved.",https://canvasminiart.site/p/4527163419.html,https://i.etsystatic.com/65245102/r/il/123cb2/8245495234/il_fullxfull.8245495234_gvw1.jpg,144.99 USD,in stock,new,MiniCanvasArt,"Home & Garden > Decor > Artwork > Posters, Prints, & Visual Artwork",Framed Art Prints
4527163375,Pair | Framed Koi Fish Ink Art | Black & White Ink,"Pair — a koi fish ink art print in serene black & white ink. Museum-quality matte poster that brings calm, minimalist beauty to any wall. Printed and shipped for you; available framed or unframed in multiple sizes. 🖌 Meet the artist I'm Hana — an artist who fell in love with the quiet power of Japanese ink. I'm drawn to misty mountains, a single confident brushstroke, and the calm that lives in empty space. For me every piece is a small world of feeling, painted in silence. Nothing makes me happier than imagining it on your wall, bringing a moment of stillness to your day. Thank you for letting my art into your home. © Original design by Hana / MiniCanvasArt. All rights reserved.",https://canvasminiart.site/p/4527163375.html,https://i.etsystatic.com/65245102/r/il/f64e62/8293406699/il_fullxfull.8293406699_os8e.jpg,144.99 USD,in stock,new,MiniCanvasArt,"Home & Garden > Decor > Artwork > Posters, Prints, & Visual Artwork",Framed Art Prints
4527173048,Minimal | Framed Koi Fish Ink Art | Black & White Ink,"Minimal — a koi fish ink art print in serene black & white ink. Museum-quality matte poster that brings calm, minimalist beauty to any wall. Printed and shipped for you; available framed or unframed in multiple sizes. 🖌 Meet the artist I'm Hana — an artist who fell in love with the quiet power of Japanese ink. I'm drawn to misty mountains, a single confident brushstroke, and the calm that lives in empty space. For me every piece is a small world of feeling, painted in silence. Nothing makes me happier than imagining it on your wall, bringing a moment of stillness to your day. Thank you for letting my art into your home. © Original design by Hana / MiniCanvasArt. All rights reserved.",https://canvasminiart.site/p/4527173048.html,https://i.etsystatic.com/65245102/r/il/17ab2f/8245488926/il_fullxfull.8245488926_brcr.jpg,144.99 USD,in stock,new,MiniCanvasArt,"Home & Garden > Decor > Artwork > Posters, Prints, & Visual Artwork",Framed Art Prints
4527163309,Circle | Framed Koi Fish Ink Art | Black & White Ink,"Circle — a koi fish ink art print in serene black & white ink. Museum-quality matte poster that brings calm, minimalist beauty to any wall. Printed and shipped for you; available framed or unframed in multiple sizes. 🖌 Meet the artist I'm Hana — an artist who fell in love with the quiet power of Japanese ink. I'm drawn to misty mountains, a single confident brushstroke, and the calm that lives in empty space. For me every piece is a small world of feeling, painted in silence. Nothing makes me happier than imagining it on your wall, bringing a moment of stillness to your day. Thank you for letting my art into your home. © Original design by Hana / MiniCanvasArt. All rights reserved.",https://canvasminiart.site/p/4527163309.html,https://i.etsystatic.com/65245102/r/il/827918/8293401641/il_fullxfull.8293401641_foer.jpg,144.99 USD,in stock,new,MiniCanvasArt,"Home & Garden > Decor > Artwork > Posters, Prints, & Visual Artwork",Framed Art Prints
4527163283,Ascending | Framed Koi Fish Ink Art | Black & White Ink,"Ascending — a koi fish ink art print in serene black & white ink. Museum-quality matte poster that brings calm, minimalist beauty to any wall. Printed and shipped for you; available framed or unframed in multiple sizes. 🖌 Meet the artist I'm Hana — an artist who fell in love with the quiet power of Japanese ink. I'm drawn to misty mountains, a single confident brushstroke, and the calm that lives in empty space. For me every piece is a small world of feeling, painted in silence. Nothing makes me happier than imagining it on your wall, bringing a moment of stillness to your day. Thank you for letting my art into your home. © Original design by Hana / MiniCanvasArt. All rights reserved.",https://canvasminiart.site/p/4527163283.html,https://i.etsystatic.com/65245102/r/il/b09637/8245484250/il_fullxfull.8245484250_7kgv.jpg,144.99 USD,in stock,new,MiniCanvasArt,"Home & Garden > Decor > Artwork > Posters, Prints, & Visual Artwork",Framed Art Prints
4527163261,Minimal Koi Fish Ink Art Print | Black White Japanese Wall Art Poster,"PRINT ONLY — FRAME NOT INCLUDED. Frames in the photos are for display only. Minimal — a koi fish ink art print in serene black & white ink. Museum-quality matte poster that brings calm, minimalist beauty to any wall. Printed and shipped for you; available framed or unframed in multiple sizes. 🖌 Meet the artist I'm Hana — an artist who fell in love with the quiet power of Japanese ink. I'm drawn to misty mountains, a single confident brushstroke, and the calm that lives in empty space. For me every piece is a small world of feeling, painted in silence. Nothing makes me happier than imagining it on your wall, bringing a moment of stillness to your day. Thank you for letting my art into your home. © Original design by Hana / MiniCanvasArt. All rights reserved.",https://canvasminiart.site/p/4527163261.html,https://i.etsystatic.com/65245102/r/il/523f3b/8293175749/il_fullxfull.8293175749_atfb.jpg,39.99 USD,in stock,new,MiniCanvasArt,"Home & Garden > Decor > Artwork > Posters, Prints, & Visual Artwork",Koi & Animals
4527172864,Koi Fish Waterfall Ink Art Print | Serene Black White Wall Decor,"PRINT ONLY — FRAME NOT INCLUDED. Frames in the photos are for display only. Waterfall — a koi fish ink art print in serene black & white ink. Museum-quality matte poster that brings calm, minimalist beauty to any wall. Printed and shipped for you; available framed or unframed in multiple sizes. 🖌 Meet the artist I'm Hana — an artist who fell in love with the quiet power of Japanese ink. I'm drawn to misty mountains, a single confident brushstroke, and the calm that lives in empty space. For me every piece is a small world of feeling, painted in silence. Nothing makes me happier than imagining it on your wall, bringing a moment of stillness to your day. Thank you for letting my art into your home. © Original design by Hana / MiniCanvasArt. All rights reserved.",https://canvasminiart.site/p/4527172864.html,https://i.etsystatic.com/65245102/r/il/c17dd5/8293201013/il_fullxfull.8293201013_pbln.jpg,39.99 USD,in stock,new,MiniCanvasArt,"Home & Garden > Decor > Artwork > Posters, Prints, & Visual Artwork",Koi & Animals
4527163141,Three Koi Fish Ink Art Print | Black and White Japanese Wall Art Poster,"PRINT ONLY — FRAME NOT INCLUDED. Frames in the photos are for display only. Three — a koi fish ink art print in serene black & white ink. Museum-quality matte poster that brings calm, minimalist beauty to any wall. Printed and shipped for you; available framed or unframed in multiple sizes. 🖌 Meet the artist I'm Hana — an artist who fell in love with the quiet power of Japanese ink. I'm drawn to misty mountains, a single confident brushstroke, and the calm that lives in empty space. For me every piece is a small world of feeling, painted in silence. Nothing makes me happier than imagining it on your wall, bringing a moment of stillness to your day. Thank you for letting my art into your home. © Original design by Hana / MiniCanvasArt. All rights reserved.",https://canvasminiart.site/p/4527163141.html,https://i.etsystatic.com/65245102/r/il/8fd2c6/8293198427/il_fullxfull.8293198427_4plj.jpg,39.99 USD,in stock,new,MiniCanvasArt,"Home & Garden > Decor > Artwork > Posters, Prints, & Visual Artwork",Koi & Animals
4527163075,"Koi Fish Ink Art Print | Black and White Japanese Wall Art, Minimalist Poster","PRINT ONLY — FRAME NOT INCLUDED. Frames in the photos are for display only. Single — a koi fish ink art print in serene black & white ink. Museum-quality matte poster that brings calm, minimalist beauty to any wall. Printed and shipped for you; available framed or unframed in multiple sizes. 🖌 Meet the artist I'm Hana — an artist who fell in love with the quiet power of Japanese ink. I'm drawn to misty mountains, a single confident brushstroke, and the calm that lives in empty space. For me every piece is a small world of feeling, painted in silence. Nothing makes me happier than imagining it on your wall, bringing a moment of stillness to your day. Thank you for letting my art into your home. © Original design by Hana / MiniCanvasArt. All rights reserved.",https://canvasminiart.site/p/4527163075.html,https://i.etsystatic.com/65245102/r/il/85a66d/8245280848/il_fullxfull.8245280848_ib9q.jpg,39.99 USD,in stock,new,MiniCanvasArt,"Home & Garden > Decor > Artwork > Posters, Prints, & Visual Artwork",Koi & Animals
4527171856,Koi Fish Ink Art Print | Black and White Japanese Wall Art Poster,"PRINT ONLY — FRAME NOT INCLUDED. Frames in the photos are for display only. School — a koi fish ink art print in serene black & white ink. Museum-quality matte poster that brings calm, minimalist beauty to any wall. Printed and shipped for you; available framed or unframed in multiple sizes. 🖌 Meet the artist I'm Hana — an artist who fell in love with the quiet power of Japanese ink. I'm drawn to misty mountains, a single confident brushstroke, and the calm that lives in empty space. For me every piece is a small world of feeling, painted in silence. Nothing makes me happier than imagining it on your wall, bringing a moment of stillness to your day. Thank you for letting my art into your home. © Original design by Hana / MiniCanvasArt. All rights reserved.",https://canvasminiart.site/p/4527171856.html,https://i.etsystatic.com/65245102/r/il/8dd689/8293190969/il_fullxfull.8293190969_tfec.jpg,39.99 USD,in stock,new,MiniCanvasArt,"Home & Garden > Decor > Artwork > Posters, Prints, & Visual Artwork",Koi & Animals
4527162249,Koi Fish Ink Art Print | Black & White Japanese Wall Art Poster,"PRINT ONLY — FRAME NOT INCLUDED. Frames in the photos are for display only. Ripples — a koi fish ink art print in serene black & white ink. Museum-quality matte poster that brings calm, minimalist beauty to any wall. Printed and shipped for you; available framed or unframed in multiple sizes. 🖌 Meet the artist I'm Hana — an artist who fell in love with the quiet power of Japanese ink. I'm drawn to misty mountains, a single confident brushstroke, and the calm that lives in empty space. For me every piece is a small world of feeling, painted in silence. Nothing makes me happier than imagining it on your wall, bringing a moment of stillness to your day. Thank you for letting my art into your home. © Original design by Hana / MiniCanvasArt. All rights reserved.",https://canvasminiart.site/p/4527162249.html,https://i.etsystatic.com/65245102/r/il/7768a8/8293188437/il_fullxfull.8293188437_guoh.jpg,39.99 USD,in stock,new,MiniCanvasArt,"Home & Garden > Decor > Artwork > Posters, Prints, & Visual Artwork",Koi & Animals
4527171712,Pond Lotus | Koi Fish Ink Art | Black & White Ink Wall Art | Poster,"PRINT ONLY — FRAME NOT INCLUDED. Frames in the photos are for display only. Pond Lotus — a koi fish ink art print in serene black & white ink. Museum-quality matte poster that brings calm, minimalist beauty to any wall. Printed and shipped for you; available framed or unframed in multiple sizes. 🖌 Meet the artist I'm Hana — an artist who fell in love with the quiet power of Japanese ink. I'm drawn to misty mountains, a single confident brushstroke, and the calm that lives in empty space. For me every piece is a small world of feeling, painted in silence. Nothing makes me happier than imagining it on your wall, bringing a moment of stillness to your day. Thank you for letting my art into your home. © Original design by Hana / MiniCanvasArt. All rights reserved.",https://canvasminiart.site/p/4527171712.html,https://i.etsystatic.com/65245102/r/il/70f182/8245270824/il_fullxfull.8245270824_tp85.jpg,39.99 USD,in stock,new,MiniCanvasArt,"Home & Garden > Decor > Artwork > Posters, Prints, & Visual Artwork",Koi & Animals
4527162117,Koi Fish Ink Art Print | Black and White Japanese Wall Art Poster,"PRINT ONLY — FRAME NOT INCLUDED. Frames in the photos are for display only. Pair — a koi fish ink art print in serene black & white ink. Museum-quality matte poster that brings calm, minimalist beauty to any wall. Printed and shipped for you; available framed or unframed in multiple sizes. 🖌 Meet the artist I'm Hana — an artist who fell in love with the quiet power of Japanese ink. I'm drawn to misty mountains, a single confident brushstroke, and the calm that lives in empty space. For me every piece is a small world of feeling, painted in silence. Nothing makes me happier than imagining it on your wall, bringing a moment of stillness to your day. Thank you for letting my art into your home. © Original design by Hana / MiniCanvasArt. All rights reserved.",https://canvasminiart.site/p/4527162117.html,https://i.etsystatic.com/65245102/r/il/fea9e5/8293178523/il_fullxfull.8293178523_f10u.jpg,39.99 USD,in stock,new,MiniCanvasArt,"Home & Garden > Decor > Artwork > Posters, Prints, & Visual Artwork",Koi & Animals
4527162075,Circle Koi Fish Ink Art Print | Black and White Japanese Wall Art,"PRINT ONLY — FRAME NOT INCLUDED. Frames in the photos are for display only. Circle — a koi fish ink art print in serene black & white ink. Museum-quality matte poster that brings calm, minimalist beauty to any wall. Printed and shipped for you; available framed or unframed in multiple sizes. 🖌 Meet the artist I'm Hana — an artist who fell in love with the quiet power of Japanese ink. I'm drawn to misty mountains, a single confident brushstroke, and the calm that lives in empty space. For me every piece is a small world of feeling, painted in silence. Nothing makes me happier than imagining it on your wall, bringing a moment of stillness to your day. Thank you for letting my art into your home. © Original design by Hana / MiniCanvasArt. All rights reserved.",https://canvasminiart.site/p/4527162075.html,https://i.etsystatic.com/65245102/r/il/37b077/8245257968/il_fullxfull.8245257968_a6io.jpg,39.99 USD,in stock,new,MiniCanvasArt,"Home & Garden > Decor > Artwork > Posters, Prints, & Visual Artwork",Koi & Animals
4527171566,Ascending Koi Fish Ink Art Print | Black White Japanese Wall Art Poster,"PRINT ONLY — FRAME NOT INCLUDED. Frames in the photos are for display only. Ascending — a koi fish ink art print in serene black & white ink. Museum-quality matte poster that brings calm, minimalist beauty to any wall. Printed and shipped for you; available framed or unframed in multiple sizes. 🖌 Meet the artist I'm Hana — an artist who fell in love with the quiet power of Japanese ink. I'm drawn to misty mountains, a single confident brushstroke, and the calm that lives in empty space. For me every piece is a small world of feeling, painted in silence. Nothing makes me happier than imagining it on your wall, bringing a moment of stillness to your day. Thank you for letting my art into your home. © Original design by Hana / MiniCanvasArt. All rights reserved.",https://canvasminiart.site/p/4527171566.html,https://i.etsystatic.com/65245102/r/il/1e06f1/8293171281/il_fullxfull.8293171281_5x3v.jpg,39.99 USD,in stock,new,MiniCanvasArt,"Home & Garden > Decor > Artwork > Posters, Prints, & Visual Artwork",Koi & Animals
4527154498,Distant Mountain Ridges in Fog | Black & White Sumi-e Ink Mountain Wall Art | Poster Print,"Distant Mountain Ridges in Fog — a serene black & white sumi-e ink-wash landscape with a single soft red sun accent. Museum-quality matte print that brings calm, minimalist Japanese-inspired beauty to any wall. Printed and shipped for you; available framed or unframed. 🖌 Meet the artist I'm Hana — an artist who fell in love with the quiet power of Japanese ink. I'm drawn to misty mountains, a single confident brushstroke, and the calm that lives in empty space. For me every piece is a small world of feeling, painted in silence. Nothing makes me happier than imagining it on your wall, bringing a moment of stillness to your day. Thank you for letting my art into your home. © Original design by Hana / MiniCanvasArt. All rights reserved.",https://canvasminiart.site/p/4527154498.html,https://i.etsystatic.com/65245102/r/il/95e676/8172444400/il_fullxfull.8172444400_cuo6.jpg,39.99 USD,in stock,new,MiniCanvasArt,"Home & Garden > Decor > Artwork > Posters, Prints, & Visual Artwork",Landscapes & Nature
4527154438,Mountain Lake Reflection at Dawn | Black & White Sumi-e Ink Mountain Wall Art | Poster Print,"Mountain Lake Reflection at Dawn — a serene black & white sumi-e ink-wash landscape with a single soft red sun accent. Museum-quality matte print that brings calm, minimalist Japanese-inspired beauty to any wall. Printed and shipped for you; available framed or unframed. 🖌 Meet the artist I'm Hana — an artist who fell in love with the quiet power of Japanese ink. I'm drawn to misty mountains, a single confident brushstroke, and the calm that lives in empty space. For me every piece is a small world of feeling, painted in silence. Nothing makes me happier than imagining it on your wall, bringing a moment of stillness to your day. Thank you for letting my art into your home. © Original design by Hana / MiniCanvasArt. All rights reserved.",https://canvasminiart.site/p/4527154438.html,https://i.etsystatic.com/65245102/r/il/042450/8220375151/il_fullxfull.8220375151_cent.jpg,39.99 USD,in stock,new,MiniCanvasArt,"Home & Garden > Decor > Artwork > Posters, Prints, & Visual Artwork",Landscapes & Nature
4527153650,Layered Misty Mountains with Red Sun | Black & White Sumi-e Ink Mountain Wall Art | Poster Print,"Layered Misty Mountains with Red Sun — a serene black & white sumi-e ink-wash landscape with a single soft red sun accent. Museum-quality matte print that brings calm, minimalist Japanese-inspired beauty to any wall. Printed and shipped for you; available framed or unframed. 🖌 Meet the artist I'm Hana — an artist who fell in love with the quiet power of Japanese ink. I'm drawn to misty mountains, a single confident brushstroke, and the calm that lives in empty space. For me every piece is a small world of feeling, painted in silence. Nothing makes me happier than imagining it on your wall, bringing a moment of stillness to your day. Thank you for letting my art into your home. © Original design by Hana / MiniCanvasArt. All rights reserved.",https://canvasminiart.site/p/4527153650.html,https://i.etsystatic.com/65245102/r/il/bacb8e/8172437936/il_fullxfull.8172437936_bjjp.jpg,39.99 USD,in stock,new,MiniCanvasArt,"Home & Garden > Decor > Artwork > Posters, Prints, & Visual Artwork",Landscapes & Nature
4527153584,Mountain Peak Above the Clouds | Black & White Sumi-e Ink Mountain Wall Art | Poster Print,"Mountain Peak Above the Clouds — a serene black & white sumi-e ink-wash landscape with a single soft red sun accent. Museum-quality matte print that brings calm, minimalist Japanese-inspired beauty to any wall. Printed and shipped for you; available framed or unframed. 🖌 Meet the artist I'm Hana — an artist who fell in love with the quiet power of Japanese ink. I'm drawn to misty mountains, a single confident brushstroke, and the calm that lives in empty space. For me every piece is a small world of feeling, painted in silence. Nothing makes me happier than imagining it on your wall, bringing a moment of stillness to your day. Thank you for letting my art into your home. © Original design by Hana / MiniCanvasArt. All rights reserved.",https://canvasminiart.site/p/4527153584.html,https://i.etsystatic.com/65245102/r/il/634033/8172437588/il_fullxfull.8172437588_6ye8.jpg,39.99 USD,in stock,new,MiniCanvasArt,"Home & Garden > Decor > Artwork > Posters, Prints, & Visual Artwork",Landscapes & Nature
4527153526,Pine Ridge in Mountain Mist | Black & White Sumi-e Ink Mountain Wall Art | Poster Print,"Pine Ridge in Mountain Mist — a serene black & white sumi-e ink-wash landscape with a single soft red sun accent. Museum-quality matte print that brings calm, minimalist Japanese-inspired beauty to any wall. Printed and shipped for you; available framed or unframed. 🖌 Meet the artist I'm Hana — an artist who fell in love with the quiet power of Japanese ink. I'm drawn to misty mountains, a single confident brushstroke, and the calm that lives in empty space. For me every piece is a small world of feeling, painted in silence. Nothing makes me happier than imagining it on your wall, bringing a moment of stillness to your day. Thank you for letting my art into your home. © Original design by Hana / MiniCanvasArt. All rights reserved.",https://canvasminiart.site/p/4527153526.html,https://i.etsystatic.com/65245102/r/il/cd8eae/8220368325/il_fullxfull.8220368325_kbca.jpg,39.99 USD,in stock,new,MiniCanvasArt,"Home & Garden > Decor > Artwork > Posters, Prints, & Visual Artwork",Landscapes & Nature
4527143711,Misty Mountain River Valley | Black & White Sumi-e Ink Mountain Wall Art | Poster Print,"Misty Mountain River Valley — a serene black & white sumi-e ink-wash landscape with a single soft red sun accent. Museum-quality matte print that brings calm, minimalist Japanese-inspired beauty to any wall. Printed and shipped for you; available framed or unframed. 🖌 Meet the artist I'm Hana — an artist who fell in love with the quiet power of Japanese ink. I'm drawn to misty mountains, a single confident brushstroke, and the calm that lives in empty space. For me every piece is a small world of feeling, painted in silence. Nothing makes me happier than imagining it on your wall, bringing a moment of stillness to your day. Thank you for letting my art into your home. © Original design by Hana / MiniCanvasArt. All rights reserved.",https://canvasminiart.site/p/4527143711.html,https://i.etsystatic.com/65245102/r/il/e52326/8220367919/il_fullxfull.8220367919_rjvx.jpg,39.99 USD,in stock,new,MiniCanvasArt,"Home & Garden > Decor > Artwork > Posters, Prints, & Visual Artwork",Landscapes & Nature
4527153446,Snow-Capped Peak in Mist | Black & White Sumi-e Ink Mountain Wall Art | Poster Print,"Snow-Capped Peak in Mist — a serene black & white sumi-e ink-wash landscape with a single soft red sun accent. Museum-quality matte print that brings calm, minimalist Japanese-inspired beauty to any wall. Printed and shipped for you; available framed or unframed. 🖌 Meet the artist I'm Hana — an artist who fell in love with the quiet power of Japanese ink. I'm drawn to misty mountains, a single confident brushstroke, and the calm that lives in empty space. For me every piece is a small world of feeling, painted in silence. Nothing makes me happier than imagining it on your wall, bringing a moment of stillness to your day. Thank you for letting my art into your home. © Original design by Hana / MiniCanvasArt. All rights reserved.",https://canvasminiart.site/p/4527153446.html,https://i.etsystatic.com/65245102/r/il/96659f/8220367583/il_fullxfull.8220367583_dz15.jpg,39.99 USD,in stock,new,MiniCanvasArt,"Home & Garden > Decor > Artwork > Posters, Prints, & Visual Artwork",Landscapes & Nature
4527153384,Mountain Lake Reflection at Dawn | Black & White Sumi-e Ink Mountain Wall Art | Poster Print,"Mountain Lake Reflection at Dawn — a serene black & white sumi-e ink-wash landscape with a single soft red sun accent. Museum-quality matte print that brings calm, minimalist Japanese-inspired beauty to any wall. Printed and shipped for you; available framed or unframed. 🖌 Meet the artist I'm Hana — an artist who fell in love with the quiet power of Japanese ink. I'm drawn to misty mountains, a single confident brushstroke, and the calm that lives in empty space. For me every piece is a small world of feeling, painted in silence. Nothing makes me happier than imagining it on your wall, bringing a moment of stillness to your day. Thank you for letting my art into your home. © Original design by Hana / MiniCanvasArt. All rights reserved.",https://canvasminiart.site/p/4527153384.html,https://i.etsystatic.com/65245102/r/il/0b6b16/8220366901/il_fullxfull.8220366901_rvb4.jpg,39.99 USD,in stock,new,MiniCanvasArt,"Home & Garden > Decor > Artwork > Posters, Prints, & Visual Artwork",Landscapes & Nature
4527153184,Distant Mountain Ridges in Fog | Framed Black & White Ink Mountain Wall Art,"Distant Mountain Ridges in Fog — a serene black & white sumi-e ink-wash landscape with a single soft red sun accent. Museum-quality matte print that brings calm, minimalist Japanese-inspired beauty to any wall. Printed and shipped for you; available framed or unframed. 🖌 Meet the artist I'm Hana — an artist who fell in love with the quiet power of Japanese ink. I'm drawn to misty mountains, a single confident brushstroke, and the calm that lives in empty space. For me every piece is a small world of feeling, painted in silence. Nothing makes me happier than imagining it on your wall, bringing a moment of stillness to your day. Thank you for letting my art into your home. © Original design by Hana / MiniCanvasArt. All rights reserved.",https://canvasminiart.site/p/4527153184.html,https://i.etsystatic.com/65245102/r/il/400054/8172434436/il_fullxfull.8172434436_eui5.jpg,144.99 USD,in stock,new,MiniCanvasArt,"Home & Garden > Decor > Artwork > Posters, Prints, & Visual Artwork",Framed Art Prints
4527152984,Circle | Japanese Dragon Sumi-e | Black & White Ink Wall Art | Poster,"PRINT ONLY — FRAME NOT INCLUDED. Frames in the photos are for display only. Circle — a japanese dragon sumi-e print in serene black & white ink. Museum-quality matte poster that brings calm, minimalist beauty to any wall. Printed and shipped for you; available framed or unframed in multiple sizes. 🖌 Meet the artist I'm Hana — an artist who fell in love with the quiet power of Japanese ink. I'm drawn to misty mountains, a single confident brushstroke, and the calm that lives in empty space. For me every piece is a small world of feeling, painted in silence. Nothing makes me happier than imagining it on your wall, bringing a moment of stillness to your day. Thank you for letting my art into your home. © Original design by Hana / MiniCanvasArt. All rights reserved.",https://canvasminiart.site/p/4527152984.html,https://i.etsystatic.com/65245102/r/il/d96e72/8293146707/il_fullxfull.8293146707_13sy.jpg,39.99 USD,in stock,new,MiniCanvasArt,"Home & Garden > Decor > Artwork > Posters, Prints, & Visual Artwork",Dragons & Mythical
4527137861,Pearl | Framed Japanese Dragon Sumi-e | Black & White Ink,"Pearl — a japanese dragon sumi-e print in serene black & white ink. Museum-quality matte poster that brings calm, minimalist beauty to any wall. Printed and shipped for you; available framed or unframed in multiple sizes. 🖌 Meet the artist I'm Hana — an artist who fell in love with the quiet power of Japanese ink. I'm drawn to misty mountains, a single confident brushstroke, and the calm that lives in empty space. For me every piece is a small world of feeling, painted in silence. Nothing makes me happier than imagining it on your wall, bringing a moment of stillness to your day. Thank you for letting my art into your home. © Original design by Hana / MiniCanvasArt. All rights reserved.",https://canvasminiart.site/p/4527137861.html,https://i.etsystatic.com/65245102/r/il/393bb5/8245475528/il_fullxfull.8245475528_2tcx.jpg,144.99 USD,in stock,new,MiniCanvasArt,"Home & Garden > Decor > Artwork > Posters, Prints, & Visual Artwork",Framed Art Prints
4527137713,Waves | Framed Japanese Dragon Sumi-e | Black & White Ink,"Waves — a japanese dragon sumi-e print in serene black & white ink. Museum-quality matte poster that brings calm, minimalist beauty to any wall. Printed and shipped for you; available framed or unframed in multiple sizes. 🖌 Meet the artist I'm Hana — an artist who fell in love with the quiet power of Japanese ink. I'm drawn to misty mountains, a single confident brushstroke, and the calm that lives in empty space. For me every piece is a small world of feeling, painted in silence. Nothing makes me happier than imagining it on your wall, bringing a moment of stillness to your day. Thank you for letting my art into your home. © Original design by Hana / MiniCanvasArt. All rights reserved.",https://canvasminiart.site/p/4527137713.html,https://i.etsystatic.com/65245102/r/il/4033e9/8245481764/il_fullxfull.8245481764_jlnr.jpg,144.99 USD,in stock,new,MiniCanvasArt,"Home & Garden > Decor > Artwork > Posters, Prints, & Visual Artwork",Framed Art Prints
4527147360,Two | Framed Japanese Dragon Sumi-e | Black & White Ink,"Two — a japanese dragon sumi-e print in serene black & white ink. Museum-quality matte poster that brings calm, minimalist beauty to any wall. Printed and shipped for you; available framed or unframed in multiple sizes. 🖌 Meet the artist I'm Hana — an artist who fell in love with the quiet power of Japanese ink. I'm drawn to misty mountains, a single confident brushstroke, and the calm that lives in empty space. For me every piece is a small world of feeling, painted in silence. Nothing makes me happier than imagining it on your wall, bringing a moment of stillness to your day. Thank you for letting my art into your home. © Original design by Hana / MiniCanvasArt. All rights reserved.",https://canvasminiart.site/p/4527147360.html,https://i.etsystatic.com/65245102/r/il/db7e27/8245479220/il_fullxfull.8245479220_tgt4.jpg,144.99 USD,in stock,new,MiniCanvasArt,"Home & Garden > Decor > Artwork > Posters, Prints, & Visual Artwork",Framed Art Prints
4527147246,Mountain | Framed Japanese Dragon Sumi-e | Black & White Ink,"Mountain — a japanese dragon sumi-e print in serene black & white ink. Museum-quality matte poster that brings calm, minimalist beauty to any wall. Printed and shipped for you; available framed or unframed in multiple sizes. 🖌 Meet the artist I'm Hana — an artist who fell in love with the quiet power of Japanese ink. I'm drawn to misty mountains, a single confident brushstroke, and the calm that lives in empty space. For me every piece is a small world of feeling, painted in silence. Nothing makes me happier than imagining it on your wall, bringing a moment of stillness to your day. Thank you for letting my art into your home. © Original design by Hana / MiniCanvasArt. All rights reserved.",https://canvasminiart.site/p/4527147246.html,https://i.etsystatic.com/65245102/r/il/b9af6d/8245472692/il_fullxfull.8245472692_9rae.jpg,144.99 USD,in stock,new,MiniCanvasArt,"Home & Garden > Decor > Artwork > Posters, Prints, & Visual Artwork",Framed Art Prints
4527147160,Moon | Framed Japanese Dragon Sumi-e | Black & White Ink,"Moon — a japanese dragon sumi-e print in serene black & white ink. Museum-quality matte poster that brings calm, minimalist beauty to any wall. Printed and shipped for you; available framed or unframed in multiple sizes. 🖌 Meet the artist I'm Hana — an artist who fell in love with the quiet power of Japanese ink. I'm drawn to misty mountains, a single confident brushstroke, and the calm that lives in empty space. For me every piece is a small world of feeling, painted in silence. Nothing makes me happier than imagining it on your wall, bringing a moment of stillness to your day. Thank you for letting my art into your home. © Original design by Hana / MiniCanvasArt. All rights reserved.",https://canvasminiart.site/p/4527147160.html,https://i.etsystatic.com/65245102/r/il/40416b/8293384375/il_fullxfull.8293384375_911a.jpg,144.99 USD,in stock,new,MiniCanvasArt,"Home & Garden > Decor > Artwork > Posters, Prints, & Visual Artwork",Framed Art Prints
4527147092,Minimal | Framed Japanese Dragon Sumi-e | Black & White Ink,"Minimal — a japanese dragon sumi-e print in serene black & white ink. Museum-quality matte poster that brings calm, minimalist beauty to any wall. Printed and shipped for you; available framed or unframed in multiple sizes. 🖌 Meet the artist I'm Hana — an artist who fell in love with the quiet power of Japanese ink. I'm drawn to misty mountains, a single confident brushstroke, and the calm that lives in empty space. For me every piece is a small world of feeling, painted in silence. Nothing makes me happier than imagining it on your wall, bringing a moment of stillness to your day. Thank you for letting my art into your home. © Original design by Hana / MiniCanvasArt. All rights reserved.",https://canvasminiart.site/p/4527147092.html,https://i.etsystatic.com/65245102/r/il/ba4eb5/8245465840/il_fullxfull.8245465840_c9vo.jpg,144.99 USD,in stock,new,MiniCanvasArt,"Home & Garden > Decor > Artwork > Posters, Prints, & Visual Artwork",Framed Art Prints
4527137295,Head | Framed Japanese Dragon Sumi-e | Black & White Ink,"Head — a japanese dragon sumi-e print in serene black & white ink. Museum-quality matte poster that brings calm, minimalist beauty to any wall. Printed and shipped for you; available framed or unframed in multiple sizes. 🖌 Meet the artist I'm Hana — an artist who fell in love with the quiet power of Japanese ink. I'm drawn to misty mountains, a single confident brushstroke, and the calm that lives in empty space. For me every piece is a small world of feeling, painted in silence. Nothing makes me happier than imagining it on your wall, bringing a moment of stillness to your day. Thank you for letting my art into your home. © Original design by Hana / MiniCanvasArt. All rights reserved.",https://canvasminiart.site/p/4527137295.html,https://i.etsystatic.com/65245102/r/il/c4c920/8245463132/il_fullxfull.8245463132_9fhb.jpg,144.99 USD,in stock,new,MiniCanvasArt,"Home & Garden > Decor > Artwork > Posters, Prints, & Visual Artwork",Framed Art Prints
4527137203,Clouds | Framed Japanese Dragon Sumi-e | Black & White Ink,"Clouds — a japanese dragon sumi-e print in serene black & white ink. Museum-quality matte poster that brings calm, minimalist beauty to any wall. Printed and shipped for you; available framed or unframed in multiple sizes. 🖌 Meet the artist I'm Hana — an artist who fell in love with the quiet power of Japanese ink. I'm drawn to misty mountains, a single confident brushstroke, and the calm that lives in empty space. For me every piece is a small world of feeling, painted in silence. Nothing makes me happier than imagining it on your wall, bringing a moment of stillness to your day. Thank you for letting my art into your home. © Original design by Hana / MiniCanvasArt. All rights reserved.",https://canvasminiart.site/p/4527137203.html,https://i.etsystatic.com/65245102/r/il/e291af/8245459190/il_fullxfull.8245459190_hj0z.jpg,144.99 USD,in stock,new,MiniCanvasArt,"Home & Garden > Decor > Artwork > Posters, Prints, & Visual Artwork",Framed Art Prints
4527146874,Circle | Framed Japanese Dragon Sumi-e | Black & White Ink,"Circle — a japanese dragon sumi-e print in serene black & white ink. Museum-quality matte poster that brings calm, minimalist beauty to any wall. Printed and shipped for you; available framed or unframed in multiple sizes. 🖌 Meet the artist I'm Hana — an artist who fell in love with the quiet power of Japanese ink. I'm drawn to misty mountains, a single confident brushstroke, and the calm that lives in empty space. For me every piece is a small world of feeling, painted in silence. Nothing makes me happier than imagining it on your wall, bringing a moment of stillness to your day. Thank you for letting my art into your home. © Original design by Hana / MiniCanvasArt. All rights reserved.",https://canvasminiart.site/p/4527146874.html,https://i.etsystatic.com/65245102/r/il/b88831/8245036872/il_fullxfull.8245036872_4rq2.jpg,144.99 USD,in stock,new,MiniCanvasArt,"Home & Garden > Decor > Artwork > Posters, Prints, & Visual Artwork",Framed Art Prints
4527137047,Ascending | Framed Japanese Dragon Sumi-e | Black & White Ink,"Ascending — a japanese dragon sumi-e print in serene black & white ink. Museum-quality matte poster that brings calm, minimalist beauty to any wall. Printed and shipped for you; available framed or unframed in multiple sizes. 🖌 Meet the artist I'm Hana — an artist who fell in love with the quiet power of Japanese ink. I'm drawn to misty mountains, a single confident brushstroke, and the calm that lives in empty space. For me every piece is a small world of feeling, painted in silence. Nothing makes me happier than imagining it on your wall, bringing a moment of stillness to your day. Thank you for letting my art into your home. © Original design by Hana / MiniCanvasArt. All rights reserved.",https://canvasminiart.site/p/4527137047.html,https://i.etsystatic.com/65245102/r/il/d5169e/8245456366/il_fullxfull.8245456366_i9ea.jpg,144.99 USD,in stock,new,MiniCanvasArt,"Home & Garden > Decor > Artwork > Posters, Prints, & Visual Artwork",Framed Art Prints
4527136895,Two | Japanese Dragon Sumi-e | Black & White Ink Wall Art | Poster,"PRINT ONLY — FRAME NOT INCLUDED. Frames in the photos are for display only. Two — a japanese dragon sumi-e print in serene black & white ink. Museum-quality matte poster that brings calm, minimalist beauty to any wall. Printed and shipped for you; available framed or unframed in multiple sizes. 🖌 Meet the artist I'm Hana — an artist who fell in love with the quiet power of Japanese ink. I'm drawn to misty mountains, a single confident brushstroke, and the calm that lives in empty space. For me every piece is a small world of feeling, painted in silence. Nothing makes me happier than imagining it on your wall, bringing a moment of stillness to your day. Thank you for letting my art into your home. © Original design by Hana / MiniCanvasArt. All rights reserved.",https://canvasminiart.site/p/4527136895.html,https://i.etsystatic.com/65245102/r/il/267ecf/8245250878/il_fullxfull.8245250878_rjpx.jpg,39.99 USD,in stock,new,MiniCanvasArt,"Home & Garden > Decor > Artwork > Posters, Prints, & Visual Artwork",Dragons & Mythical
4527146612,Pearl | Japanese Dragon Sumi-e | Black & White Ink Wall Art | Poster,"PRINT ONLY — FRAME NOT INCLUDED. Frames in the photos are for display only. Pearl — a japanese dragon sumi-e print in serene black & white ink. Museum-quality matte poster that brings calm, minimalist beauty to any wall. Printed and shipped for you; available framed or unframed in multiple sizes. 🖌 Meet the artist I'm Hana — an artist who fell in love with the quiet power of Japanese ink. I'm drawn to misty mountains, a single confident brushstroke, and the calm that lives in empty space. For me every piece is a small world of feeling, painted in silence. Nothing makes me happier than imagining it on your wall, bringing a moment of stillness to your day. Thank you for letting my art into your home. © Original design by Hana / MiniCanvasArt. All rights reserved.",https://canvasminiart.site/p/4527146612.html,https://i.etsystatic.com/65245102/r/il/d1618e/8293165043/il_fullxfull.8293165043_ji74.jpg,39.99 USD,in stock,new,MiniCanvasArt,"Home & Garden > Decor > Artwork > Posters, Prints, & Visual Artwork",Dragons & Mythical
4527146442,Waves | Japanese Dragon Sumi-e | Black & White Ink Wall Art | Poster,"PRINT ONLY — FRAME NOT INCLUDED. Frames in the photos are for display only. Waves — a japanese dragon sumi-e print in serene black & white ink. Museum-quality matte poster that brings calm, minimalist beauty to any wall. Printed and shipped for you; available framed or unframed in multiple sizes. 🖌 Meet the artist I'm Hana — an artist who fell in love with the quiet power of Japanese ink. I'm drawn to misty mountains, a single confident brushstroke, and the calm that lives in empty space. For me every piece is a small world of feeling, painted in silence. Nothing makes me happier than imagining it on your wall, bringing a moment of stillness to your day. Thank you for letting my art into your home. © Original design by Hana / MiniCanvasArt. All rights reserved.",https://canvasminiart.site/p/4527146442.html,https://i.etsystatic.com/65245102/r/il/ed2f1a/8245253006/il_fullxfull.8245253006_db6w.jpg,39.99 USD,in stock,new,MiniCanvasArt,"Home & Garden > Decor > Artwork > Posters, Prints, & Visual Artwork",Dragons & Mythical
4527136481,Mountain | Japanese Dragon Sumi-e | Black & White Ink Wall Art | Poster,"PRINT ONLY — FRAME NOT INCLUDED. Frames in the photos are for display only. Mountain — a japanese dragon sumi-e print in serene black & white ink. Museum-quality matte poster that brings calm, minimalist beauty to any wall. Printed and shipped for you; available framed or unframed in multiple sizes. 🖌 Meet the artist I'm Hana — an artist who fell in love with the quiet power of Japanese ink. I'm drawn to misty mountains, a single confident brushstroke, and the calm that lives in empty space. For me every piece is a small world of feeling, painted in silence. Nothing makes me happier than imagining it on your wall, bringing a moment of stillness to your day. Thank you for letting my art into your home. © Original design by Hana / MiniCanvasArt. All rights reserved.",https://canvasminiart.site/p/4527136481.html,https://i.etsystatic.com/65245102/r/il/033719/8293163253/il_fullxfull.8293163253_a6hl.jpg,39.99 USD,in stock,new,MiniCanvasArt,"Home & Garden > Decor > Artwork > Posters, Prints, & Visual Artwork",Dragons & Mythical
4527136349,Moon | Japanese Dragon Sumi-e | Black & White Ink Wall Art | Poster,"PRINT ONLY — FRAME NOT INCLUDED. Frames in the photos are for display only. Moon — a japanese dragon sumi-e print in serene black & white ink. Museum-quality matte poster that brings calm, minimalist beauty to any wall. Printed and shipped for you; available framed or unframed in multiple sizes. 🖌 Meet the artist I'm Hana — an artist who fell in love with the quiet power of Japanese ink. I'm drawn to misty mountains, a single confident brushstroke, and the calm that lives in empty space. For me every piece is a small world of feeling, painted in silence. Nothing makes me happier than imagining it on your wall, bringing a moment of stillness to your day. Thank you for letting my art into your home. © Original design by Hana / MiniCanvasArt. All rights reserved.",https://canvasminiart.site/p/4527136349.html,https://i.etsystatic.com/65245102/r/il/9bc1ef/8245244468/il_fullxfull.8245244468_ppcs.jpg,39.99 USD,in stock,new,MiniCanvasArt,"Home & Garden > Decor > Artwork > Posters, Prints, & Visual Artwork",Dragons & Mythical
4527136205,Minimal | Japanese Dragon Sumi-e | Black & White Ink Wall Art | Poster,"PRINT ONLY — FRAME NOT INCLUDED. Frames in the photos are for display only. Minimal — a japanese dragon sumi-e print in serene black & white ink. Museum-quality matte poster that brings calm, minimalist beauty to any wall. Printed and shipped for you; available framed or unframed in multiple sizes. 🖌 Meet the artist I'm Hana — an artist who fell in love with the quiet power of Japanese ink. I'm drawn to misty mountains, a single confident brushstroke, and the calm that lives in empty space. For me every piece is a small world of feeling, painted in silence. Nothing makes me happier than imagining it on your wall, bringing a moment of stillness to your day. Thank you for letting my art into your home. © Original design by Hana / MiniCanvasArt. All rights reserved.",https://canvasminiart.site/p/4527136205.html,https://i.etsystatic.com/65245102/r/il/a01d65/8293158609/il_fullxfull.8293158609_7jqa.jpg,39.99 USD,in stock,new,MiniCanvasArt,"Home & Garden > Decor > Artwork > Posters, Prints, & Visual Artwork",Dragons & Mythical
4527145888,Head | Japanese Dragon Sumi-e | Black & White Ink Wall Art | Poster,"PRINT ONLY — FRAME NOT INCLUDED. Frames in the photos are for display only. Head — a japanese dragon sumi-e print in serene black & white ink. Museum-quality matte poster that brings calm, minimalist beauty to any wall. Printed and shipped for you; available framed or unframed in multiple sizes. 🖌 Meet the artist I'm Hana — an artist who fell in love with the quiet power of Japanese ink. I'm drawn to misty mountains, a single confident brushstroke, and the calm that lives in empty space. For me every piece is a small world of feeling, painted in silence. Nothing makes me happier than imagining it on your wall, bringing a moment of stillness to your day. Thank you for letting my art into your home. © Original design by Hana / MiniCanvasArt. All rights reserved.",https://canvasminiart.site/p/4527145888.html,https://i.etsystatic.com/65245102/r/il/2b8500/8293151763/il_fullxfull.8293151763_1c2y.jpg,39.99 USD,in stock,new,MiniCanvasArt,"Home & Garden > Decor > Artwork > Posters, Prints, & Visual Artwork",Dragons & Mythical
4527135995,Clouds | Japanese Dragon Sumi-e | Black & White Ink Wall Art | Poster,"PRINT ONLY — FRAME NOT INCLUDED. Frames in the photos are for display only. Clouds — a japanese dragon sumi-e print in serene black & white ink. Museum-quality matte poster that brings calm, minimalist beauty to any wall. Printed and shipped for you; available framed or unframed in multiple sizes. 🖌 Meet the artist I'm Hana — an artist who fell in love with the quiet power of Japanese ink. I'm drawn to misty mountains, a single confident brushstroke, and the calm that lives in empty space. For me every piece is a small world of feeling, painted in silence. Nothing makes me happier than imagining it on your wall, bringing a moment of stillness to your day. Thank you for letting my art into your home. © Original design by Hana / MiniCanvasArt. All rights reserved.",https://canvasminiart.site/p/4527135995.html,https://i.etsystatic.com/65245102/r/il/e2ba3f/8293149327/il_fullxfull.8293149327_f289.jpg,39.99 USD,in stock,new,MiniCanvasArt,"Home & Garden > Decor > Artwork > Posters, Prints, & Visual Artwork",Dragons & Mythical
4527135907,Circle | Japanese Dragon Sumi-e | Black & White Ink Wall Art | Poster,"Circle — a japanese dragon sumi-e print in serene black & white ink. Museum-quality matte poster that brings calm, minimalist beauty to any wall. Printed and shipped for you; available framed or unframed in multiple sizes.",https://canvasminiart.site/p/4527135907.html,https://i.etsystatic.com/65245102/r/il/4fa158/8243484436/il_fullxfull.8243484436_bkcc.jpg,24.99 USD,in stock,new,MiniCanvasArt,"Home & Garden > Decor > Artwork > Posters, Prints, & Visual Artwork",Dragons & Mythical
4527135775,Ascending | Japanese Dragon Sumi-e | Black & White Ink Wall Art | Poster,"PRINT ONLY — FRAME NOT INCLUDED. Frames in the photos are for display only. Ascending — a japanese dragon sumi-e print in serene black & white ink. Museum-quality matte poster that brings calm, minimalist beauty to any wall. Printed and shipped for you; available framed or unframed in multiple sizes. 🖌 Meet the artist I'm Hana — an artist who fell in love with the quiet power of Japanese ink. I'm drawn to misty mountains, a single confident brushstroke, and the calm that lives in empty space. For me every piece is a small world of feeling, painted in silence. Nothing makes me happier than imagining it on your wall, bringing a moment of stillness to your day. Thank you for letting my art into your home. © Original design by Hana / MiniCanvasArt. All rights reserved.",https://canvasminiart.site/p/4527135775.html,https://i.etsystatic.com/65245102/r/il/b3c6b7/8293144463/il_fullxfull.8293144463_8f6e.jpg,39.99 USD,in stock,new,MiniCanvasArt,"Home & Garden > Decor > Artwork > Posters, Prints, & Visual Artwork",Dragons & Mythical
4527128971,Layered Misty Mountains with Red Sun | Framed Black & White Ink Mountain Wall Art,"Layered Misty Mountains with Red Sun — a serene black & white sumi-e ink-wash landscape with a single soft red sun accent. Museum-quality matte print that brings calm, minimalist Japanese-inspired beauty to any wall. Printed and shipped for you; available framed or unframed. 🖌 Meet the artist I'm Hana — an artist who fell in love with the quiet power of Japanese ink. I'm drawn to misty mountains, a single confident brushstroke, and the calm that lives in empty space. For me every piece is a small world of feeling, painted in silence. Nothing makes me happier than imagining it on your wall, bringing a moment of stillness to your day. Thank you for letting my art into your home. © Original design by Hana / MiniCanvasArt. All rights reserved.",https://canvasminiart.site/p/4527128971.html,https://i.etsystatic.com/65245102/r/il/086449/8172325120/il_fullxfull.8172325120_i65b.jpg,144.99 USD,in stock,new,MiniCanvasArt,"Home & Garden > Decor > Artwork > Posters, Prints, & Visual Artwork",Framed Art Prints
4527128829,Snow-Capped Peak in Mist | Framed Black & White Ink Mountain Wall Art,"Snow-Capped Peak in Mist — a serene black & white sumi-e ink-wash landscape with a single soft red sun accent. Museum-quality matte print that brings calm, minimalist Japanese-inspired beauty to any wall. Printed and shipped for you; available framed or unframed. 🖌 Meet the artist I'm Hana — an artist who fell in love with the quiet power of Japanese ink. I'm drawn to misty mountains, a single confident brushstroke, and the calm that lives in empty space. For me every piece is a small world of feeling, painted in silence. Nothing makes me happier than imagining it on your wall, bringing a moment of stillness to your day. Thank you for letting my art into your home. © Original design by Hana / MiniCanvasArt. All rights reserved.",https://canvasminiart.site/p/4527128829.html,https://i.etsystatic.com/65245102/r/il/42d30a/8220254937/il_fullxfull.8220254937_igae.jpg,144.99 USD,in stock,new,MiniCanvasArt,"Home & Garden > Decor > Artwork > Posters, Prints, & Visual Artwork",Framed Art Prints
4527138422,Rolling Misty Hills at Sunrise | Framed Black & White Ink Mountain Wall Art,"Rolling Misty Hills at Sunrise — a serene black & white sumi-e ink-wash landscape with a single soft red sun accent. Museum-quality matte print that brings calm, minimalist Japanese-inspired beauty to any wall. Printed and shipped for you; available framed or unframed. 🖌 Meet the artist I'm Hana — an artist who fell in love with the quiet power of Japanese ink. I'm drawn to misty mountains, a single confident brushstroke, and the calm that lives in empty space. For me every piece is a small world of feeling, painted in silence. Nothing makes me happier than imagining it on your wall, bringing a moment of stillness to your day. Thank you for letting my art into your home. © Original design by Hana / MiniCanvasArt. All rights reserved.",https://canvasminiart.site/p/4527138422.html,https://i.etsystatic.com/65245102/r/il/5d1c0e/8172324192/il_fullxfull.8172324192_kj9l.jpg,144.99 USD,in stock,new,MiniCanvasArt,"Home & Garden > Decor > Artwork > Posters, Prints, & Visual Artwork",Framed Art Prints
4527128739,Misty Mountain River Valley | Framed Black & White Ink Mountain Wall Art,"Misty Mountain River Valley — a serene black & white sumi-e ink-wash landscape with a single soft red sun accent. Museum-quality matte print that brings calm, minimalist Japanese-inspired beauty to any wall. Printed and shipped for you; available framed or unframed. 🖌 Meet the artist I'm Hana — an artist who fell in love with the quiet power of Japanese ink. I'm drawn to misty mountains, a single confident brushstroke, and the calm that lives in empty space. For me every piece is a small world of feeling, painted in silence. Nothing makes me happier than imagining it on your wall, bringing a moment of stillness to your day. Thank you for letting my art into your home. © Original design by Hana / MiniCanvasArt. All rights reserved.",https://canvasminiart.site/p/4527128739.html,https://i.etsystatic.com/65245102/r/il/707f6a/8172324022/il_fullxfull.8172324022_fltt.jpg,144.99 USD,in stock,new,MiniCanvasArt,"Home & Garden > Decor > Artwork > Posters, Prints, & Visual Artwork",Framed Art Prints
4527138340,Pine Ridge in Mountain Mist | Framed Black & White Ink Mountain Wall Art,"Pine Ridge in Mountain Mist — a serene black & white sumi-e ink-wash landscape with a single soft red sun accent. Museum-quality matte print that brings calm, minimalist Japanese-inspired beauty to any wall. Printed and shipped for you; available framed or unframed. 🖌 Meet the artist I'm Hana — an artist who fell in love with the quiet power of Japanese ink. I'm drawn to misty mountains, a single confident brushstroke, and the calm that lives in empty space. For me every piece is a small world of feeling, painted in silence. Nothing makes me happier than imagining it on your wall, bringing a moment of stillness to your day. Thank you for letting my art into your home. © Original design by Hana / MiniCanvasArt. All rights reserved.",https://canvasminiart.site/p/4527138340.html,https://i.etsystatic.com/65245102/r/il/65d104/8220254257/il_fullxfull.8220254257_8be3.jpg,144.99 USD,in stock,new,MiniCanvasArt,"Home & Garden > Decor > Artwork > Posters, Prints, & Visual Artwork",Framed Art Prints
4527138278,Mountain Peak Above the Clouds | Framed Black & White Ink Mountain Wall Art,"Mountain Peak Above the Clouds — a serene black & white sumi-e ink-wash landscape with a single soft red sun accent. Museum-quality matte print that brings calm, minimalist Japanese-inspired beauty to any wall. Printed and shipped for you; available framed or unframed. 🖌 Meet the artist I'm Hana — an artist who fell in love with the quiet power of Japanese ink. I'm drawn to misty mountains, a single confident brushstroke, and the calm that lives in empty space. For me every piece is a small world of feeling, painted in silence. Nothing makes me happier than imagining it on your wall, bringing a moment of stillness to your day. Thank you for letting my art into your home. © Original design by Hana / MiniCanvasArt. All rights reserved.",https://canvasminiart.site/p/4527138278.html,https://i.etsystatic.com/65245102/r/il/abfca2/8172323406/il_fullxfull.8172323406_fcb6.jpg,144.99 USD,in stock,new,MiniCanvasArt,"Home & Garden > Decor > Artwork > Posters, Prints, & Visual Artwork",Framed Art Prints
4527138230,Mountain Lake Reflection at Dawn | Framed Black & White Ink Mountain Wall Art,"Mountain Lake Reflection at Dawn — a serene black & white sumi-e ink-wash landscape with a single soft red sun accent. Museum-quality matte print that brings calm, minimalist Japanese-inspired beauty to any wall. Printed and shipped for you; available framed or unframed. 🖌 Meet the artist I'm Hana — an artist who fell in love with the quiet power of Japanese ink. I'm drawn to misty mountains, a single confident brushstroke, and the calm that lives in empty space. For me every piece is a small world of feeling, painted in silence. Nothing makes me happier than imagining it on your wall, bringing a moment of stillness to your day. Thank you for letting my art into your home. © Original design by Hana / MiniCanvasArt. All rights reserved.",https://canvasminiart.site/p/4527138230.html,https://i.etsystatic.com/65245102/r/il/4f7a7d/8220253671/il_fullxfull.8220253671_9prg.jpg,144.99 USD,in stock,new,MiniCanvasArt,"Home & Garden > Decor > Artwork > Posters, Prints, & Visual Artwork",Framed Art Prints
4527128535,Karst Cliffs in Morning Mist | Framed Black & White Ink Mountain Wall Art,"Karst Cliffs in Morning Mist — a serene black & white sumi-e ink-wash landscape with a single soft red sun accent. Museum-quality matte print that brings calm, minimalist Japanese-inspired beauty to any wall. Printed and shipped for you; available framed or unframed. 🖌 Meet the artist I'm Hana — an artist who fell in love with the quiet power of Japanese ink. I'm drawn to misty mountains, a single confident brushstroke, and the calm that lives in empty space. For me every piece is a small world of feeling, painted in silence. Nothing makes me happier than imagining it on your wall, bringing a moment of stillness to your day. Thank you for letting my art into your home. © Original design by Hana / MiniCanvasArt. All rights reserved.",https://canvasminiart.site/p/4527128535.html,https://i.etsystatic.com/65245102/r/il/f8f3f5/8220253467/il_fullxfull.8220253467_njyl.jpg,144.99 USD,in stock,new,MiniCanvasArt,"Home & Garden > Decor > Artwork > Posters, Prints, & Visual Artwork",Framed Art Prints
4527138146,Distant Mountain Ridges in Fog | Framed Black & White Ink Mountain Wall Art,"Distant Mountain Ridges in Fog — a serene black & white sumi-e ink-wash landscape with a single soft red sun accent. Museum-quality matte print that brings calm, minimalist Japanese-inspired beauty to any wall. Printed and shipped for you; available framed or unframed.",https://canvasminiart.site/p/4527138146.html,https://i.etsystatic.com/65245102/r/il/d6e17b/8172322756/il_fullxfull.8172322756_1jpy.jpg,89.99 USD,in stock,new,MiniCanvasArt,"Home & Garden > Decor > Artwork > Posters, Prints, & Visual Artwork",Landscapes & Nature
4527128463,Cranes Over Misty Mountain Peaks | Framed Black & White Ink Mountain Wall Art,"Cranes Over Misty Mountain Peaks — a serene black & white sumi-e ink-wash landscape with a single soft red sun accent. Museum-quality matte print that brings calm, minimalist Japanese-inspired beauty to any wall. Printed and shipped for you; available framed or unframed. 🖌 Meet the artist I'm Hana — I find endless wonder in nature's small details: a single stem, the curve of a wing, the patience of growing things. I paint them simply, in ink and light, so the beauty speaks for itself. Each piece is a quiet love letter to the natural world. It would mean so much to know it now brings a little calm into your space. Thank you for welcoming my art into your home. © Original design by Hana / MiniCanvasArt. All rights reserved.",https://canvasminiart.site/p/4527128463.html,https://i.etsystatic.com/65245102/r/il/fe9918/8220252991/il_fullxfull.8220252991_tpnp.jpg,144.99 USD,in stock,new,MiniCanvasArt,"Home & Garden > Decor > Artwork > Posters, Prints, & Visual Artwork",Framed Art Prints
4527128407,Snow-Capped Peak in Mist | Black & White Sumi-e Ink Mountain Wall Art | Poster Print,"Snow-Capped Peak in Mist — a serene black & white sumi-e ink-wash landscape with a single soft red sun accent. Museum-quality matte print that brings calm, minimalist Japanese-inspired beauty to any wall. Printed and shipped for you; available framed or unframed. 🖌 Meet the artist I'm Hana — an artist who fell in love with the quiet power of Japanese ink. I'm drawn to misty mountains, a single confident brushstroke, and the calm that lives in empty space. For me every piece is a small world of feeling, painted in silence. Nothing makes me happier than imagining it on your wall, bringing a moment of stillness to your day. Thank you for letting my art into your home. © Original design by Hana / MiniCanvasArt. All rights reserved.",https://canvasminiart.site/p/4527128407.html,https://i.etsystatic.com/65245102/r/il/1107e4/8172322244/il_fullxfull.8172322244_qryv.jpg,39.99 USD,in stock,new,MiniCanvasArt,"Home & Garden > Decor > Artwork > Posters, Prints, & Visual Artwork",Landscapes & Nature
4527138032,Rolling Misty Hills at Sunrise | Black & White Sumi-e Ink Mountain Wall Art | Poster Print,"Rolling Misty Hills at Sunrise — a serene black & white sumi-e ink-wash landscape with a single soft red sun accent. Museum-quality matte print that brings calm, minimalist Japanese-inspired beauty to any wall. Printed and shipped for you; available framed or unframed. 🖌 Meet the artist I'm Hana — an artist who fell in love with the quiet power of Japanese ink. I'm drawn to misty mountains, a single confident brushstroke, and the calm that lives in empty space. For me every piece is a small world of feeling, painted in silence. Nothing makes me happier than imagining it on your wall, bringing a moment of stillness to your day. Thank you for letting my art into your home. © Original design by Hana / MiniCanvasArt. All rights reserved.",https://canvasminiart.site/p/4527138032.html,https://i.etsystatic.com/65245102/r/il/4b1d44/8172321918/il_fullxfull.8172321918_gx9b.jpg,39.99 USD,in stock,new,MiniCanvasArt,"Home & Garden > Decor > Artwork > Posters, Prints, & Visual Artwork",Landscapes & Nature
4527128305,Misty Mountain River Valley | Black & White Sumi-e Ink Mountain Wall Art | Poster Print,"Misty Mountain River Valley — a serene black & white sumi-e ink-wash landscape with a single soft red sun accent. Museum-quality matte print that brings calm, minimalist Japanese-inspired beauty to any wall. Printed and shipped for you; available framed or unframed. 🖌 Meet the artist I'm Hana — an artist who fell in love with the quiet power of Japanese ink. I'm drawn to misty mountains, a single confident brushstroke, and the calm that lives in empty space. For me every piece is a small world of feeling, painted in silence. Nothing makes me happier than imagining it on your wall, bringing a moment of stillness to your day. Thank you for letting my art into your home. © Original design by Hana / MiniCanvasArt. All rights reserved.",https://canvasminiart.site/p/4527128305.html,https://i.etsystatic.com/65245102/r/il/0f910d/8172321578/il_fullxfull.8172321578_llvr.jpg,39.99 USD,in stock,new,MiniCanvasArt,"Home & Garden > Decor > Artwork > Posters, Prints, & Visual Artwork",Landscapes & Nature
4527128261,Pine Ridge in Mountain Mist | Black & White Sumi-e Ink Mountain Wall Art | Poster Print,"Pine Ridge in Mountain Mist — a serene black & white sumi-e ink-wash landscape with a single soft red sun accent. Museum-quality matte print that brings calm, minimalist Japanese-inspired beauty to any wall. Printed and shipped for you; available framed or unframed. 🖌 Meet the artist I'm Hana — an artist who fell in love with the quiet power of Japanese ink. I'm drawn to misty mountains, a single confident brushstroke, and the calm that lives in empty space. For me every piece is a small world of feeling, painted in silence. Nothing makes me happier than imagining it on your wall, bringing a moment of stillness to your day. Thank you for letting my art into your home. © Original design by Hana / MiniCanvasArt. All rights reserved.",https://canvasminiart.site/p/4527128261.html,https://i.etsystatic.com/65245102/r/il/80c154/8172321348/il_fullxfull.8172321348_7rjg.jpg,39.99 USD,in stock,new,MiniCanvasArt,"Home & Garden > Decor > Artwork > Posters, Prints, & Visual Artwork",Landscapes & Nature
4527128211,Mountain Peak Above the Clouds | Black & White Sumi-e Ink Mountain Wall Art | Poster Print,"Mountain Peak Above the Clouds — a serene black & white sumi-e ink-wash landscape with a single soft red sun accent. Museum-quality matte print that brings calm, minimalist Japanese-inspired beauty to any wall. Printed and shipped for you; available framed or unframed. 🖌 Meet the artist I'm Hana — an artist who fell in love with the quiet power of Japanese ink. I'm drawn to misty mountains, a single confident brushstroke, and the calm that lives in empty space. For me every piece is a small world of feeling, painted in silence. Nothing makes me happier than imagining it on your wall, bringing a moment of stillness to your day. Thank you for letting my art into your home. © Original design by Hana / MiniCanvasArt. All rights reserved.",https://canvasminiart.site/p/4527128211.html,https://i.etsystatic.com/65245102/r/il/61b2ca/8172320960/il_fullxfull.8172320960_1d23.jpg,39.99 USD,in stock,new,MiniCanvasArt,"Home & Garden > Decor > Artwork > Posters, Prints, & Visual Artwork",Landscapes & Nature
4527137860,Layered Misty Mountains with Red Sun | Black & White Sumi-e Ink Mountain Wall Art | Poster Print,"Layered Misty Mountains with Red Sun — a serene black & white sumi-e ink-wash landscape with a single soft red sun accent. Museum-quality matte print that brings calm, minimalist Japanese-inspired beauty to any wall. Printed and shipped for you; available framed or unframed. 🖌 Meet the artist I'm Hana — an artist who fell in love with the quiet power of Japanese ink. I'm drawn to misty mountains, a single confident brushstroke, and the calm that lives in empty space. For me every piece is a small world of feeling, painted in silence. Nothing makes me happier than imagining it on your wall, bringing a moment of stillness to your day. Thank you for letting my art into your home. © Original design by Hana / MiniCanvasArt. All rights reserved.",https://canvasminiart.site/p/4527137860.html,https://i.etsystatic.com/65245102/r/il/2c2deb/8220251005/il_fullxfull.8220251005_2i2p.jpg,39.99 USD,in stock,new,MiniCanvasArt,"Home & Garden > Decor > Artwork > Posters, Prints, & Visual Artwork",Landscapes & Nature
4527128105,Mountain Lake Reflection at Dawn | Black & White Sumi-e Ink Mountain Wall Art | Poster Print,"Mountain Lake Reflection at Dawn — a serene black & white sumi-e ink-wash landscape with a single soft red sun accent. Museum-quality matte print that brings calm, minimalist Japanese-inspired beauty to any wall. Printed and shipped for you; available framed or unframed.",https://canvasminiart.site/p/4527128105.html,https://i.etsystatic.com/65245102/r/il/8ca254/8220250625/il_fullxfull.8220250625_t6cv.jpg,24.99 USD,in stock,new,MiniCanvasArt,"Home & Garden > Decor > Artwork > Posters, Prints, & Visual Artwork",Landscapes & Nature
4527128059,Karst Cliffs in Morning Mist | Black & White Sumi-e Ink Mountain Wall Art | Poster Print,"Karst Cliffs in Morning Mist — a serene black & white sumi-e ink-wash landscape with a single soft red sun accent. Museum-quality matte print that brings calm, minimalist Japanese-inspired beauty to any wall. Printed and shipped for you; available framed or unframed. 🖌 Meet the artist I'm Hana — an artist who fell in love with the quiet power of Japanese ink. I'm drawn to misty mountains, a single confident brushstroke, and the calm that lives in empty space. For me every piece is a small world of feeling, painted in silence. Nothing makes me happier than imagining it on your wall, bringing a moment of stillness to your day. Thank you for letting my art into your home. © Original design by Hana / MiniCanvasArt. All rights reserved.",https://canvasminiart.site/p/4527128059.html,https://i.etsystatic.com/65245102/r/il/4774f7/8220250087/il_fullxfull.8220250087_1nyj.jpg,39.99 USD,in stock,new,MiniCanvasArt,"Home & Garden > Decor > Artwork > Posters, Prints, & Visual Artwork",Landscapes & Nature
4527137648,Distant Mountain Ridges in Fog | Black & White Sumi-e Ink Mountain Wall Art | Poster Print,"Distant Mountain Ridges in Fog — a serene black & white sumi-e ink-wash landscape with a single soft red sun accent. Museum-quality matte print that brings calm, minimalist Japanese-inspired beauty to any wall. Printed and shipped for you; available framed or unframed. 🖌 Meet the artist I'm Hana — an artist who fell in love with the quiet power of Japanese ink. I'm drawn to misty mountains, a single confident brushstroke, and the calm that lives in empty space. For me every piece is a small world of feeling, painted in silence. Nothing makes me happier than imagining it on your wall, bringing a moment of stillness to your day. Thank you for letting my art into your home. © Original design by Hana / MiniCanvasArt. All rights reserved.",https://canvasminiart.site/p/4527137648.html,https://i.etsystatic.com/65245102/r/il/d996d1/8172319384/il_fullxfull.8172319384_307b.jpg,39.99 USD,in stock,new,MiniCanvasArt,"Home & Garden > Decor > Artwork > Posters, Prints, & Visual Artwork",Landscapes & Nature
4527129254,Cranes Over Misty Mountain Peaks | Black & White Sumi-e Ink Mountain Wall Art | Poster Print,"Cranes Over Misty Mountain Peaks — a serene black & white sumi-e ink-wash landscape with a single soft red sun accent. Museum-quality matte print that brings calm, minimalist Japanese-inspired beauty to any wall. Printed and shipped for you; available framed or unframed. 🖌 Meet the artist I'm Hana — I find endless wonder in nature's small details: a single stem, the curve of a wing, the patience of growing things. I paint them simply, in ink and light, so the beauty speaks for itself. Each piece is a quiet love letter to the natural world. It would mean so much to know it now brings a little calm into your space. Thank you for welcoming my art into your home. © Original design by Hana / MiniCanvasArt. All rights reserved.",https://canvasminiart.site/p/4527129254.html,https://i.etsystatic.com/65245102/r/il/c2aa54/8172260554/il_fullxfull.8172260554_2s58.jpg,39.99 USD,in stock,new,MiniCanvasArt,"Home & Garden > Decor > Artwork > Posters, Prints, & Visual Artwork",Koi & Animals
4527128024,Cossack and Soldier Plan Together | Framed Ukrainian Cossack Ink Wall Art | B&W Sumi-e,"Cossack and Soldier Plan Together - a black & white sumi-e ink wall art print celebrating the bond between Ukraine's Cossack heritage and its modern defenders. Museum-quality matte poster, printed and shipped for you. Available framed or unframed. 🖌 Meet the artist I'm Hana, and this collection comes straight from my roots. I grew up on stories of the steppe, of free horsemen and windswept horizons — and I paint them in bold black ink to keep that spirit alive. Each artwork carries a piece of my heritage and a lot of heart. It means the world to me that these riders and quiet landscapes might now live with you. Thank you for giving my art a home. © Original design by Hana / MiniCanvasArt. All rights reserved.",https://canvasminiart.site/p/4527128024.html,https://i.etsystatic.com/65245102/r/il/d6dfeb/8293257367/il_fullxfull.8293257367_r6is.jpg,144.99 USD,in stock,new,MiniCanvasArt,"Home & Garden > Decor > Artwork > Posters, Prints, & Visual Artwork",Framed Art Prints
4527127976,Cranes by a Snow-Laden Pine | B&W Sumi-e Ink Wall Art | Framed Poster,"Cranes by a Snow-Laden Pine — an original black & white sumi-e ink wall art print. Minimalist ink-wash (sumi-e) painting capturing winter pine and cranes. The bold brushwork and calm negative space bring a serene, gallery-quality focal point to a living room, bedroom, office, or entryway. • Museum-quality matte poster paper (189 g/m², 10.3 mil), printed with archival inkjet inks • Sizes: 12×18"", 16×24"", 24×36"" (portrait) • Made-to-order and shipped directly to you • Frame not included (unframed poster) — pairs well with a simple black or natural-wood frame Colors may vary slightly between screens and print. This is a print only; no physical frame is shipped. 🖌 Meet the artist I'm Hana — I find endless wonder in nature's small details: a single stem, the curve of a wing, the patience of growing things. I paint them simply, in ink and light, so the beauty speaks for itself. Each piece is a",https://canvasminiart.site/p/4527127976.html,https://i.etsystatic.com/65245102/r/il/5f71d2/8245441564/il_fullxfull.8245441564_tl6e.jpg,144.99 USD,in stock,new,MiniCanvasArt,"Home & Garden > Decor > Artwork > Posters, Prints, & Visual Artwork",Framed Art Prints
4527118553,Cossack Beneath a Storm-Bent Oak | B&W Sumi-e Ink Wall Art | Framed Poster,"Cossack Beneath a Storm-Bent Oak — an original black & white sumi-e ink wall art print. Minimalist ink-wash (sumi-e) painting capturing endurance and storm. The bold brushwork and calm negative space bring a serene, gallery-quality focal point to a living room, bedroom, office, or entryway. • Museum-quality matte poster paper (189 g/m², 10.3 mil), printed with archival inkjet inks • Sizes: 12×18"", 16×24"", 24×36"" (portrait) • Made-to-order and shipped directly to you • Frame not included (unframed poster) — pairs well with a simple black or natural-wood frame Colors may vary slightly between screens and print. This is a print only; no physical frame is shipped. 🖌 Meet the artist I'm Hana, and this collection comes straight from my roots. I grew up on stories of the steppe, of free horsemen and windswept horizons — and I paint them in bold black ink to keep that spirit alive. Each artwork ",https://canvasminiart.site/p/4527118553.html,https://i.etsystatic.com/65245102/r/il/74d201/8245343596/il_fullxfull.8245343596_tc63.jpg,144.99 USD,in stock,new,MiniCanvasArt,"Home & Garden > Decor > Artwork > Posters, Prints, & Visual Artwork",Framed Art Prints
4527118481,Cossack Singing a Duma by the Fire | B&W Sumi-e Ink Wall Art | Framed Poster,"Cossack Singing a Duma by the Fire — an original black & white sumi-e ink wall art print. Minimalist ink-wash (sumi-e) painting capturing Ukrainian folk ballad. The bold brushwork and calm negative space bring a serene, gallery-quality focal point to a living room, bedroom, office, or entryway. • Museum-quality matte poster paper (189 g/m², 10.3 mil), printed with archival inkjet inks • Sizes: 12×18"", 16×24"", 24×36"" (portrait) • Made-to-order and shipped directly to you • Frame not included (unframed poster) — pairs well with a simple black or natural-wood frame Colors may vary slightly between screens and print. This is a print only; no physical frame is shipped. 🖌 Meet the artist I'm Hana, and this collection comes straight from my roots. I grew up on stories of the steppe, of free horsemen and windswept horizons — and I paint them in bold black ink to keep that spirit alive. Each artw",https://canvasminiart.site/p/4527118481.html,https://i.etsystatic.com/65245102/r/il/8f0fd4/8245345836/il_fullxfull.8245345836_jmsn.jpg,144.99 USD,in stock,new,MiniCanvasArt,"Home & Garden > Decor > Artwork > Posters, Prints, & Visual Artwork",Framed Art Prints
4527118435,Lone Cossack Before a Steppe Church | B&W Sumi-e Ink Wall Art | Framed Poster,"Lone Cossack Before a Steppe Church — an original black & white sumi-e ink wall art print. Minimalist ink-wash (sumi-e) painting capturing Ukrainian steppe and faith. The bold brushwork and calm negative space bring a serene, gallery-quality focal point to a living room, bedroom, office, or entryway. • Museum-quality matte poster paper (189 g/m², 10.3 mil), printed with archival inkjet inks • Sizes: 12×18"", 16×24"", 24×36"" (portrait) • Made-to-order and shipped directly to you • Frame not included (unframed poster) — pairs well with a simple black or natural-wood frame Colors may vary slightly between screens and print. This is a print only; no physical frame is shipped. 🖌 Meet the artist I'm Hana, and this collection comes straight from my roots. I grew up on stories of the steppe, of free horsemen and windswept horizons — and I paint them in bold black ink to keep that spirit alive. Eac",https://canvasminiart.site/p/4527118435.html,https://i.etsystatic.com/65245102/r/il/78fb9e/8245348862/il_fullxfull.8245348862_fx8x.jpg,144.99 USD,in stock,new,MiniCanvasArt,"Home & Garden > Decor > Artwork > Posters, Prints, & Visual Artwork",Framed Art Prints
4527127810,Cossack Rowing a Chaika Boat on the Dnipro River | B&W Sumi-e Ink Wall Art | Framed Poster,"Cossack Rowing a Chaika Boat on the Dnipro River — an original black & white sumi-e ink wall art print. Minimalist ink-wash (sumi-e) painting capturing Ukrainian Cossack heritage. The bold brushwork and calm negative space bring a serene, gallery-quality focal point to a living room, bedroom, office, or entryway. • Museum-quality matte poster paper (189 g/m², 10.3 mil), printed with archival inkjet inks • Sizes: 12×18"", 16×24"", 24×36"" (portrait) • Made-to-order and shipped directly to you • Frame not included (unframed poster) — pairs well with a simple black or natural-wood frame Colors may vary slightly between screens and print. This is a print only; no physical frame is shipped. 🖌 Meet the artist I'm Hana, and this collection comes straight from my roots. I grew up on stories of the steppe, of free horsemen and windswept horizons — and I paint them in bold black ink to keep that spir",https://canvasminiart.site/p/4527127810.html,https://i.etsystatic.com/65245102/r/il/9edc3a/8293267703/il_fullxfull.8293267703_h070.jpg,144.99 USD,in stock,new,MiniCanvasArt,"Home & Garden > Decor > Artwork > Posters, Prints, & Visual Artwork",Framed Art Prints
4527118317,Cossack Shows the Way at Dawn | Framed Ukrainian Cossack Ink Wall Art | B&W Sumi-e,"Cossack Shows the Way at Dawn - a black & white sumi-e ink wall art print celebrating the bond between Ukraine's Cossack heritage and its modern defenders. Museum-quality matte poster, printed and shipped for you. Available framed or unframed. 🖌 Meet the artist I'm Hana, and this collection comes straight from my roots. I grew up on stories of the steppe, of free horsemen and windswept horizons — and I paint them in bold black ink to keep that spirit alive. Each artwork carries a piece of my heritage and a lot of heart. It means the world to me that these riders and quiet landscapes might now live with you. Thank you for giving my art a home. © Original design by Hana / MiniCanvasArt. All rights reserved.",https://canvasminiart.site/p/4527118317.html,https://i.etsystatic.com/65245102/r/il/592cc6/8293269599/il_fullxfull.8293269599_dil0.jpg,144.99 USD,in stock,new,MiniCanvasArt,"Home & Garden > Decor > Artwork > Posters, Prints, & Visual Artwork",Framed Art Prints
4527127664,Cossack Teaching the Hopak Dance | Framed Ukrainian Cossack Ink Wall Art | B&W Sumi-e,"Cossack Teaching the Hopak Dance - a black & white sumi-e ink wall art print celebrating the bond between Ukraine's Cossack heritage and its modern defenders. Museum-quality matte poster, printed and shipped for you. Available framed or unframed. 🖌 Meet the artist I'm Hana, and this collection comes straight from my roots. I grew up on stories of the steppe, of free horsemen and windswept horizons — and I paint them in bold black ink to keep that spirit alive. Each artwork carries a piece of my heritage and a lot of heart. It means the world to me that these riders and quiet landscapes might now live with you. Thank you for giving my art a home. © Original design by Hana / MiniCanvasArt. All rights reserved.",https://canvasminiart.site/p/4527127664.html,https://i.etsystatic.com/65245102/r/il/fc0628/8293272277/il_fullxfull.8293272277_e2ca.jpg,144.99 USD,in stock,new,MiniCanvasArt,"Home & Garden > Decor > Artwork > Posters, Prints, & Visual Artwork",Framed Art Prints
4527118193,Cossack and Soldier Pray at a Chapel | Framed Ukrainian Cossack Ink Wall Art | B&W Sumi-e,"Cossack and Soldier Pray at a Chapel - a black & white sumi-e ink wall art print celebrating the bond between Ukraine's Cossack heritage and its modern defenders. Museum-quality matte poster, printed and shipped for you. Available framed or unframed. 🖌 Meet the artist I'm Hana, and this collection comes straight from my roots. I grew up on stories of the steppe, of free horsemen and windswept horizons — and I paint them in bold black ink to keep that spirit alive. Each artwork carries a piece of my heritage and a lot of heart. It means the world to me that these riders and quiet landscapes might now live with you. Thank you for giving my art a home. © Original design by Hana / MiniCanvasArt. All rights reserved.",https://canvasminiart.site/p/4527118193.html,https://i.etsystatic.com/65245102/r/il/231cf6/8293275135/il_fullxfull.8293275135_o3qv.jpg,144.99 USD,in stock,new,MiniCanvasArt,"Home & Garden > Decor > Artwork > Posters, Prints, & Visual Artwork",Framed Art Prints
4527118131,Cossack Leading the Way | Framed Ukrainian Cossack Ink Wall Art | B&W Sumi-e,"Cossack Leading the Way - a black & white sumi-e ink wall art print celebrating the bond between Ukraine's Cossack heritage and its modern defenders. Museum-quality matte poster, printed and shipped for you. Available framed or unframed. 🖌 Meet the artist I'm Hana, and this collection comes straight from my roots. I grew up on stories of the steppe, of free horsemen and windswept horizons — and I paint them in bold black ink to keep that spirit alive. Each artwork carries a piece of my heritage and a lot of heart. It means the world to me that these riders and quiet landscapes might now live with you. Thank you for giving my art a home. © Original design by Hana / MiniCanvasArt. All rights reserved.",https://canvasminiart.site/p/4527118131.html,https://i.etsystatic.com/65245102/r/il/1b64b4/8245361112/il_fullxfull.8245361112_b2rj.jpg,144.99 USD,in stock,new,MiniCanvasArt,"Home & Garden > Decor > Artwork > Posters, Prints, & Visual Artwork",Framed Art Prints
4527127498,Cossack and Soldier Rest by the River | Framed Ukrainian Cossack Ink Wall Art | B&W Sumi-e,"Cossack and Soldier Rest by the River - a black & white sumi-e ink wall art print celebrating the bond between Ukraine's Cossack heritage and its modern defenders. Museum-quality matte poster, printed and shipped for you. Available framed or unframed. 🖌 Meet the artist I'm Hana, and this collection comes straight from my roots. I grew up on stories of the steppe, of free horsemen and windswept horizons — and I paint them in bold black ink to keep that spirit alive. Each artwork carries a piece of my heritage and a lot of heart. It means the world to me that these riders and quiet landscapes might now live with you. Thank you for giving my art a home. © Original design by Hana / MiniCanvasArt. All rights reserved.",https://canvasminiart.site/p/4527127498.html,https://i.etsystatic.com/65245102/r/il/eb9504/8293280493/il_fullxfull.8293280493_g4jq.jpg,144.99 USD,in stock,new,MiniCanvasArt,"Home & Garden > Decor > Artwork > Posters, Prints, & Visual Artwork",Framed Art Prints
4527127452,Cossack Offering Bread and Salt | Framed Ukrainian Cossack Ink Wall Art | B&W Sumi-e,"Cossack Offering Bread and Salt - a black & white sumi-e ink wall art print celebrating the bond between Ukraine's Cossack heritage and its modern defenders. Museum-quality matte poster, printed and shipped for you. Available framed or unframed. 🖌 Meet the artist I'm Hana, and this collection comes straight from my roots. I grew up on stories of the steppe, of free horsemen and windswept horizons — and I paint them in bold black ink to keep that spirit alive. Each artwork carries a piece of my heritage and a lot of heart. It means the world to me that these riders and quiet landscapes might now live with you. Thank you for giving my art a home. © Original design by Hana / MiniCanvasArt. All rights reserved.",https://canvasminiart.site/p/4527127452.html,https://i.etsystatic.com/65245102/r/il/7d3471/8293285699/il_fullxfull.8293285699_27ow.jpg,144.99 USD,in stock,new,MiniCanvasArt,"Home & Garden > Decor > Artwork > Posters, Prints, & Visual Artwork",Framed Art Prints
4527117953,Cossack Teaching the Saber | Framed Ukrainian Cossack Ink Wall Art | B&W Sumi-e,"Cossack Teaching the Saber - a black & white sumi-e ink wall art print celebrating the bond between Ukraine's Cossack heritage and its modern defenders. Museum-quality matte poster, printed and shipped for you. Available framed or unframed. 🖌 Meet the artist I'm Hana, and this collection comes straight from my roots. I grew up on stories of the steppe, of free horsemen and windswept horizons — and I paint them in bold black ink to keep that spirit alive. Each artwork carries a piece of my heritage and a lot of heart. It means the world to me that these riders and quiet landscapes might now live with you. Thank you for giving my art a home. © Original design by Hana / MiniCanvasArt. All rights reserved.",https://canvasminiart.site/p/4527117953.html,https://i.etsystatic.com/65245102/r/il/fb64d1/8245371760/il_fullxfull.8245371760_o7xb.jpg,144.99 USD,in stock,new,MiniCanvasArt,"Home & Garden > Decor > Artwork > Posters, Prints, & Visual Artwork",Framed Art Prints
4527127336,Spirit of the Cossack Guarding a Soldier | Framed Ukrainian Cossack Ink Wall Art | B&W Sumi-e,"Spirit of the Cossack Guarding a Soldier - a black & white sumi-e ink wall art print celebrating the bond between Ukraine's Cossack heritage and its modern defenders. Museum-quality matte poster, printed and shipped for you. Available framed or unframed. 🖌 Meet the artist I'm Hana, and this collection comes straight from my roots. I grew up on stories of the steppe, of free horsemen and windswept horizons — and I paint them in bold black ink to keep that spirit alive. Each artwork carries a piece of my heritage and a lot of heart. It means the world to me that these riders and quiet landscapes might now live with you. Thank you for giving my art a home. © Original design by Hana / MiniCanvasArt. All rights reserved.",https://canvasminiart.site/p/4527127336.html,https://i.etsystatic.com/65245102/r/il/738228/8293290553/il_fullxfull.8293290553_iuvt.jpg,144.99 USD,in stock,new,MiniCanvasArt,"Home & Garden > Decor > Artwork > Posters, Prints, & Visual Artwork",Framed Art Prints
4527127308,Cossack and Soldier by the Campfire | Framed Ukrainian Cossack Ink Wall Art | B&W Sumi-e,"Cossack and Soldier by the Campfire - a black & white sumi-e ink wall art print celebrating the bond between Ukraine's Cossack heritage and its modern defenders. Museum-quality matte poster, printed and shipped for you. Available framed or unframed. 🖌 Meet the artist I'm Hana, and this collection comes straight from my roots. I grew up on stories of the steppe, of free horsemen and windswept horizons — and I paint them in bold black ink to keep that spirit alive. Each artwork carries a piece of my heritage and a lot of heart. It means the world to me that these riders and quiet landscapes might now live with you. Thank you for giving my art a home. © Original design by Hana / MiniCanvasArt. All rights reserved.",https://canvasminiart.site/p/4527127308.html,https://i.etsystatic.com/65245102/r/il/6f5b36/8293292989/il_fullxfull.8293292989_ful4.jpg,144.99 USD,in stock,new,MiniCanvasArt,"Home & Garden > Decor > Artwork > Posters, Prints, & Visual Artwork",Framed Art Prints
4527117793,Cossack Playing Bandura for a Soldier | Framed Ukrainian Cossack Ink Wall Art | B&W Sumi-e,"Cossack Playing Bandura for a Soldier - a black & white sumi-e ink wall art print celebrating the bond between Ukraine's Cossack heritage and its modern defenders. Museum-quality matte poster, printed and shipped for you. Available framed or unframed. 🖌 Meet the artist I'm Hana, and this collection comes straight from my roots. I grew up on stories of the steppe, of free horsemen and windswept horizons — and I paint them in bold black ink to keep that spirit alive. Each artwork carries a piece of my heritage and a lot of heart. It means the world to me that these riders and quiet landscapes might now live with you. Thank you for giving my art a home. © Original design by Hana / MiniCanvasArt. All rights reserved.",https://canvasminiart.site/p/4527117793.html,https://i.etsystatic.com/65245102/r/il/78c227/8293295325/il_fullxfull.8293295325_1u4t.jpg,144.99 USD,in stock,new,MiniCanvasArt,"Home & Garden > Decor > Artwork > Posters, Prints, & Visual Artwork",Framed Art Prints
4527117719,Cossack and Soldier Sharing a Feast | Framed Ukrainian Cossack Ink Wall Art | B&W Sumi-e,"Cossack and Soldier Sharing a Feast - a black & white sumi-e ink wall art print celebrating the bond between Ukraine's Cossack heritage and its modern defenders. Museum-quality matte poster, printed and shipped for you. Available framed or unframed. 🖌 Meet the artist I'm Hana, and this collection comes straight from my roots. I grew up on stories of the steppe, of free horsemen and windswept horizons — and I paint them in bold black ink to keep that spirit alive. Each artwork carries a piece of my heritage and a lot of heart. It means the world to me that these riders and quiet landscapes might now live with you. Thank you for giving my art a home. © Original design by Hana / MiniCanvasArt. All rights reserved.",https://canvasminiart.site/p/4527117719.html,https://i.etsystatic.com/65245102/r/il/5dac99/8245381708/il_fullxfull.8245381708_ivyu.jpg,144.99 USD,in stock,new,MiniCanvasArt,"Home & Garden > Decor > Artwork > Posters, Prints, & Visual Artwork",Framed Art Prints
4527117669,Cossack Passing Kobza and Wisdom | Framed Ukrainian Cossack Ink Wall Art | B&W Sumi-e,"Cossack Passing Kobza and Wisdom - a black & white sumi-e ink wall art print celebrating the bond between Ukraine's Cossack heritage and its modern defenders. Museum-quality matte poster, printed and shipped for you. Available framed or unframed. 🖌 Meet the artist I'm Hana, and this collection comes straight from my roots. I grew up on stories of the steppe, of free horsemen and windswept horizons — and I paint them in bold black ink to keep that spirit alive. Each artwork carries a piece of my heritage and a lot of heart. It means the world to me that these riders and quiet landscapes might now live with you. Thank you for giving my art a home. © Original design by Hana / MiniCanvasArt. All rights reserved.",https://canvasminiart.site/p/4527117669.html,https://i.etsystatic.com/65245102/r/il/6fdc56/8293300537/il_fullxfull.8293300537_k282.jpg,144.99 USD,in stock,new,MiniCanvasArt,"Home & Garden > Decor > Artwork > Posters, Prints, & Visual Artwork",Framed Art Prints
4527117619,"Cossack with Eagle, Soldier with Drone | Framed Ukrainian Cossack Ink Wall Art | B&W Sumi-e","Cossack with Eagle, Soldier with Drone - a black & white sumi-e ink wall art print celebrating the bond between Ukraine's Cossack heritage and its modern defenders. Museum-quality matte poster, printed and shipped for you. Available framed or unframed. 🖌 Meet the artist I'm Hana, and this collection comes straight from my roots. I grew up on stories of the steppe, of free horsemen and windswept horizons — and I paint them in bold black ink to keep that spirit alive. Each artwork carries a piece of my heritage and a lot of heart. It means the world to me that these riders and quiet landscapes might now live with you. Thank you for giving my art a home. © Original design by Hana / MiniCanvasArt. All rights reserved.",https://canvasminiart.site/p/4527117619.html,https://i.etsystatic.com/65245102/r/il/2e4d1c/8293303401/il_fullxfull.8293303401_c30z.jpg,144.99 USD,in stock,new,MiniCanvasArt,"Home & Garden > Decor > Artwork > Posters, Prints, & Visual Artwork",Framed Art Prints
4527127076,Cossack Horseman and Modern Soldier | Framed Ukrainian Cossack Ink Wall Art | B&W Sumi-e,"Cossack Horseman and Modern Soldier - a black & white sumi-e ink wall art print celebrating the bond between Ukraine's Cossack heritage and its modern defenders. Museum-quality matte poster, printed and shipped for you. Available framed or unframed. 🖌 Meet the artist I'm Hana, and this collection comes straight from my roots. I grew up on stories of the steppe, of free horsemen and windswept horizons — and I paint them in bold black ink to keep that spirit alive. Each artwork carries a piece of my heritage and a lot of heart. It means the world to me that these riders and quiet landscapes might now live with you. Thank you for giving my art a home. © Original design by Hana / MiniCanvasArt. All rights reserved.",https://canvasminiart.site/p/4527127076.html,https://i.etsystatic.com/65245102/r/il/b4625e/8293305491/il_fullxfull.8293305491_65k4.jpg,144.99 USD,in stock,new,MiniCanvasArt,"Home & Garden > Decor > Artwork > Posters, Prints, & Visual Artwork",Framed Art Prints
4527127024,Two Cranes by a River | B&W Sumi-e Ink Wall Art | Framed Poster,"Two Cranes by a River — an original black & white sumi-e ink wall art print. Minimalist ink-wash (sumi-e) painting capturing tranquil river cranes. The bold brushwork and calm negative space bring a serene, gallery-quality focal point to a living room, bedroom, office, or entryway. • Museum-quality matte poster paper (189 g/m², 10.3 mil), printed with archival inkjet inks • Sizes: 12×18"", 16×24"", 24×36"" (portrait) • Made-to-order and shipped directly to you • Frame not included (unframed poster) — pairs well with a simple black or natural-wood frame Colors may vary slightly between screens and print. This is a print only; no physical frame is shipped. 🖌 Meet the artist I'm Hana — I find endless wonder in nature's small details: a single stem, the curve of a wing, the patience of growing things. I paint them simply, in ink and light, so the beauty speaks for itself. Each piece is a quiet ",https://canvasminiart.site/p/4527127024.html,https://i.etsystatic.com/65245102/r/il/a3ed38/8245452862/il_fullxfull.8245452862_abam.jpg,144.99 USD,in stock,new,MiniCanvasArt,"Home & Garden > Decor > Artwork > Posters, Prints, & Visual Artwork",Framed Art Prints
4527126988,Crane Taking Off From a Lake | B&W Sumi-e Ink Wall Art | Framed Poster,"Crane Taking Off From a Lake — an original black & white sumi-e ink wall art print. Minimalist ink-wash (sumi-e) painting capturing crane lifting off water. The bold brushwork and calm negative space bring a serene, gallery-quality focal point to a living room, bedroom, office, or entryway. • Museum-quality matte poster paper (189 g/m², 10.3 mil), printed with archival inkjet inks • Sizes: 12×18"", 16×24"", 24×36"" (portrait) • Made-to-order and shipped directly to you • Frame not included (unframed poster) — pairs well with a simple black or natural-wood frame Colors may vary slightly between screens and print. This is a print only; no physical frame is shipped. 🖌 Meet the artist I'm Hana — I find endless wonder in nature's small details: a single stem, the curve of a wing, the patience of growing things. I paint them simply, in ink and light, so the beauty speaks for itself. Each piece is",https://canvasminiart.site/p/4527126988.html,https://i.etsystatic.com/65245102/r/il/72ff1a/8293340487/il_fullxfull.8293340487_2psd.jpg,144.99 USD,in stock,new,MiniCanvasArt,"Home & Garden > Decor > Artwork > Posters, Prints, & Visual Artwork",Framed Art Prints
4527117467,Cranes in a Sunlit Marsh | B&W Sumi-e Ink Wall Art | Framed Poster,"Cranes in a Sunlit Marsh — an original black & white sumi-e ink wall art print. Minimalist ink-wash (sumi-e) painting capturing marsh at sunrise. The bold brushwork and calm negative space bring a serene, gallery-quality focal point to a living room, bedroom, office, or entryway. • Museum-quality matte poster paper (189 g/m², 10.3 mil), printed with archival inkjet inks • Sizes: 12×18"", 16×24"", 24×36"" (portrait) • Made-to-order and shipped directly to you • Frame not included (unframed poster) — pairs well with a simple black or natural-wood frame Colors may vary slightly between screens and print. This is a print only; no physical frame is shipped. 🖌 Meet the artist I'm Hana — I find endless wonder in nature's small details: a single stem, the curve of a wing, the patience of growing things. I paint them simply, in ink and light, so the beauty speaks for itself. Each piece is a quiet lo",https://canvasminiart.site/p/4527117467.html,https://i.etsystatic.com/65245102/r/il/8ad83d/8245418978/il_fullxfull.8245418978_tne1.jpg,144.99 USD,in stock,new,MiniCanvasArt,"Home & Garden > Decor > Artwork > Posters, Prints, & Visual Artwork",Framed Art Prints
4527126914,Crane Reflected in Still Water | B&W Sumi-e Ink Wall Art | Framed Poster,"Crane Reflected in Still Water — an original black & white sumi-e ink wall art print. Minimalist ink-wash (sumi-e) painting capturing crane and reflection. The bold brushwork and calm negative space bring a serene, gallery-quality focal point to a living room, bedroom, office, or entryway. • Museum-quality matte poster paper (189 g/m², 10.3 mil), printed with archival inkjet inks • Sizes: 12×18"", 16×24"", 24×36"" (portrait) • Made-to-order and shipped directly to you • Frame not included (unframed poster) — pairs well with a simple black or natural-wood frame Colors may vary slightly between screens and print. This is a print only; no physical frame is shipped. 🖌 Meet the artist I'm Hana — I find endless wonder in nature's small details: a single stem, the curve of a wing, the patience of growing things. I paint them simply, in ink and light, so the beauty speaks for itself. Each piece is ",https://canvasminiart.site/p/4527126914.html,https://i.etsystatic.com/65245102/r/il/b64ab7/8245421708/il_fullxfull.8245421708_ay4l.jpg,144.99 USD,in stock,new,MiniCanvasArt,"Home & Garden > Decor > Artwork > Posters, Prints, & Visual Artwork",Framed Art Prints
4527126892,Cranes in Misty Reeds | B&W Sumi-e Ink Wall Art | Framed Poster,"Cranes in Misty Reeds — an original black & white sumi-e ink wall art print. Minimalist ink-wash (sumi-e) painting capturing cranes in morning mist. The bold brushwork and calm negative space bring a serene, gallery-quality focal point to a living room, bedroom, office, or entryway. • Museum-quality matte poster paper (189 g/m², 10.3 mil), printed with archival inkjet inks • Sizes: 12×18"", 16×24"", 24×36"" (portrait) • Made-to-order and shipped directly to you • Frame not included (unframed poster) — pairs well with a simple black or natural-wood frame Colors may vary slightly between screens and print. This is a print only; no physical frame is shipped. 🖌 Meet the artist I'm Hana — I find endless wonder in nature's small details: a single stem, the curve of a wing, the patience of growing things. I paint them simply, in ink and light, so the beauty speaks for itself. Each piece is a quiet",https://canvasminiart.site/p/4527126892.html,https://i.etsystatic.com/65245102/r/il/d90b8d/8245443870/il_fullxfull.8245443870_9e3u.jpg,144.99 USD,in stock,new,MiniCanvasArt,"Home & Garden > Decor > Artwork > Posters, Prints, & Visual Artwork",Framed Art Prints
4527117355,Pair of Cranes Dancing | B&W Sumi-e Ink Wall Art | Framed Poster,"Pair of Cranes Dancing — an original black & white sumi-e ink wall art print. Minimalist ink-wash (sumi-e) painting capturing crane courtship dance. The bold brushwork and calm negative space bring a serene, gallery-quality focal point to a living room, bedroom, office, or entryway. • Museum-quality matte poster paper (189 g/m², 10.3 mil), printed with archival inkjet inks • Sizes: 12×18"", 16×24"", 24×36"" (portrait) • Made-to-order and shipped directly to you • Frame not included (unframed poster) — pairs well with a simple black or natural-wood frame Colors may vary slightly between screens and print. This is a print only; no physical frame is shipped. 🖌 Meet the artist I'm Hana — I find endless wonder in nature's small details: a single stem, the curve of a wing, the patience of growing things. I paint them simply, in ink and light, so the beauty speaks for itself. Each piece is a quiet",https://canvasminiart.site/p/4527117355.html,https://i.etsystatic.com/65245102/r/il/25cbf3/8245416776/il_fullxfull.8245416776_j784.jpg,144.99 USD,in stock,new,MiniCanvasArt,"Home & Garden > Decor > Artwork > Posters, Prints, & Visual Artwork",Framed Art Prints
4527126810,Flock of Cranes at Dawn | B&W Sumi-e Ink Wall Art | Framed Poster,"Flock of Cranes at Dawn — an original black & white sumi-e ink wall art print. Minimalist ink-wash (sumi-e) painting capturing dawn crane flock. The bold brushwork and calm negative space bring a serene, gallery-quality focal point to a living room, bedroom, office, or entryway. • Museum-quality matte poster paper (189 g/m², 10.3 mil), printed with archival inkjet inks • Sizes: 12×18"", 16×24"", 24×36"" (portrait) • Made-to-order and shipped directly to you • Frame not included (unframed poster) — pairs well with a simple black or natural-wood frame Colors may vary slightly between screens and print. This is a print only; no physical frame is shipped. 🖌 Meet the artist I'm Hana — I find endless wonder in nature's small details: a single stem, the curve of a wing, the patience of growing things. I paint them simply, in ink and light, so the beauty speaks for itself. Each piece is a quiet lov",https://canvasminiart.site/p/4527126810.html,https://i.etsystatic.com/65245102/r/il/a87aca/8293350963/il_fullxfull.8293350963_eb3w.jpg,144.99 USD,in stock,new,MiniCanvasArt,"Home & Garden > Decor > Artwork > Posters, Prints, & Visual Artwork",Framed Art Prints
4527117249,Cranes in Flight Before the Moon | B&W Sumi-e Ink Wall Art | Framed Poster,"Cranes in Flight Before the Moon — an original black & white sumi-e ink wall art print. Minimalist ink-wash (sumi-e) painting capturing moonlit crane flight. The bold brushwork and calm negative space bring a serene, gallery-quality focal point to a living room, bedroom, office, or entryway. • Museum-quality matte poster paper (189 g/m², 10.3 mil), printed with archival inkjet inks • Sizes: 12×18"", 16×24"", 24×36"" (portrait) • Made-to-order and shipped directly to you • Frame not included (unframed poster) — pairs well with a simple black or natural-wood frame Colors may vary slightly between screens and print. This is a print only; no physical frame is shipped. 🖌 Meet the artist I'm Hana — I find endless wonder in nature's small details: a single stem, the curve of a wing, the patience of growing things. I paint them simply, in ink and light, so the beauty speaks for itself. Each piece i",https://canvasminiart.site/p/4527117249.html,https://i.etsystatic.com/65245102/r/il/bcb8fa/8245408602/il_fullxfull.8245408602_3rqu.jpg,144.99 USD,in stock,new,MiniCanvasArt,"Home & Garden > Decor > Artwork > Posters, Prints, & Visual Artwork",Framed Art Prints
4527126730,Cranes Among Bamboo | B&W Sumi-e Ink Wall Art | Framed Poster,"Cranes Among Bamboo — an original black & white sumi-e ink wall art print. Minimalist ink-wash (sumi-e) painting capturing cranes and bamboo grove. The bold brushwork and calm negative space bring a serene, gallery-quality focal point to a living room, bedroom, office, or entryway. • Museum-quality matte poster paper (189 g/m², 10.3 mil), printed with archival inkjet inks • Sizes: 12×18"", 16×24"", 24×36"" (portrait) • Made-to-order and shipped directly to you • Frame not included (unframed poster) — pairs well with a simple black or natural-wood frame Colors may vary slightly between screens and print. This is a print only; no physical frame is shipped. 🖌 Meet the artist I'm Hana — I find endless wonder in nature's small details: a single stem, the curve of a wing, the patience of growing things. I paint them simply, in ink and light, so the beauty speaks for itself. Each piece is a quiet ",https://canvasminiart.site/p/4527126730.html,https://i.etsystatic.com/65245102/r/il/f9edff/8245427916/il_fullxfull.8245427916_thu7.jpg,144.99 USD,in stock,new,MiniCanvasArt,"Home & Garden > Decor > Artwork > Posters, Prints, & Visual Artwork",Framed Art Prints
4527126678,Ronin Ascending Temple Steps | B&W Sumi-e Ink Wall Art | Framed Poster,"Ronin Ascending Temple Steps — an original black & white sumi-e ink wall art print. Minimalist ink-wash (sumi-e) painting capturing pilgrimage and resolve. The bold brushwork and calm negative space bring a serene, gallery-quality focal point to a living room, bedroom, office, or entryway. • Museum-quality matte poster paper (189 g/m², 10.3 mil), printed with archival inkjet inks • Sizes: 12×18"", 16×24"", 24×36"" (portrait) • Made-to-order and shipped directly to you • Frame not included (unframed poster) — pairs well with a simple black or natural-wood frame Colors may vary slightly between screens and print. This is a print only; no physical frame is shipped. 🖌 Meet the artist I'm Hana — an artist who fell in love with the quiet power of Japanese ink. I'm drawn to misty mountains, a single confident brushstroke, and the calm that lives in empty space. For me every piece is a small world ",https://canvasminiart.site/p/4527126678.html,https://i.etsystatic.com/65245102/r/il/e1b25e/8245527092/il_fullxfull.8245527092_k4ls.jpg,144.99 USD,in stock,new,MiniCanvasArt,"Home & Garden > Decor > Artwork > Posters, Prints, & Visual Artwork",Framed Art Prints
4527126634,Ronin at a Lantern-Lit Teahouse | B&W Sumi-e Ink Wall Art | Framed Poster,"Ronin at a Lantern-Lit Teahouse — an original black & white sumi-e ink wall art print. Minimalist ink-wash (sumi-e) painting capturing evening teahouse. The bold brushwork and calm negative space bring a serene, gallery-quality focal point to a living room, bedroom, office, or entryway. • Museum-quality matte poster paper (189 g/m², 10.3 mil), printed with archival inkjet inks • Sizes: 12×18"", 16×24"", 24×36"" (portrait) • Made-to-order and shipped directly to you • Frame not included (unframed poster) — pairs well with a simple black or natural-wood frame Colors may vary slightly between screens and print. This is a print only; no physical frame is shipped. 🖌 Meet the artist I'm Hana — an artist who fell in love with the quiet power of Japanese ink. I'm drawn to misty mountains, a single confident brushstroke, and the calm that lives in empty space. For me every piece is a small world of ",https://canvasminiart.site/p/4527126634.html,https://i.etsystatic.com/65245102/r/il/14dde1/8245530998/il_fullxfull.8245530998_5sz2.jpg,144.99 USD,in stock,new,MiniCanvasArt,"Home & Garden > Decor > Artwork > Posters, Prints, & Visual Artwork",Framed Art Prints
4527126572,Ronin Crossing a Snow Mountain Pass | B&W Sumi-e Ink Wall Art | Framed Poster,"Ronin Crossing a Snow Mountain Pass — an original black & white sumi-e ink wall art print. Minimalist ink-wash (sumi-e) painting capturing winter samurai journey. The bold brushwork and calm negative space bring a serene, gallery-quality focal point to a living room, bedroom, office, or entryway. • Museum-quality matte poster paper (189 g/m², 10.3 mil), printed with archival inkjet inks • Sizes: 12×18"", 16×24"", 24×36"" (portrait) • Made-to-order and shipped directly to you • Frame not included (unframed poster) — pairs well with a simple black or natural-wood frame Colors may vary slightly between screens and print. This is a print only; no physical frame is shipped. 🖌 Meet the artist I'm Hana — an artist who fell in love with the quiet power of Japanese ink. I'm drawn to misty mountains, a single confident brushstroke, and the calm that lives in empty space. For me every piece is a small",https://canvasminiart.site/p/4527126572.html,https://i.etsystatic.com/65245102/r/il/92c5e0/8245534806/il_fullxfull.8245534806_gplm.jpg,144.99 USD,in stock,new,MiniCanvasArt,"Home & Garden > Decor > Artwork > Posters, Prints, & Visual Artwork",Framed Art Prints
4527126530,Ronin on a Mountain Road at Dusk | B&W Sumi-e Ink Wall Art | Framed Poster,"Ronin on a Mountain Road at Dusk — an original black & white sumi-e ink wall art print. Minimalist ink-wash (sumi-e) painting capturing the wanderer's path. The bold brushwork and calm negative space bring a serene, gallery-quality focal point to a living room, bedroom, office, or entryway. • Museum-quality matte poster paper (189 g/m², 10.3 mil), printed with archival inkjet inks • Sizes: 12×18"", 16×24"", 24×36"" (portrait) • Made-to-order and shipped directly to you • Frame not included (unframed poster) — pairs well with a simple black or natural-wood frame Colors may vary slightly between screens and print. This is a print only; no physical frame is shipped. 🖌 Meet the artist I'm Hana — an artist who fell in love with the quiet power of Japanese ink. I'm drawn to misty mountains, a single confident brushstroke, and the calm that lives in empty space. For me every piece is a small world",https://canvasminiart.site/p/4527126530.html,https://i.etsystatic.com/65245102/r/il/38215e/8245537820/il_fullxfull.8245537820_2rf9.jpg,144.99 USD,in stock,new,MiniCanvasArt,"Home & Garden > Decor > Artwork > Posters, Prints, & Visual Artwork",Framed Art Prints
4527116995,Ronin Duel Among the Reeds | B&W Sumi-e Ink Wall Art | Framed Poster,"Ronin Duel Among the Reeds — an original black & white sumi-e ink wall art print. Minimalist ink-wash (sumi-e) painting capturing samurai duel. The bold brushwork and calm negative space bring a serene, gallery-quality focal point to a living room, bedroom, office, or entryway. • Museum-quality matte poster paper (189 g/m², 10.3 mil), printed with archival inkjet inks • Sizes: 12×18"", 16×24"", 24×36"" (portrait) • Made-to-order and shipped directly to you • Frame not included (unframed poster) — pairs well with a simple black or natural-wood frame Colors may vary slightly between screens and print. This is a print only; no physical frame is shipped. 🖌 Meet the artist I'm Hana — an artist who fell in love with the quiet power of Japanese ink. I'm drawn to misty mountains, a single confident brushstroke, and the calm that lives in empty space. For me every piece is a small world of feeling, ",https://canvasminiart.site/p/4527116995.html,https://i.etsystatic.com/65245102/r/il/3a1784/8293455037/il_fullxfull.8293455037_7c1h.jpg,144.99 USD,in stock,new,MiniCanvasArt,"Home & Garden > Decor > Artwork > Posters, Prints, & Visual Artwork",Framed Art Prints
4527126434,Ronin on a Rain-Swept Bridge | B&W Sumi-e Ink Wall Art | Framed Poster,"Ronin on a Rain-Swept Bridge — an original black & white sumi-e ink wall art print. Minimalist ink-wash (sumi-e) painting capturing samurai in the rain. The bold brushwork and calm negative space bring a serene, gallery-quality focal point to a living room, bedroom, office, or entryway. • Museum-quality matte poster paper (189 g/m², 10.3 mil), printed with archival inkjet inks • Sizes: 12×18"", 16×24"", 24×36"" (portrait) • Made-to-order and shipped directly to you • Frame not included (unframed poster) — pairs well with a simple black or natural-wood frame Colors may vary slightly between screens and print. This is a print only; no physical frame is shipped. 🖌 Meet the artist I'm Hana — an artist who fell in love with the quiet power of Japanese ink. I'm drawn to misty mountains, a single confident brushstroke, and the calm that lives in empty space. For me every piece is a small world of ",https://canvasminiart.site/p/4527126434.html,https://i.etsystatic.com/65245102/r/il/d1d0a9/8293463149/il_fullxfull.8293463149_iqfx.jpg,144.99 USD,in stock,new,MiniCanvasArt,"Home & Garden > Decor > Artwork > Posters, Prints, & Visual Artwork",Framed Art Prints
4527126348,Ronin in Moonlit Grass | B&W Sumi-e Ink Wall Art | Framed Poster,"Ronin in Moonlit Grass — an original black & white sumi-e ink wall art print. Minimalist ink-wash (sumi-e) painting capturing moonlight and stillness. The bold brushwork and calm negative space bring a serene, gallery-quality focal point to a living room, bedroom, office, or entryway. • Museum-quality matte poster paper (189 g/m², 10.3 mil), printed with archival inkjet inks • Sizes: 12×18"", 16×24"", 24×36"" (portrait) • Made-to-order and shipped directly to you • Frame not included (unframed poster) — pairs well with a simple black or natural-wood frame Colors may vary slightly between screens and print. This is a print only; no physical frame is shipped. 🖌 Meet the artist I'm Hana — an artist who fell in love with the quiet power of Japanese ink. I'm drawn to misty mountains, a single confident brushstroke, and the calm that lives in empty space. For me every piece is a small world of fe",https://canvasminiart.site/p/4527126348.html,https://i.etsystatic.com/65245102/r/il/6efcf8/8245551654/il_fullxfull.8245551654_djve.jpg,144.99 USD,in stock,new,MiniCanvasArt,"Home & Garden > Decor > Artwork > Posters, Prints, & Visual Artwork",Framed Art Prints
4527126296,Ronin Crossing a Misty Ferry | B&W Sumi-e Ink Wall Art | Framed Poster,"Ronin Crossing a Misty Ferry — an original black & white sumi-e ink wall art print. Minimalist ink-wash (sumi-e) painting capturing river crossing in mist. The bold brushwork and calm negative space bring a serene, gallery-quality focal point to a living room, bedroom, office, or entryway. • Museum-quality matte poster paper (189 g/m², 10.3 mil), printed with archival inkjet inks • Sizes: 12×18"", 16×24"", 24×36"" (portrait) • Made-to-order and shipped directly to you • Frame not included (unframed poster) — pairs well with a simple black or natural-wood frame Colors may vary slightly between screens and print. This is a print only; no physical frame is shipped. 🖌 Meet the artist I'm Hana — an artist who fell in love with the quiet power of Japanese ink. I'm drawn to misty mountains, a single confident brushstroke, and the calm that lives in empty space. For me every piece is a small world ",https://canvasminiart.site/p/4527126296.html,https://i.etsystatic.com/65245102/r/il/bb4365/8245553980/il_fullxfull.8245553980_gxpj.jpg,144.99 USD,in stock,new,MiniCanvasArt,"Home & Garden > Decor > Artwork > Posters, Prints, & Visual Artwork",Framed Art Prints
4527116765,Ronin Walking a Field of Crows | B&W Sumi-e Ink Wall Art | Framed Poster,"Ronin Walking a Field of Crows — an original black & white sumi-e ink wall art print. Minimalist ink-wash (sumi-e) painting capturing solitude and crows. The bold brushwork and calm negative space bring a serene, gallery-quality focal point to a living room, bedroom, office, or entryway. • Museum-quality matte poster paper (189 g/m², 10.3 mil), printed with archival inkjet inks • Sizes: 12×18"", 16×24"", 24×36"" (portrait) • Made-to-order and shipped directly to you • Frame not included (unframed poster) — pairs well with a simple black or natural-wood frame Colors may vary slightly between screens and print. This is a print only; no physical frame is shipped. 🖌 Meet the artist I'm Hana — an artist who fell in love with the quiet power of Japanese ink. I'm drawn to misty mountains, a single confident brushstroke, and the calm that lives in empty space. For me every piece is a small world of",https://canvasminiart.site/p/4527116765.html,https://i.etsystatic.com/65245102/r/il/705765/8293471061/il_fullxfull.8293471061_m6g7.jpg,144.99 USD,in stock,new,MiniCanvasArt,"Home & Garden > Decor > Artwork > Posters, Prints, & Visual Artwork",Framed Art Prints
4527116713,Ronin on a Sea Cliff at Dawn | B&W Sumi-e Ink Wall Art | Framed Poster,"Ronin on a Sea Cliff at Dawn — an original black & white sumi-e ink wall art print. Minimalist ink-wash (sumi-e) painting capturing lone samurai and the sea. The bold brushwork and calm negative space bring a serene, gallery-quality focal point to a living room, bedroom, office, or entryway. • Museum-quality matte poster paper (189 g/m², 10.3 mil), printed with archival inkjet inks • Sizes: 12×18"", 16×24"", 24×36"" (portrait) • Made-to-order and shipped directly to you • Frame not included (unframed poster) — pairs well with a simple black or natural-wood frame Colors may vary slightly between screens and print. This is a print only; no physical frame is shipped. 🖌 Meet the artist I'm Hana — an artist who fell in love with the quiet power of Japanese ink. I'm drawn to misty mountains, a single confident brushstroke, and the calm that lives in empty space. For me every piece is a small worl",https://canvasminiart.site/p/4527116713.html,https://i.etsystatic.com/65245102/r/il/2179b3/8293475497/il_fullxfull.8293475497_mlnq.jpg,144.99 USD,in stock,new,MiniCanvasArt,"Home & Garden > Decor > Artwork > Posters, Prints, & Visual Artwork",Framed Art Prints
4527126166,Cossack Winter Ride Through Snow | B&W Sumi-e Ink Wall Art | Framed Poster,"Cossack Winter Ride Through Snow — an original black & white sumi-e ink wall art print. Minimalist ink-wash (sumi-e) painting capturing winter horseback ride. The bold brushwork and calm negative space bring a serene, gallery-quality focal point to a living room, bedroom, office, or entryway. • Museum-quality matte poster paper (189 g/m², 10.3 mil), printed with archival inkjet inks • Sizes: 12×18"", 16×24"", 24×36"" (portrait) • Made-to-order and shipped directly to you • Frame not included (unframed poster) — pairs well with a simple black or natural-wood frame Colors may vary slightly between screens and print. This is a print only; no physical frame is shipped. 🖌 Meet the artist I'm Hana, and this collection comes straight from my roots. I grew up on stories of the steppe, of free horsemen and windswept horizons — and I paint them in bold black ink to keep that spirit alive. Each artwor",https://canvasminiart.site/p/4527126166.html,https://i.etsystatic.com/65245102/r/il/83e33f/8293308577/il_fullxfull.8293308577_rr9u.jpg,144.99 USD,in stock,new,MiniCanvasArt,"Home & Garden > Decor > Artwork > Posters, Prints, & Visual Artwork",Framed Art Prints
4527116619,Cossack Saber Charge Across the Steppe | B&W Sumi-e Ink Wall Art | Framed Poster,"Cossack Saber Charge Across the Steppe — an original black & white sumi-e ink wall art print. Minimalist ink-wash (sumi-e) painting capturing Cossack cavalry. The bold brushwork and calm negative space bring a serene, gallery-quality focal point to a living room, bedroom, office, or entryway. • Museum-quality matte poster paper (189 g/m², 10.3 mil), printed with archival inkjet inks • Sizes: 12×18"", 16×24"", 24×36"" (portrait) • Made-to-order and shipped directly to you • Frame not included (unframed poster) — pairs well with a simple black or natural-wood frame Colors may vary slightly between screens and print. This is a print only; no physical frame is shipped. 🖌 Meet the artist I'm Hana, and this collection comes straight from my roots. I grew up on stories of the steppe, of free horsemen and windswept horizons — and I paint them in bold black ink to keep that spirit alive. Each artwor",https://canvasminiart.site/p/4527116619.html,https://i.etsystatic.com/65245102/r/il/ae4fab/8245395266/il_fullxfull.8245395266_d7xh.jpg,144.99 USD,in stock,new,MiniCanvasArt,"Home & Garden > Decor > Artwork > Posters, Prints, & Visual Artwork",Framed Art Prints
4527126070,Cossack Playing the Kobza at Night | B&W Sumi-e Ink Wall Art | Framed Poster,"Cossack Playing the Kobza at Night — an original black & white sumi-e ink wall art print. Minimalist ink-wash (sumi-e) painting capturing Ukrainian kobzar musician. The bold brushwork and calm negative space bring a serene, gallery-quality focal point to a living room, bedroom, office, or entryway. • Museum-quality matte poster paper (189 g/m², 10.3 mil), printed with archival inkjet inks • Sizes: 12×18"", 16×24"", 24×36"" (portrait) • Made-to-order and shipped directly to you • Frame not included (unframed poster) — pairs well with a simple black or natural-wood frame Colors may vary slightly between screens and print. This is a print only; no physical frame is shipped. 🖌 Meet the artist I'm Hana, and this collection comes straight from my roots. I grew up on stories of the steppe, of free horsemen and windswept horizons — and I paint them in bold black ink to keep that spirit alive. Each ",https://canvasminiart.site/p/4527126070.html,https://i.etsystatic.com/65245102/r/il/a787ac/8245397410/il_fullxfull.8245397410_k88c.jpg,144.99 USD,in stock,new,MiniCanvasArt,"Home & Garden > Decor > Artwork > Posters, Prints, & Visual Artwork",Framed Art Prints
4527126036,Cossack Dancing the Hopak | B&W Sumi-e Ink Wall Art | Framed Poster,"Cossack Dancing the Hopak — an original black & white sumi-e ink wall art print. Minimalist ink-wash (sumi-e) painting capturing Ukrainian Hopak dance. The bold brushwork and calm negative space bring a serene, gallery-quality focal point to a living room, bedroom, office, or entryway. • Museum-quality matte poster paper (189 g/m², 10.3 mil), printed with archival inkjet inks • Sizes: 12×18"", 16×24"", 24×36"" (portrait) • Made-to-order and shipped directly to you • Frame not included (unframed poster) — pairs well with a simple black or natural-wood frame Colors may vary slightly between screens and print. This is a print only; no physical frame is shipped. 🖌 Meet the artist I'm Hana, and this collection comes straight from my roots. I grew up on stories of the steppe, of free horsemen and windswept horizons — and I paint them in bold black ink to keep that spirit alive. Each artwork carri",https://canvasminiart.site/p/4527126036.html,https://i.etsystatic.com/65245102/r/il/803b8e/8293316705/il_fullxfull.8293316705_hvc6.jpg,144.99 USD,in stock,new,MiniCanvasArt,"Home & Garden > Decor > Artwork > Posters, Prints, & Visual Artwork",Framed Art Prints
4527125944,Cossack with a Falcon on His Arm | B&W Sumi-e Ink Wall Art | Framed Poster,"Cossack with a Falcon on His Arm — an original black & white sumi-e ink wall art print. Minimalist ink-wash (sumi-e) painting capturing warrior and falcon bond. The bold brushwork and calm negative space bring a serene, gallery-quality focal point to a living room, bedroom, office, or entryway. • Museum-quality matte poster paper (189 g/m², 10.3 mil), printed with archival inkjet inks • Sizes: 12×18"", 16×24"", 24×36"" (portrait) • Made-to-order and shipped directly to you • Frame not included (unframed poster) — pairs well with a simple black or natural-wood frame Colors may vary slightly between screens and print. This is a print only; no physical frame is shipped. 🖌 Meet the artist I'm Hana, and this collection comes straight from my roots. I grew up on stories of the steppe, of free horsemen and windswept horizons — and I paint them in bold black ink to keep that spirit alive. Each artw",https://canvasminiart.site/p/4527125944.html,https://i.etsystatic.com/65245102/r/il/7d6d71/8293319399/il_fullxfull.8293319399_lwjv.jpg,144.99 USD,in stock,new,MiniCanvasArt,"Home & Garden > Decor > Artwork > Posters, Prints, & Visual Artwork",Framed Art Prints
4527116389,Cossack and Eagle on a Windswept Hill | B&W Sumi-e Ink Wall Art | Framed Poster,"Cossack and Eagle on a Windswept Hill — an original black & white sumi-e ink wall art print. Minimalist ink-wash (sumi-e) painting capturing freedom of the steppe. The bold brushwork and calm negative space bring a serene, gallery-quality focal point to a living room, bedroom, office, or entryway. • Museum-quality matte poster paper (189 g/m², 10.3 mil), printed with archival inkjet inks • Sizes: 12×18"", 16×24"", 24×36"" (portrait) • Made-to-order and shipped directly to you • Frame not included (unframed poster) — pairs well with a simple black or natural-wood frame Colors may vary slightly between screens and print. This is a print only; no physical frame is shipped. 🖌 Meet the artist I'm Hana, and this collection comes straight from my roots. I grew up on stories of the steppe, of free horsemen and windswept horizons — and I paint them in bold black ink to keep that spirit alive. Each a",https://canvasminiart.site/p/4527116389.html,https://i.etsystatic.com/65245102/r/il/7598a0/8293322119/il_fullxfull.8293322119_m4kv.jpg,144.99 USD,in stock,new,MiniCanvasArt,"Home & Garden > Decor > Artwork > Posters, Prints, & Visual Artwork",Framed Art Prints
4527116263,Cossack Singing a Duma by the Fire | Black & White Sumi-e Ink Wall Art | Poster Print,"Cossack Singing a Duma by the Fire — an original black & white sumi-e ink wall art print. Minimalist ink-wash (sumi-e) painting capturing Ukrainian folk ballad. The bold brushwork and calm negative space bring a serene, gallery-quality focal point to a living room, bedroom, office, or entryway. • Museum-quality matte poster paper (189 g/m², 10.3 mil), printed with archival inkjet inks • Sizes: 12×18"", 16×24"", 24×36"" (portrait) • Made-to-order and shipped directly to you • Frame not included (unframed poster) — pairs well with a simple black or natural-wood frame Colors may vary slightly between screens and print. This is a print only; no physical frame is shipped. 🖌 Meet the artist I'm Hana, and this collection comes straight from my roots. I grew up on stories of the steppe, of free horsemen and windswept horizons — and I paint them in bold black ink to keep that spirit alive. Each artw",https://canvasminiart.site/p/4527116263.html,https://i.etsystatic.com/65245102/r/il/384efd/8293056347/il_fullxfull.8293056347_6ja9.jpg,39.99 USD,in stock,new,MiniCanvasArt,"Home & Garden > Decor > Artwork > Posters, Prints, & Visual Artwork",Ukrainian Cossacks
4527125702,Cossack and Soldier Plan Together | Ukrainian Cossack & Soldier Ink Wall Art | Poster Print,"PRINT ONLY — FRAME NOT INCLUDED. Frames in the photos are for display only. Cossack and Soldier Plan Together - a black & white sumi-e ink wall art print celebrating the bond between Ukraine's Cossack heritage and its modern defenders. Museum-quality matte poster, printed and shipped for you. Available framed or unframed. 🖌 Meet the artist I'm Hana, and this collection comes straight from my roots. I grew up on stories of the steppe, of free horsemen and windswept horizons — and I paint them in bold black ink to keep that spirit alive. Each artwork carries a piece of my heritage and a lot of heart. It means the world to me that these riders and quiet landscapes might now live with you. Thank you for giving my art a home. © Original design by Hana / MiniCanvasArt. All rights reserved.",https://canvasminiart.site/p/4527125702.html,https://i.etsystatic.com/65245102/r/il/9cbba2/8293058625/il_fullxfull.8293058625_5ekg.jpg,39.99 USD,in stock,new,MiniCanvasArt,"Home & Garden > Decor > Artwork > Posters, Prints, & Visual Artwork",Ukrainian Cossacks
4527125646,Cossack and Soldier Rest by the River | Ukrainian Cossack & Soldier Ink Wall Art | Poster Print,"Cossack and Soldier Rest by the River - a black & white sumi-e ink wall art print celebrating the bond between Ukraine's Cossack heritage and its modern defenders. Museum-quality matte poster, printed and shipped for you. Available framed or unframed. 🖌 Meet the artist I'm Hana, and this collection comes straight from my roots. I grew up on stories of the steppe, of free horsemen and windswept horizons — and I paint them in bold black ink to keep that spirit alive. Each artwork carries a piece of my heritage and a lot of heart. It means the world to me that these riders and quiet landscapes might now live with you. Thank you for giving my art a home. © Original design by Hana / MiniCanvasArt. All rights reserved.",https://canvasminiart.site/p/4527125646.html,https://i.etsystatic.com/65245102/r/il/c88bb9/8172232072/il_fullxfull.8172232072_iycm.jpg,24.99 USD,in stock,new,MiniCanvasArt,"Home & Garden > Decor > Artwork > Posters, Prints, & Visual Artwork",Ukrainian Cossacks
4527116055,Cossack Playing Bandura for a Soldier | Ukrainian Cossack & Soldier Ink Wall Art | Poster Print,"PRINT ONLY — FRAME NOT INCLUDED. Frames in the photos are for display only. Cossack Playing Bandura for a Soldier - a black & white sumi-e ink wall art print celebrating the bond between Ukraine's Cossack heritage and its modern defenders. Museum-quality matte poster, printed and shipped for you. Available framed or unframed. 🖌 Meet the artist I'm Hana, and this collection comes straight from my roots. I grew up on stories of the steppe, of free horsemen and windswept horizons — and I paint them in bold black ink to keep that spirit alive. Each artwork carries a piece of my heritage and a lot of heart. It means the world to me that these riders and quiet landscapes might now live with you. Thank you for giving my art a home. © Original design by Hana / MiniCanvasArt. All rights reserved.",https://canvasminiart.site/p/4527116055.html,https://i.etsystatic.com/65245102/r/il/c654e6/8293060869/il_fullxfull.8293060869_g6zn.jpg,39.99 USD,in stock,new,MiniCanvasArt,"Home & Garden > Decor > Artwork > Posters, Prints, & Visual Artwork",Ukrainian Cossacks
4527125538,Cranes in Misty Reeds | Black & White Sumi-e Ink Wall Art | Poster Print,"*** POSTER ONLY — NO FRAME INCLUDED *** You receive a premium matte POSTER PRINT (frame NOT included). Carefully packed and shipped in a protective tube. Cranes in Misty Reeds — an original black & white sumi-e ink wall art print. Minimalist ink-wash (sumi-e) painting capturing cranes in morning mist. The bold brushwork and calm negative space bring a serene, gallery-quality focal point to a living room, bedroom, office, or entryway. • Museum-quality matte poster paper (189 g/m², 10.3 mil), printed with archival inkjet inks • Sizes: 12×18"", 16×24"", 24×36"" (portrait) • Made-to-order and shipped directly to you • Frame not included (unframed poster) — pairs well with a simple black or natural-wood frame Colors may vary slightly between screens and print. This is a print only; no physical frame is shipped. 🖌 Meet the artist I'm Hana — I find endless wonder in nature's small details: a singl",https://canvasminiart.site/p/4527125538.html,https://i.etsystatic.com/65245102/r/il/c23050/8293139349/il_fullxfull.8293139349_42he.jpg,39.99 USD,in stock,new,MiniCanvasArt,"Home & Garden > Decor > Artwork > Posters, Prints, & Visual Artwork",Koi & Animals
4527125498,Cranes by a Snow-Laden Pine | Black & White Sumi-e Ink Wall Art | Poster Print,"*** POSTER ONLY — NO FRAME INCLUDED *** You receive a premium matte POSTER PRINT (frame NOT included). Carefully packed and shipped in a protective tube. Cranes by a Snow-Laden Pine — an original black & white sumi-e ink wall art print. Minimalist ink-wash (sumi-e) painting capturing winter pine and cranes. The bold brushwork and calm negative space bring a serene, gallery-quality focal point to a living room, bedroom, office, or entryway. • Museum-quality matte poster paper (189 g/m², 10.3 mil), printed with archival inkjet inks • Sizes: 12×18"", 16×24"", 24×36"" (portrait) • Made-to-order and shipped directly to you • Frame not included (unframed poster) — pairs well with a simple black or natural-wood frame Colors may vary slightly between screens and print. This is a print only; no physical frame is shipped. 🖌 Meet the artist I'm Hana — I find endless wonder in nature's small details: a",https://canvasminiart.site/p/4527125498.html,https://i.etsystatic.com/65245102/r/il/937c16/8245220610/il_fullxfull.8245220610_8txc.jpg,39.99 USD,in stock,new,MiniCanvasArt,"Home & Garden > Decor > Artwork > Posters, Prints, & Visual Artwork",Koi & Animals
4527115903,Flock of Cranes at Dawn | Black & White Sumi-e Ink Wall Art | Poster Print,"*** POSTER ONLY — NO FRAME INCLUDED *** You receive a premium matte POSTER PRINT (frame NOT included). Carefully packed and shipped in a protective tube. Flock of Cranes at Dawn — an original black & white sumi-e ink wall art print. Minimalist ink-wash (sumi-e) painting capturing dawn crane flock. The bold brushwork and calm negative space bring a serene, gallery-quality focal point to a living room, bedroom, office, or entryway. • Museum-quality matte poster paper (189 g/m², 10.3 mil), printed with archival inkjet inks • Sizes: 12×18"", 16×24"", 24×36"" (portrait) • Made-to-order and shipped directly to you • Frame not included (unframed poster) — pairs well with a simple black or natural-wood frame Colors may vary slightly between screens and print. This is a print only; no physical frame is shipped. 🖌 Meet the artist I'm Hana — I find endless wonder in nature's small details: a single st",https://canvasminiart.site/p/4527115903.html,https://i.etsystatic.com/65245102/r/il/1f6ba8/8245218338/il_fullxfull.8245218338_qqrk.jpg,39.99 USD,in stock,new,MiniCanvasArt,"Home & Garden > Decor > Artwork > Posters, Prints, & Visual Artwork",Koi & Animals
4527125418,Ronin Crossing a Snow Mountain Pass | Black & White Sumi-e Ink Wall Art | Poster Print,"*** POSTER ONLY — NO FRAME INCLUDED *** You receive a premium matte POSTER PRINT (frame NOT included). Carefully packed and shipped in a protective tube. ╔══════════════╗ 🖼️ POSTER / ART PRINT ONLY — FRAME NOT INCLUDED This listing is for the UNFRAMED print only. No frame is shipped. ╚══════════════╝ Ronin Crossing a Snow Mountain Pass — an original black & white sumi-e ink wall art print. Minimalist ink-wash (sumi-e) painting capturing winter samurai journey. The bold brushwork and calm negative space bring a serene, gallery-quality focal point to a living room, bedroom, office, or entryway. • Museum-quality matte poster paper (189 g/m², 10.3 mil), printed with archival inkjet inks • Sizes: 12×18"", 16×24"", 24×36"" (portrait) • Made-to-order and shipped directly to you • Frame not included (unframed poster) — pairs well with a simple black or natural-wood frame Colors may vary slightly be",https://canvasminiart.site/p/4527125418.html,https://i.etsystatic.com/65245102/r/il/7ec8b0/8293203663/il_fullxfull.8293203663_572x.jpg,39.99 USD,in stock,new,MiniCanvasArt,"Home & Garden > Decor > Artwork > Posters, Prints, & Visual Artwork",Samurai & Warriors
4527125382,Ronin Duel Among the Reeds | Black & White Sumi-e Ink Wall Art | Poster Print,"*** POSTER ONLY — NO FRAME INCLUDED *** You receive a premium matte POSTER PRINT (frame NOT included). Carefully packed and shipped in a protective tube. ╔══════════════╗ 🖼️ POSTER / ART PRINT ONLY — FRAME NOT INCLUDED This listing is for the UNFRAMED print only. No frame is shipped. ╚══════════════╝ Ronin Duel Among the Reeds — an original black & white sumi-e ink wall art print. Minimalist ink-wash (sumi-e) painting capturing samurai duel. The bold brushwork and calm negative space bring a serene, gallery-quality focal point to a living room, bedroom, office, or entryway. • Museum-quality matte poster paper (189 g/m², 10.3 mil), printed with archival inkjet inks • Sizes: 12×18"", 16×24"", 24×36"" (portrait) • Made-to-order and shipped directly to you • Frame not included (unframed poster) — pairs well with a simple black or natural-wood frame Colors may vary slightly between screens and p",https://canvasminiart.site/p/4527125382.html,https://i.etsystatic.com/65245102/r/il/cf141d/8293206189/il_fullxfull.8293206189_co64.jpg,39.99 USD,in stock,new,MiniCanvasArt,"Home & Garden > Decor > Artwork > Posters, Prints, & Visual Artwork",Samurai & Warriors
4527125338,Cossack Saber Charge Across the Steppe | Black & White Sumi-e Ink Wall Art | Poster Print,"Cossack Saber Charge Across the Steppe — an original black & white sumi-e ink wall art print. Minimalist ink-wash (sumi-e) painting capturing Cossack cavalry. The bold brushwork and calm negative space bring a serene, gallery-quality focal point to a living room, bedroom, office, or entryway. • Museum-quality matte poster paper (189 g/m², 10.3 mil), printed with archival inkjet inks • Sizes: 12×18"", 16×24"", 24×36"" (portrait) • Made-to-order and shipped directly to you • Frame not included (unframed poster) — pairs well with a simple black or natural-wood frame Colors may vary slightly between screens and print. This is a print only; no physical frame is shipped. 🖌 Meet the artist I'm Hana, and this collection comes straight from my roots. I grew up on stories of the steppe, of free horsemen and windswept horizons — and I paint them in bold black ink to keep that spirit alive. Each artwor",https://canvasminiart.site/p/4527125338.html,https://i.etsystatic.com/65245102/r/il/8ca013/8293063329/il_fullxfull.8293063329_a58i.jpg,39.99 USD,in stock,new,MiniCanvasArt,"Home & Garden > Decor > Artwork > Posters, Prints, & Visual Artwork",Ukrainian Cossacks
4527125302,Cossack and Eagle on a Windswept Hill | Black & White Sumi-e Ink Wall Art | Poster Print,"Cossack and Eagle on a Windswept Hill — an original black & white sumi-e ink wall art print. Minimalist ink-wash (sumi-e) painting capturing freedom of the steppe. The bold brushwork and calm negative space bring a serene, gallery-quality focal point to a living room, bedroom, office, or entryway. • Museum-quality matte poster paper (189 g/m², 10.3 mil), printed with archival inkjet inks • Sizes: 12×18"", 16×24"", 24×36"" (portrait) • Made-to-order and shipped directly to you • Frame not included (unframed poster) — pairs well with a simple black or natural-wood frame Colors may vary slightly between screens and print. This is a print only; no physical frame is shipped. 🖌 Meet the artist I'm Hana, and this collection comes straight from my roots. I grew up on stories of the steppe, of free horsemen and windswept horizons — and I paint them in bold black ink to keep that spirit alive. Each a",https://canvasminiart.site/p/4527125302.html,https://i.etsystatic.com/65245102/r/il/560bc6/8245149802/il_fullxfull.8245149802_gd7q.jpg,39.99 USD,in stock,new,MiniCanvasArt,"Home & Garden > Decor > Artwork > Posters, Prints, & Visual Artwork",Ukrainian Cossacks
4527115591,Cossack Shows the Way at Dawn | Ukrainian Cossack & Soldier Ink Wall Art | Poster Print,"PRINT ONLY — FRAME NOT INCLUDED. Frames in the photos are for display only. Cossack Shows the Way at Dawn - a black & white sumi-e ink wall art print celebrating the bond between Ukraine's Cossack heritage and its modern defenders. Museum-quality matte poster, printed and shipped for you. Available framed or unframed. 🖌 Meet the artist I'm Hana, and this collection comes straight from my roots. I grew up on stories of the steppe, of free horsemen and windswept horizons — and I paint them in bold black ink to keep that spirit alive. Each artwork carries a piece of my heritage and a lot of heart. It means the world to me that these riders and quiet landscapes might now live with you. Thank you for giving my art a home. © Original design by Hana / MiniCanvasArt. All rights reserved.",https://canvasminiart.site/p/4527115591.html,https://i.etsystatic.com/65245102/r/il/bf531d/8293067491/il_fullxfull.8293067491_tdtt.jpg,39.99 USD,in stock,new,MiniCanvasArt,"Home & Garden > Decor > Artwork > Posters, Prints, & Visual Artwork",Ukrainian Cossacks
4527115547,Cossack Teaching the Hopak Dance | Ukrainian Cossack & Soldier Ink Wall Art | Poster Print,"PRINT ONLY — FRAME NOT INCLUDED. Frames in the photos are for display only. Cossack Teaching the Hopak Dance - a black & white sumi-e ink wall art print celebrating the bond between Ukraine's Cossack heritage and its modern defenders. Museum-quality matte poster, printed and shipped for you. Available framed or unframed. 🖌 Meet the artist I'm Hana, and this collection comes straight from my roots. I grew up on stories of the steppe, of free horsemen and windswept horizons — and I paint them in bold black ink to keep that spirit alive. Each artwork carries a piece of my heritage and a lot of heart. It means the world to me that these riders and quiet landscapes might now live with you. Thank you for giving my art a home. © Original design by Hana / MiniCanvasArt. All rights reserved.",https://canvasminiart.site/p/4527115547.html,https://i.etsystatic.com/65245102/r/il/be4802/8293069263/il_fullxfull.8293069263_c0no.jpg,39.99 USD,in stock,new,MiniCanvasArt,"Home & Garden > Decor > Artwork > Posters, Prints, & Visual Artwork",Ukrainian Cossacks
4527125096,Cossack and Soldier Pray at a Chapel | Ukrainian Cossack & Soldier Ink Wall Art | Poster Print,"PRINT ONLY — FRAME NOT INCLUDED. Frames in the photos are for display only. Cossack and Soldier Pray at a Chapel - a black & white sumi-e ink wall art print celebrating the bond between Ukraine's Cossack heritage and its modern defenders. Museum-quality matte poster, printed and shipped for you. Available framed or unframed. 🖌 Meet the artist I'm Hana, and this collection comes straight from my roots. I grew up on stories of the steppe, of free horsemen and windswept horizons — and I paint them in bold black ink to keep that spirit alive. Each artwork carries a piece of my heritage and a lot of heart. It means the world to me that these riders and quiet landscapes might now live with you. Thank you for giving my art a home. © Original design by Hana / MiniCanvasArt. All rights reserved.",https://canvasminiart.site/p/4527125096.html,https://i.etsystatic.com/65245102/r/il/e70778/8245158144/il_fullxfull.8245158144_ci9m.jpg,39.99 USD,in stock,new,MiniCanvasArt,"Home & Garden > Decor > Artwork > Posters, Prints, & Visual Artwork",Ukrainian Cossacks
4527115439,Cossack Leading the Way | Ukrainian Cossack & Soldier Ink Wall Art | Poster Print,"PRINT ONLY — FRAME NOT INCLUDED. Frames in the photos are for display only. Cossack Leading the Way - a black & white sumi-e ink wall art print celebrating the bond between Ukraine's Cossack heritage and its modern defenders. Museum-quality matte poster, printed and shipped for you. Available framed or unframed. 🖌 Meet the artist I'm Hana, and this collection comes straight from my roots. I grew up on stories of the steppe, of free horsemen and windswept horizons — and I paint them in bold black ink to keep that spirit alive. Each artwork carries a piece of my heritage and a lot of heart. It means the world to me that these riders and quiet landscapes might now live with you. Thank you for giving my art a home. © Original design by Hana / MiniCanvasArt. All rights reserved.",https://canvasminiart.site/p/4527115439.html,https://i.etsystatic.com/65245102/r/il/f11f51/8245160610/il_fullxfull.8245160610_98co.jpg,39.99 USD,in stock,new,MiniCanvasArt,"Home & Garden > Decor > Artwork > Posters, Prints, & Visual Artwork",Ukrainian Cossacks
4527124974,Cossack Offering Bread and Salt | Ukrainian Cossack & Soldier Ink Wall Art | Poster Print,"PRINT ONLY — FRAME NOT INCLUDED. Frames in the photos are for display only. Cossack Offering Bread and Salt - a black & white sumi-e ink wall art print celebrating the bond between Ukraine's Cossack heritage and its modern defenders. Museum-quality matte poster, printed and shipped for you. Available framed or unframed. 🖌 Meet the artist I'm Hana, and this collection comes straight from my roots. I grew up on stories of the steppe, of free horsemen and windswept horizons — and I paint them in bold black ink to keep that spirit alive. Each artwork carries a piece of my heritage and a lot of heart. It means the world to me that these riders and quiet landscapes might now live with you. Thank you for giving my art a home. © Original design by Hana / MiniCanvasArt. All rights reserved.",https://canvasminiart.site/p/4527124974.html,https://i.etsystatic.com/65245102/r/il/08ebad/8245162324/il_fullxfull.8245162324_5m57.jpg,39.99 USD,in stock,new,MiniCanvasArt,"Home & Garden > Decor > Artwork > Posters, Prints, & Visual Artwork",Ukrainian Cossacks
4527124916,Cossack Teaching the Saber | Ukrainian Cossack & Soldier Ink Wall Art | Poster Print,"PRINT ONLY — FRAME NOT INCLUDED. Frames in the photos are for display only. Cossack Teaching the Saber - a black & white sumi-e ink wall art print celebrating the bond between Ukraine's Cossack heritage and its modern defenders. Museum-quality matte poster, printed and shipped for you. Available framed or unframed. 🖌 Meet the artist I'm Hana, and this collection comes straight from my roots. I grew up on stories of the steppe, of free horsemen and windswept horizons — and I paint them in bold black ink to keep that spirit alive. Each artwork carries a piece of my heritage and a lot of heart. It means the world to me that these riders and quiet landscapes might now live with you. Thank you for giving my art a home. © Original design by Hana / MiniCanvasArt. All rights reserved.",https://canvasminiart.site/p/4527124916.html,https://i.etsystatic.com/65245102/r/il/ff368a/8245164922/il_fullxfull.8245164922_odw1.jpg,39.99 USD,in stock,new,MiniCanvasArt,"Home & Garden > Decor > Artwork > Posters, Prints, & Visual Artwork",Ukrainian Cossacks
4527124824,Spirit of the Cossack Guarding a Soldier | Ukrainian Cossack & Soldier Ink Wall Art | Poster Print,"PRINT ONLY — FRAME NOT INCLUDED. Frames in the photos are for display only. Spirit of the Cossack Guarding a Soldier - a black & white sumi-e ink wall art print celebrating the bond between Ukraine's Cossack heritage and its modern defenders. Museum-quality matte poster, printed and shipped for you. Available framed or unframed. 🖌 Meet the artist I'm Hana, and this collection comes straight from my roots. I grew up on stories of the steppe, of free horsemen and windswept horizons — and I paint them in bold black ink to keep that spirit alive. Each artwork carries a piece of my heritage and a lot of heart. It means the world to me that these riders and quiet landscapes might now live with you. Thank you for giving my art a home. © Original design by Hana / MiniCanvasArt. All rights reserved.",https://canvasminiart.site/p/4527124824.html,https://i.etsystatic.com/65245102/r/il/3bb600/8245166738/il_fullxfull.8245166738_aqs4.jpg,39.99 USD,in stock,new,MiniCanvasArt,"Home & Garden > Decor > Artwork > Posters, Prints, & Visual Artwork",Ukrainian Cossacks
4527115189,Cossack and Soldier by the Campfire | Ukrainian Cossack & Soldier Ink Wall Art | Poster Print,"PRINT ONLY — FRAME NOT INCLUDED. Frames in the photos are for display only. Cossack and Soldier by the Campfire - a black & white sumi-e ink wall art print celebrating the bond between Ukraine's Cossack heritage and its modern defenders. Museum-quality matte poster, printed and shipped for you. Available framed or unframed. 🖌 Meet the artist I'm Hana, and this collection comes straight from my roots. I grew up on stories of the steppe, of free horsemen and windswept horizons — and I paint them in bold black ink to keep that spirit alive. Each artwork carries a piece of my heritage and a lot of heart. It means the world to me that these riders and quiet landscapes might now live with you. Thank you for giving my art a home. © Original design by Hana / MiniCanvasArt. All rights reserved.",https://canvasminiart.site/p/4527115189.html,https://i.etsystatic.com/65245102/r/il/cec79d/8293084027/il_fullxfull.8293084027_mqg9.jpg,39.99 USD,in stock,new,MiniCanvasArt,"Home & Garden > Decor > Artwork > Posters, Prints, & Visual Artwork",Ukrainian Cossacks
4527124682,Cossack and Soldier Sharing a Feast | Ukrainian Cossack & Soldier Ink Wall Art | Poster Print,"PRINT ONLY — FRAME NOT INCLUDED. Frames in the photos are for display only. Cossack and Soldier Sharing a Feast - a black & white sumi-e ink wall art print celebrating the bond between Ukraine's Cossack heritage and its modern defenders. Museum-quality matte poster, printed and shipped for you. Available framed or unframed. 🖌 Meet the artist I'm Hana, and this collection comes straight from my roots. I grew up on stories of the steppe, of free horsemen and windswept horizons — and I paint them in bold black ink to keep that spirit alive. Each artwork carries a piece of my heritage and a lot of heart. It means the world to me that these riders and quiet landscapes might now live with you. Thank you for giving my art a home. © Original design by Hana / MiniCanvasArt. All rights reserved.",https://canvasminiart.site/p/4527124682.html,https://i.etsystatic.com/65245102/r/il/797e44/8293089741/il_fullxfull.8293089741_ssx6.jpg,39.99 USD,in stock,new,MiniCanvasArt,"Home & Garden > Decor > Artwork > Posters, Prints, & Visual Artwork",Ukrainian Cossacks
4527124616,Cossack Passing Kobza and Wisdom | Ukrainian Cossack & Soldier Ink Wall Art | Poster Print,"PRINT ONLY — FRAME NOT INCLUDED. Frames in the photos are for display only. Cossack Passing Kobza and Wisdom - a black & white sumi-e ink wall art print celebrating the bond between Ukraine's Cossack heritage and its modern defenders. Museum-quality matte poster, printed and shipped for you. Available framed or unframed. 🖌 Meet the artist I'm Hana, and this collection comes straight from my roots. I grew up on stories of the steppe, of free horsemen and windswept horizons — and I paint them in bold black ink to keep that spirit alive. Each artwork carries a piece of my heritage and a lot of heart. It means the world to me that these riders and quiet landscapes might now live with you. Thank you for giving my art a home. © Original design by Hana / MiniCanvasArt. All rights reserved.",https://canvasminiart.site/p/4527124616.html,https://i.etsystatic.com/65245102/r/il/e74e13/8245175606/il_fullxfull.8245175606_dmc9.jpg,39.99 USD,in stock,new,MiniCanvasArt,"Home & Garden > Decor > Artwork > Posters, Prints, & Visual Artwork",Ukrainian Cossacks
4527115051,"Cossack with Eagle, Soldier with Drone | Ukrainian Cossack & Soldier Ink Wall Art | Poster Print","PRINT ONLY — FRAME NOT INCLUDED. Frames in the photos are for display only. Cossack with Eagle, Soldier with Drone - a black & white sumi-e ink wall art print celebrating the bond between Ukraine's Cossack heritage and its modern defenders. Museum-quality matte poster, printed and shipped for you. Available framed or unframed. 🖌 Meet the artist I'm Hana, and this collection comes straight from my roots. I grew up on stories of the steppe, of free horsemen and windswept horizons — and I paint them in bold black ink to keep that spirit alive. Each artwork carries a piece of my heritage and a lot of heart. It means the world to me that these riders and quiet landscapes might now live with you. Thank you for giving my art a home. © Original design by Hana / MiniCanvasArt. All rights reserved.",https://canvasminiart.site/p/4527115051.html,https://i.etsystatic.com/65245102/r/il/80180d/8245177740/il_fullxfull.8245177740_2smr.jpg,39.99 USD,in stock,new,MiniCanvasArt,"Home & Garden > Decor > Artwork > Posters, Prints, & Visual Artwork",Ukrainian Cossacks
4527124446,Ukrainian Cossack Horseman Modern Soldier Ink Wall Art Print (Poster),"PRINT ONLY — FRAME NOT INCLUDED. Frames in the photos are for display only. Cossack Horseman and Modern Soldier - a black & white sumi-e ink wall art print celebrating the bond between Ukraine's Cossack heritage and its modern defenders. Museum-quality matte poster, printed and shipped for you. Available framed or unframed. 🖌 Meet the artist I'm Hana, and this collection comes straight from my roots. I grew up on stories of the steppe, of free horsemen and windswept horizons — and I paint them in bold black ink to keep that spirit alive. Each artwork carries a piece of my heritage and a lot of heart. It means the world to me that these riders and quiet landscapes might now live with you. Thank you for giving my art a home. © Original design by Hana / MiniCanvasArt. All rights reserved.",https://canvasminiart.site/p/4527124446.html,https://i.etsystatic.com/65245102/r/il/52f827/8245179834/il_fullxfull.8245179834_2208.jpg,39.99 USD,in stock,new,MiniCanvasArt,"Home & Garden > Decor > Artwork > Posters, Prints, & Visual Artwork",Ukrainian Cossacks
4527114793,Two Cranes by a River | Black & White Sumi-e Ink Wall Art | Poster Print,"*** POSTER ONLY — NO FRAME INCLUDED *** You receive a premium matte POSTER PRINT (frame NOT included). Carefully packed and shipped in a protective tube. Two Cranes by a River — an original black & white sumi-e ink wall art print. Minimalist ink-wash (sumi-e) painting capturing tranquil river cranes. The bold brushwork and calm negative space bring a serene, gallery-quality focal point to a living room, bedroom, office, or entryway. • Museum-quality matte poster paper (189 g/m², 10.3 mil), printed with archival inkjet inks • Sizes: 12×18"", 16×24"", 24×36"" (portrait) • Made-to-order and shipped directly to you • Frame not included (unframed poster) — pairs well with a simple black or natural-wood frame Colors may vary slightly between screens and print. This is a print only; no physical frame is shipped. 🖌 Meet the artist I'm Hana — I find endless wonder in nature's small details: a single",https://canvasminiart.site/p/4527114793.html,https://i.etsystatic.com/65245102/r/il/8de2f9/8293142069/il_fullxfull.8293142069_jx1v.jpg,39.99 USD,in stock,new,MiniCanvasArt,"Home & Garden > Decor > Artwork > Posters, Prints, & Visual Artwork",Koi & Animals
4527124254,Crane Taking Off From a Lake | Black & White Sumi-e Ink Wall Art | Poster Print,"*** POSTER ONLY — NO FRAME INCLUDED *** You receive a premium matte POSTER PRINT (frame NOT included). Carefully packed and shipped in a protective tube. Crane Taking Off From a Lake — an original black & white sumi-e ink wall art print. Minimalist ink-wash (sumi-e) painting capturing crane lifting off water. The bold brushwork and calm negative space bring a serene, gallery-quality focal point to a living room, bedroom, office, or entryway. • Museum-quality matte poster paper (189 g/m², 10.3 mil), printed with archival inkjet inks • Sizes: 12×18"", 16×24"", 24×36"" (portrait) • Made-to-order and shipped directly to you • Frame not included (unframed poster) — pairs well with a simple black or natural-wood frame Colors may vary slightly between screens and print. This is a print only; no physical frame is shipped. 🖌 Meet the artist I'm Hana — I find endless wonder in nature's small details:",https://canvasminiart.site/p/4527124254.html,https://i.etsystatic.com/65245102/r/il/d5ebb4/8293126809/il_fullxfull.8293126809_m66a.jpg,39.99 USD,in stock,new,MiniCanvasArt,"Home & Garden > Decor > Artwork > Posters, Prints, & Visual Artwork",Koi & Animals
4527114691,Cranes in a Sunlit Marsh | Black & White Sumi-e Ink Wall Art | Poster Print,"*** POSTER ONLY — NO FRAME INCLUDED *** You receive a premium matte POSTER PRINT (frame NOT included). Carefully packed and shipped in a protective tube. Cranes in a Sunlit Marsh — an original black & white sumi-e ink wall art print. Minimalist ink-wash (sumi-e) painting capturing marsh at sunrise. The bold brushwork and calm negative space bring a serene, gallery-quality focal point to a living room, bedroom, office, or entryway. • Museum-quality matte poster paper (189 g/m², 10.3 mil), printed with archival inkjet inks • Sizes: 12×18"", 16×24"", 24×36"" (portrait) • Made-to-order and shipped directly to you • Frame not included (unframed poster) — pairs well with a simple black or natural-wood frame Colors may vary slightly between screens and print. This is a print only; no physical frame is shipped. 🖌 Meet the artist I'm Hana — I find endless wonder in nature's small details: a single s",https://canvasminiart.site/p/4527114691.html,https://i.etsystatic.com/65245102/r/il/f62cfc/8245205750/il_fullxfull.8245205750_h71j.jpg,39.99 USD,in stock,new,MiniCanvasArt,"Home & Garden > Decor > Artwork > Posters, Prints, & Visual Artwork",Koi & Animals
4527114631,Crane Reflected in Still Water | Black & White Sumi-e Ink Wall Art | Poster Print,"*** POSTER ONLY — NO FRAME INCLUDED *** You receive a premium matte POSTER PRINT (frame NOT included). Carefully packed and shipped in a protective tube. Crane Reflected in Still Water — an original black & white sumi-e ink wall art print. Minimalist ink-wash (sumi-e) painting capturing crane and reflection. The bold brushwork and calm negative space bring a serene, gallery-quality focal point to a living room, bedroom, office, or entryway. • Museum-quality matte poster paper (189 g/m², 10.3 mil), printed with archival inkjet inks • Sizes: 12×18"", 16×24"", 24×36"" (portrait) • Made-to-order and shipped directly to you • Frame not included (unframed poster) — pairs well with a simple black or natural-wood frame Colors may vary slightly between screens and print. This is a print only; no physical frame is shipped.",https://canvasminiart.site/p/4527114631.html,https://i.etsystatic.com/65245102/r/il/51d268/8245208140/il_fullxfull.8245208140_j809.jpg,39.99 USD,in stock,new,MiniCanvasArt,"Home & Garden > Decor > Artwork > Posters, Prints, & Visual Artwork",Koi & Animals
4527114571,Pair of Cranes Dancing | Black & White Sumi-e Ink Wall Art | Poster Print,"*** POSTER ONLY — NO FRAME INCLUDED *** You receive a premium matte POSTER PRINT (frame NOT included). Carefully packed and shipped in a protective tube. Pair of Cranes Dancing — an original black & white sumi-e ink wall art print. Minimalist ink-wash (sumi-e) painting capturing crane courtship dance. The bold brushwork and calm negative space bring a serene, gallery-quality focal point to a living room, bedroom, office, or entryway. • Museum-quality matte poster paper (189 g/m², 10.3 mil), printed with archival inkjet inks • Sizes: 12×18"", 16×24"", 24×36"" (portrait) • Made-to-order and shipped directly to you • Frame not included (unframed poster) — pairs well with a simple black or natural-wood frame Colors may vary slightly between screens and print. This is a print only; no physical frame is shipped. 🖌 Meet the artist I'm Hana — I find endless wonder in nature's small details: a singl",https://canvasminiart.site/p/4527114571.html,https://i.etsystatic.com/65245102/r/il/c2edf9/8293119199/il_fullxfull.8293119199_1nfz.jpg,39.99 USD,in stock,new,MiniCanvasArt,"Home & Garden > Decor > Artwork > Posters, Prints, & Visual Artwork",Koi & Animals
4527124038,Cranes in Flight Before the Moon | Black & White Sumi-e Ink Wall Art | Poster Print,"*** POSTER ONLY — NO FRAME INCLUDED *** You receive a premium matte POSTER PRINT (frame NOT included). Carefully packed and shipped in a protective tube. Cranes in Flight Before the Moon — an original black & white sumi-e ink wall art print. Minimalist ink-wash (sumi-e) painting capturing moonlit crane flight. The bold brushwork and calm negative space bring a serene, gallery-quality focal point to a living room, bedroom, office, or entryway. • Museum-quality matte poster paper (189 g/m², 10.3 mil), printed with archival inkjet inks • Sizes: 12×18"", 16×24"", 24×36"" (portrait) • Made-to-order and shipped directly to you • Frame not included (unframed poster) — pairs well with a simple black or natural-wood frame Colors may vary slightly between screens and print. This is a print only; no physical frame is shipped. 🖌 Meet the artist I'm Hana — I find endless wonder in nature's small details",https://canvasminiart.site/p/4527124038.html,https://i.etsystatic.com/65245102/r/il/c7bd3a/8293117013/il_fullxfull.8293117013_si98.jpg,39.99 USD,in stock,new,MiniCanvasArt,"Home & Garden > Decor > Artwork > Posters, Prints, & Visual Artwork",Koi & Animals
4527123954,Cranes Among Bamboo | Black & White Sumi-e Ink Wall Art | Poster Print,"*** POSTER ONLY — NO FRAME INCLUDED *** You receive a premium matte POSTER PRINT (frame NOT included). Carefully packed and shipped in a protective tube. Cranes Among Bamboo — an original black & white sumi-e ink wall art print. Minimalist ink-wash (sumi-e) painting capturing cranes and bamboo grove. The bold brushwork and calm negative space bring a serene, gallery-quality focal point to a living room, bedroom, office, or entryway. • Museum-quality matte poster paper (189 g/m², 10.3 mil), printed with archival inkjet inks • Sizes: 12×18"", 16×24"", 24×36"" (portrait) • Made-to-order and shipped directly to you • Frame not included (unframed poster) — pairs well with a simple black or natural-wood frame Colors may vary slightly between screens and print. This is a print only; no physical frame is shipped. 🖌 Meet the artist I'm Hana — I find endless wonder in nature's small details: a single",https://canvasminiart.site/p/4527123954.html,https://i.etsystatic.com/65245102/r/il/c171b7/8293128571/il_fullxfull.8293128571_dk6d.jpg,39.99 USD,in stock,new,MiniCanvasArt,"Home & Garden > Decor > Artwork > Posters, Prints, & Visual Artwork",Koi & Animals
4527123872,Ronin Ascending Temple Steps | Black & White Sumi-e Ink Wall Art | Poster Print,"*** POSTER ONLY — NO FRAME INCLUDED *** You receive a premium matte POSTER PRINT (frame NOT included). Carefully packed and shipped in a protective tube. ╔══════════════╗ 🖼️ POSTER / ART PRINT ONLY — FRAME NOT INCLUDED This listing is for the UNFRAMED print only. No frame is shipped. ╚══════════════╝ Ronin Ascending Temple Steps — an original black & white sumi-e ink wall art print. Minimalist ink-wash (sumi-e) painting capturing pilgrimage and resolve. The bold brushwork and calm negative space bring a serene, gallery-quality focal point to a living room, bedroom, office, or entryway. • Museum-quality matte poster paper (189 g/m², 10.3 mil), printed with archival inkjet inks • Sizes: 12×18"", 16×24"", 24×36"" (portrait) • Made-to-order and shipped directly to you • Frame not included (unframed poster) — pairs well with a simple black or natural-wood frame Colors may vary slightly between s",https://canvasminiart.site/p/4527123872.html,https://i.etsystatic.com/65245102/r/il/385430/8293208301/il_fullxfull.8293208301_fr6s.jpg,39.99 USD,in stock,new,MiniCanvasArt,"Home & Garden > Decor > Artwork > Posters, Prints, & Visual Artwork",Samurai & Warriors
4527123788,Ronin at a Lantern-Lit Teahouse | Black & White Sumi-e Ink Wall Art | Poster Print,"*** POSTER ONLY — NO FRAME INCLUDED *** You receive a premium matte POSTER PRINT (frame NOT included). Carefully packed and shipped in a protective tube. ╔══════════════╗ 🖼️ POSTER / ART PRINT ONLY — FRAME NOT INCLUDED This listing is for the UNFRAMED print only. No frame is shipped. ╚══════════════╝ Ronin at a Lantern-Lit Teahouse — an original black & white sumi-e ink wall art print. Minimalist ink-wash (sumi-e) painting capturing evening teahouse. The bold brushwork and calm negative space bring a serene, gallery-quality focal point to a living room, bedroom, office, or entryway. • Museum-quality matte poster paper (189 g/m², 10.3 mil), printed with archival inkjet inks • Sizes: 12×18"", 16×24"", 24×36"" (portrait) • Made-to-order and shipped directly to you • Frame not included (unframed poster) — pairs well with a simple black or natural-wood frame Colors may vary slightly between scre",https://canvasminiart.site/p/4527123788.html,https://i.etsystatic.com/65245102/r/il/0ca0c2/8293211127/il_fullxfull.8293211127_ogsn.jpg,39.99 USD,in stock,new,MiniCanvasArt,"Home & Garden > Decor > Artwork > Posters, Prints, & Visual Artwork",Samurai & Warriors
4527123694,Ronin on a Mountain Road at Dusk | Black & White Sumi-e Ink Wall Art | Poster Print,"*** POSTER ONLY — NO FRAME INCLUDED *** You receive a premium matte POSTER PRINT (frame NOT included). Carefully packed and shipped in a protective tube. ╔══════════════╗ 🖼️ POSTER / ART PRINT ONLY — FRAME NOT INCLUDED This listing is for the UNFRAMED print only. No frame is shipped. ╚══════════════╝ Ronin on a Mountain Road at Dusk — an original black & white sumi-e ink wall art print. Minimalist ink-wash (sumi-e) painting capturing the wanderer's path. The bold brushwork and calm negative space bring a serene, gallery-quality focal point to a living room, bedroom, office, or entryway. • Museum-quality matte poster paper (189 g/m², 10.3 mil), printed with archival inkjet inks • Sizes: 12×18"", 16×24"", 24×36"" (portrait) • Made-to-order and shipped directly to you • Frame not included (unframed poster) — pairs well with a simple black or natural-wood frame Colors may vary slightly between ",https://canvasminiart.site/p/4527123694.html,https://i.etsystatic.com/65245102/r/il/b15e38/8245297056/il_fullxfull.8245297056_dwke.jpg,39.99 USD,in stock,new,MiniCanvasArt,"Home & Garden > Decor > Artwork > Posters, Prints, & Visual Artwork",Samurai & Warriors
4527123628,Ronin on a Rain-Swept Bridge | Black & White Sumi-e Ink Wall Art | Poster Print,"*** POSTER ONLY — NO FRAME INCLUDED *** You receive a premium matte POSTER PRINT (frame NOT included). Carefully packed and shipped in a protective tube. ╔══════════════╗ 🖼️ POSTER / ART PRINT ONLY — FRAME NOT INCLUDED This listing is for the UNFRAMED print only. No frame is shipped. ╚══════════════╝ Ronin on a Rain-Swept Bridge — an original black & white sumi-e ink wall art print. Minimalist ink-wash (sumi-e) painting capturing samurai in the rain. The bold brushwork and calm negative space bring a serene, gallery-quality focal point to a living room, bedroom, office, or entryway. • Museum-quality matte poster paper (189 g/m², 10.3 mil), printed with archival inkjet inks • Sizes: 12×18"", 16×24"", 24×36"" (portrait) • Made-to-order and shipped directly to you • Frame not included (unframed poster) — pairs well with a simple black or natural-wood frame Colors may vary slightly between scre",https://canvasminiart.site/p/4527123628.html,https://i.etsystatic.com/65245102/r/il/722c48/8245300414/il_fullxfull.8245300414_gp4x.jpg,39.99 USD,in stock,new,MiniCanvasArt,"Home & Garden > Decor > Artwork > Posters, Prints, & Visual Artwork",Samurai & Warriors
4527123560,Ronin in Moonlit Grass | Black & White Sumi-e Ink Wall Art | Poster Print,"*** POSTER ONLY — NO FRAME INCLUDED *** You receive a premium matte POSTER PRINT (frame NOT included). Carefully packed and shipped in a protective tube. ╔══════════════╗ 🖼️ POSTER / ART PRINT ONLY — FRAME NOT INCLUDED This listing is for the UNFRAMED print only. No frame is shipped. ╚══════════════╝ Ronin in Moonlit Grass — an original black & white sumi-e ink wall art print. Minimalist ink-wash (sumi-e) painting capturing moonlight and stillness. The bold brushwork and calm negative space bring a serene, gallery-quality focal point to a living room, bedroom, office, or entryway. • Museum-quality matte poster paper (189 g/m², 10.3 mil), printed with archival inkjet inks • Sizes: 12×18"", 16×24"", 24×36"" (portrait) • Made-to-order and shipped directly to you • Frame not included (unframed poster) — pairs well with a simple black or natural-wood frame Colors may vary slightly between screen",https://canvasminiart.site/p/4527123560.html,https://i.etsystatic.com/65245102/r/il/252a3b/8245302364/il_fullxfull.8245302364_t5b1.jpg,39.99 USD,in stock,new,MiniCanvasArt,"Home & Garden > Decor > Artwork > Posters, Prints, & Visual Artwork",Samurai & Warriors
4527123488,Ronin Crossing a Misty Ferry | Black & White Sumi-e Ink Wall Art | Poster Print,"*** POSTER ONLY — NO FRAME INCLUDED *** You receive a premium matte POSTER PRINT (frame NOT included). Carefully packed and shipped in a protective tube. ╔══════════════╗ 🖼️ POSTER / ART PRINT ONLY — FRAME NOT INCLUDED This listing is for the UNFRAMED print only. No frame is shipped. ╚══════════════╝ Ronin Crossing a Misty Ferry — an original black & white sumi-e ink wall art print. Minimalist ink-wash (sumi-e) painting capturing river crossing in mist. The bold brushwork and calm negative space bring a serene, gallery-quality focal point to a living room, bedroom, office, or entryway. • Museum-quality matte poster paper (189 g/m², 10.3 mil), printed with archival inkjet inks • Sizes: 12×18"", 16×24"", 24×36"" (portrait) • Made-to-order and shipped directly to you • Frame not included (unframed poster) — pairs well with a simple black or natural-wood frame Colors may vary slightly between s",https://canvasminiart.site/p/4527123488.html,https://i.etsystatic.com/65245102/r/il/5d48af/8293220521/il_fullxfull.8293220521_px6w.jpg,39.99 USD,in stock,new,MiniCanvasArt,"Home & Garden > Decor > Artwork > Posters, Prints, & Visual Artwork",Samurai & Warriors
4527113877,Ronin Walking a Field of Crows | Black & White Sumi-e Ink Wall Art | Poster Print,"*** POSTER ONLY — NO FRAME INCLUDED *** You receive a premium matte POSTER PRINT (frame NOT included). Carefully packed and shipped in a protective tube. ╔══════════════╗ 🖼️ POSTER / ART PRINT ONLY — FRAME NOT INCLUDED This listing is for the UNFRAMED print only. No frame is shipped. ╚══════════════╝ Ronin Walking a Field of Crows — an original black & white sumi-e ink wall art print. Minimalist ink-wash (sumi-e) painting capturing solitude and crows. The bold brushwork and calm negative space bring a serene, gallery-quality focal point to a living room, bedroom, office, or entryway. • Museum-quality matte poster paper (189 g/m², 10.3 mil), printed with archival inkjet inks • Sizes: 12×18"", 16×24"", 24×36"" (portrait) • Made-to-order and shipped directly to you • Frame not included (unframed poster) — pairs well with a simple black or natural-wood frame Colors may vary slightly between scr",https://canvasminiart.site/p/4527113877.html,https://i.etsystatic.com/65245102/r/il/ca60fa/8245306458/il_fullxfull.8245306458_dftc.jpg,39.99 USD,in stock,new,MiniCanvasArt,"Home & Garden > Decor > Artwork > Posters, Prints, & Visual Artwork",Samurai & Warriors
4527113817,Ronin on a Sea Cliff at Dawn | Black & White Sumi-e Ink Wall Art | Poster Print,"*** POSTER ONLY — NO FRAME INCLUDED *** You receive a premium matte POSTER PRINT (frame NOT included). Carefully packed and shipped in a protective tube. ╔══════════════╗ 🖼️ POSTER / ART PRINT ONLY — FRAME NOT INCLUDED This listing is for the UNFRAMED print only. No frame is shipped. ╚══════════════╝ Ronin on a Sea Cliff at Dawn — an original black & white sumi-e ink wall art print. Minimalist ink-wash (sumi-e) painting capturing lone samurai and the sea. The bold brushwork and calm negative space bring a serene, gallery-quality focal point to a living room, bedroom, office, or entryway. • Museum-quality matte poster paper (189 g/m², 10.3 mil), printed with archival inkjet inks • Sizes: 12×18"", 16×24"", 24×36"" (portrait) • Made-to-order and shipped directly to you • Frame not included (unframed poster) — pairs well with a simple black or natural-wood frame Colors may vary slightly between",https://canvasminiart.site/p/4527113817.html,https://i.etsystatic.com/65245102/r/il/4420af/8293225113/il_fullxfull.8293225113_7e2e.jpg,39.99 USD,in stock,new,MiniCanvasArt,"Home & Garden > Decor > Artwork > Posters, Prints, & Visual Artwork",Samurai & Warriors
4527113745,Cossack Winter Ride Through Snow | Black & White Sumi-e Ink Wall Art | Poster Print,"Cossack Winter Ride Through Snow — an original black & white sumi-e ink wall art print. Minimalist ink-wash (sumi-e) painting capturing winter horseback ride. The bold brushwork and calm negative space bring a serene, gallery-quality focal point to a living room, bedroom, office, or entryway. • Museum-quality matte poster paper (189 g/m², 10.3 mil), printed with archival inkjet inks • Sizes: 12×18"", 16×24"", 24×36"" (portrait) • Made-to-order and shipped directly to you • Frame not included (unframed poster) — pairs well with a simple black or natural-wood frame Colors may vary slightly between screens and print. This is a print only; no physical frame is shipped. 🖌 Meet the artist I'm Hana, and this collection comes straight from my roots. I grew up on stories of the steppe, of free horsemen and windswept horizons — and I paint them in bold black ink to keep that spirit alive. Each artwor",https://canvasminiart.site/p/4527113745.html,https://i.etsystatic.com/65245102/r/il/4dd838/8245181752/il_fullxfull.8245181752_2tn1.jpg,39.99 USD,in stock,new,MiniCanvasArt,"Home & Garden > Decor > Artwork > Posters, Prints, & Visual Artwork",Ukrainian Cossacks
4527123194,Cossack Beneath a Storm-Bent Oak | Black & White Sumi-e Ink Wall Art | Poster Print,"Cossack Beneath a Storm-Bent Oak — an original black & white sumi-e ink wall art print. Minimalist ink-wash (sumi-e) painting capturing endurance and storm. The bold brushwork and calm negative space bring a serene, gallery-quality focal point to a living room, bedroom, office, or entryway. • Museum-quality matte poster paper (189 g/m², 10.3 mil), printed with archival inkjet inks • Sizes: 12×18"", 16×24"", 24×36"" (portrait) • Made-to-order and shipped directly to you • Frame not included (unframed poster) — pairs well with a simple black or natural-wood frame Colors may vary slightly between screens and print. This is a print only; no physical frame is shipped. 🖌 Meet the artist I'm Hana, and this collection comes straight from my roots. I grew up on stories of the steppe, of free horsemen and windswept horizons — and I paint them in bold black ink to keep that spirit alive. Each artwork ",https://canvasminiart.site/p/4527123194.html,https://i.etsystatic.com/65245102/r/il/2c4603/8293098671/il_fullxfull.8293098671_ilz9.jpg,39.99 USD,in stock,new,MiniCanvasArt,"Home & Garden > Decor > Artwork > Posters, Prints, & Visual Artwork",Ukrainian Cossacks
4527113577,Cossack Playing the Kobza at Night | Black & White Sumi-e Ink Wall Art | Poster Print,"Cossack Playing the Kobza at Night — an original black & white sumi-e ink wall art print. Minimalist ink-wash (sumi-e) painting capturing Ukrainian kobzar musician. The bold brushwork and calm negative space bring a serene, gallery-quality focal point to a living room, bedroom, office, or entryway. • Museum-quality matte poster paper (189 g/m², 10.3 mil), printed with archival inkjet inks • Sizes: 12×18"", 16×24"", 24×36"" (portrait) • Made-to-order and shipped directly to you • Frame not included (unframed poster) — pairs well with a simple black or natural-wood frame Colors may vary slightly between screens and print. This is a print only; no physical frame is shipped. 🖌 Meet the artist I'm Hana, and this collection comes straight from my roots. I grew up on stories of the steppe, of free horsemen and windswept horizons — and I paint them in bold black ink to keep that spirit alive. Each ",https://canvasminiart.site/p/4527113577.html,https://i.etsystatic.com/65245102/r/il/296ec0/8293103029/il_fullxfull.8293103029_d117.jpg,39.99 USD,in stock,new,MiniCanvasArt,"Home & Garden > Decor > Artwork > Posters, Prints, & Visual Artwork",Ukrainian Cossacks
4527113515,Cossack Dancing the Hopak | Black & White Sumi-e Ink Wall Art | Poster Print,"Cossack Dancing the Hopak — an original black & white sumi-e ink wall art print. Minimalist ink-wash (sumi-e) painting capturing Ukrainian Hopak dance. The bold brushwork and calm negative space bring a serene, gallery-quality focal point to a living room, bedroom, office, or entryway. • Museum-quality matte poster paper (189 g/m², 10.3 mil), printed with archival inkjet inks • Sizes: 12×18"", 16×24"", 24×36"" (portrait) • Made-to-order and shipped directly to you • Frame not included (unframed poster) — pairs well with a simple black or natural-wood frame Colors may vary slightly between screens and print. This is a print only; no physical frame is shipped. 🖌 Meet the artist I'm Hana, and this collection comes straight from my roots. I grew up on stories of the steppe, of free horsemen and windswept horizons — and I paint them in bold black ink to keep that spirit alive. Each artwork carri",https://canvasminiart.site/p/4527113515.html,https://i.etsystatic.com/65245102/r/il/4b29b1/8293109051/il_fullxfull.8293109051_pyom.jpg,39.99 USD,in stock,new,MiniCanvasArt,"Home & Garden > Decor > Artwork > Posters, Prints, & Visual Artwork",Ukrainian Cossacks
4527122968,Cossack with a Falcon on His Arm | Black & White Sumi-e Ink Wall Art | Poster Print,"Cossack with a Falcon on His Arm — an original black & white sumi-e ink wall art print. Minimalist ink-wash (sumi-e) painting capturing warrior and falcon bond. The bold brushwork and calm negative space bring a serene, gallery-quality focal point to a living room, bedroom, office, or entryway. • Museum-quality matte poster paper (189 g/m², 10.3 mil), printed with archival inkjet inks • Sizes: 12×18"", 16×24"", 24×36"" (portrait) • Made-to-order and shipped directly to you • Frame not included (unframed poster) — pairs well with a simple black or natural-wood frame Colors may vary slightly between screens and print. This is a print only; no physical frame is shipped. 🖌 Meet the artist I'm Hana, and this collection comes straight from my roots. I grew up on stories of the steppe, of free horsemen and windswept horizons — and I paint them in bold black ink to keep that spirit alive. Each artw",https://canvasminiart.site/p/4527122968.html,https://i.etsystatic.com/65245102/r/il/00cebb/8293111433/il_fullxfull.8293111433_ewk7.jpg,39.99 USD,in stock,new,MiniCanvasArt,"Home & Garden > Decor > Artwork > Posters, Prints, & Visual Artwork",Ukrainian Cossacks
4527122902,Lone Cossack Before a Steppe Church | Black & White Sumi-e Ink Wall Art | Poster Print,"Lone Cossack Before a Steppe Church — an original black & white sumi-e ink wall art print. Minimalist ink-wash (sumi-e) painting capturing Ukrainian steppe and faith. The bold brushwork and calm negative space bring a serene, gallery-quality focal point to a living room, bedroom, office, or entryway. • Museum-quality matte poster paper (189 g/m², 10.3 mil), printed with archival inkjet inks • Sizes: 12×18"", 16×24"", 24×36"" (portrait) • Made-to-order and shipped directly to you • Frame not included (unframed poster) — pairs well with a simple black or natural-wood frame Colors may vary slightly between screens and print. This is a print only; no physical frame is shipped. 🖌 Meet the artist I'm Hana, and this collection comes straight from my roots. I grew up on stories of the steppe, of free horsemen and windswept horizons — and I paint them in bold black ink to keep that spirit alive. Eac",https://canvasminiart.site/p/4527122902.html,https://i.etsystatic.com/65245102/r/il/588188/8245197828/il_fullxfull.8245197828_akjc.jpg,39.99 USD,in stock,new,MiniCanvasArt,"Home & Garden > Decor > Artwork > Posters, Prints, & Visual Artwork",Ukrainian Cossacks
4527113245,Cossack Rowing a Chaika Boat on the Dnipro River | Black & White Sumi-e Ink Wall Art | Poster Print,"Cossack Rowing a Chaika Boat on the Dnipro River — an original black & white sumi-e ink wall art print. Minimalist ink-wash (sumi-e) painting capturing Ukrainian Cossack heritage. The bold brushwork and calm negative space bring a serene, gallery-quality focal point to a living room, bedroom, office, or entryway. • Museum-quality matte poster paper (189 g/m², 10.3 mil), printed with archival inkjet inks • Sizes: 12×18"", 16×24"", 24×36"" (portrait) • Made-to-order and shipped directly to you • Frame not included (unframed poster) — pairs well with a simple black or natural-wood frame Colors may vary slightly between screens and print. This is a print only; no physical frame is shipped. 🖌 Meet the artist I'm Hana, and this collection comes straight from my roots. I grew up on stories of the steppe, of free horsemen and windswept horizons — and I paint them in bold black ink to keep that spir",https://canvasminiart.site/p/4527113245.html,https://i.etsystatic.com/65245102/r/il/390cb1/8293115305/il_fullxfull.8293115305_99q4.jpg,39.99 USD,in stock,new,MiniCanvasArt,"Home & Garden > Decor > Artwork > Posters, Prints, & Visual Artwork",Ukrainian Cossacks
4527122202,Cossack Rowing a Chaika Boat on the Dnipro River | B&W Sumi-e Ink Wall Art | Framed Poster,"Cossack Rowing a Chaika Boat on the Dnipro River — an original black & white sumi-e ink wall art print. Minimalist ink-wash (sumi-e) painting capturing Ukrainian Cossack heritage. The bold brushwork and calm negative space bring a serene, gallery-quality focal point to a living room, bedroom, office, or entryway. • Museum-quality matte poster paper (189 g/m², 10.3 mil), printed with archival inkjet inks • Sizes: 12×18"", 16×24"", 24×36"" (portrait) • Made-to-order and shipped directly to you • Frame not included (unframed poster) — pairs well with a simple black or natural-wood frame Colors may vary slightly between screens and print. This is a print only; no physical frame is shipped.",https://canvasminiart.site/p/4527122202.html,https://i.etsystatic.com/65245102/r/il/197b22/8220140213/il_fullxfull.8220140213_b5bm.jpg,59.99 USD,in stock,new,MiniCanvasArt,"Home & Garden > Decor > Artwork > Posters, Prints, & Visual Artwork",Ukrainian Cossacks
4527004079,Cossack Shows the Way at Dawn | Ukrainian Cossack Wall Art | Black & White Ink | Digital Download,"Cossack Shows the Way at Dawn - a black & white sumi-e ink wall art print celebrating the bond between Ukraine's Cossack heritage and its modern defenders. INSTANT DOWNLOAD - no physical item is shipped. Print at home, at a local print shop, or online. YOU WILL RECEIVE: - 1 high-resolution PDF (prints crisp up to A1 / 24x36 in) - 1 high-resolution JPG (300 DPI) 2:3 ratio - prints cleanly at 4x6, 6x9, 8x12, 12x18, 16x24, 20x30 and 24x36 inches (and ISO A5-A1 with a slim border). Hand-drawn ink illustration, monochrome with a single subtle red accent - a dignified, meaningful piece for a living room, office or entryway, and a heartfelt gift. Colors may vary slightly between screens and printers. Frame not included. For personal use only. (c) MiniCanvasArt.",https://canvasminiart.site/p/4527004079.html,https://i.etsystatic.com/65245102/r/il/6cdeb3/8219439645/il_fullxfull.8219439645_3ixq.jpg,8.99 USD,in stock,new,MiniCanvasArt,"Home & Garden > Decor > Artwork > Posters, Prints, & Visual Artwork",Ukrainian Cossacks
4527003833,Cossack and Soldier Plan Together | Ukrainian Cossack Wall Art | Black & White Ink | Digital Download,"Cossack and Soldier Plan Together - a black & white sumi-e ink wall art print celebrating the bond between Ukraine's Cossack heritage and its modern defenders. INSTANT DOWNLOAD - no physical item is shipped. Print at home, at a local print shop, or online. YOU WILL RECEIVE: - 1 high-resolution PDF (prints crisp up to A1 / 24x36 in) - 1 high-resolution JPG (300 DPI) 2:3 ratio - prints cleanly at 4x6, 6x9, 8x12, 12x18, 16x24, 20x30 and 24x36 inches (and ISO A5-A1 with a slim border). Hand-drawn ink illustration, monochrome with a single subtle red accent - a dignified, meaningful piece for a living room, office or entryway, and a heartfelt gift. Colors may vary slightly between screens and printers. Frame not included. For personal use only. (c) MiniCanvasArt.",https://canvasminiart.site/p/4527003833.html,https://i.etsystatic.com/65245102/r/il/124be1/8219437893/il_fullxfull.8219437893_9tdw.jpg,8.99 USD,in stock,new,MiniCanvasArt,"Home & Garden > Decor > Artwork > Posters, Prints, & Visual Artwork",Ukrainian Cossacks
4527012820,Cossack Teaching the Hopak Dance | Ukrainian Cossack Wall Art | Black & White Ink | Digital Download,"Cossack Teaching the Hopak Dance - a black & white sumi-e ink wall art print celebrating the bond between Ukraine's Cossack heritage and its modern defenders. INSTANT DOWNLOAD - no physical item is shipped. Print at home, at a local print shop, or online. YOU WILL RECEIVE: - 1 high-resolution PDF (prints crisp up to A1 / 24x36 in) - 1 high-resolution JPG (300 DPI) 2:3 ratio - prints cleanly at 4x6, 6x9, 8x12, 12x18, 16x24, 20x30 and 24x36 inches (and ISO A5-A1 with a slim border). Hand-drawn ink illustration, monochrome with a single subtle red accent - a dignified, meaningful piece for a living room, office or entryway, and a heartfelt gift. Colors may vary slightly between screens and printers. Frame not included. For personal use only. (c) MiniCanvasArt.",https://canvasminiart.site/p/4527012820.html,https://i.etsystatic.com/65245102/r/il/4a0976/8219436193/il_fullxfull.8219436193_plxu.jpg,8.99 USD,in stock,new,MiniCanvasArt,"Home & Garden > Decor > Artwork > Posters, Prints, & Visual Artwork",Ukrainian Cossacks
4527003291,Cossack and Soldier Pray at a Chapel | Ukrainian Cossack Wall Art | Black & White Ink | Digital Download,"Cossack and Soldier Pray at a Chapel - a black & white sumi-e ink wall art print celebrating the bond between Ukraine's Cossack heritage and its modern defenders. INSTANT DOWNLOAD - no physical item is shipped. Print at home, at a local print shop, or online. YOU WILL RECEIVE: - 1 high-resolution PDF (prints crisp up to A1 / 24x36 in) - 1 high-resolution JPG (300 DPI) 2:3 ratio - prints cleanly at 4x6, 6x9, 8x12, 12x18, 16x24, 20x30 and 24x36 inches (and ISO A5-A1 with a slim border). Hand-drawn ink illustration, monochrome with a single subtle red accent - a dignified, meaningful piece for a living room, office or entryway, and a heartfelt gift. Colors may vary slightly between screens and printers. Frame not included. For personal use only. (c) MiniCanvasArt.",https://canvasminiart.site/p/4527003291.html,https://i.etsystatic.com/65245102/r/il/bf1078/8219434293/il_fullxfull.8219434293_l07h.jpg,8.99 USD,in stock,new,MiniCanvasArt,"Home & Garden > Decor > Artwork > Posters, Prints, & Visual Artwork",Ukrainian Cossacks
4527012338,Cossack Leading the Way | Ukrainian Cossack Wall Art | Black & White Ink | Digital Download,"Cossack Leading the Way - a black & white sumi-e ink wall art print celebrating the bond between Ukraine's Cossack heritage and its modern defenders. INSTANT DOWNLOAD - no physical item is shipped. Print at home, at a local print shop, or online. YOU WILL RECEIVE: - 1 high-resolution PDF (prints crisp up to A1 / 24x36 in) - 1 high-resolution JPG (300 DPI) 2:3 ratio - prints cleanly at 4x6, 6x9, 8x12, 12x18, 16x24, 20x30 and 24x36 inches (and ISO A5-A1 with a slim border). Hand-drawn ink illustration, monochrome with a single subtle red accent - a dignified, meaningful piece for a living room, office or entryway, and a heartfelt gift. Colors may vary slightly between screens and printers. Frame not included. For personal use only. (c) MiniCanvasArt.",https://canvasminiart.site/p/4527012338.html,https://i.etsystatic.com/65245102/r/il/7ed883/8171500080/il_fullxfull.8171500080_byfk.jpg,8.99 USD,in stock,new,MiniCanvasArt,"Home & Garden > Decor > Artwork > Posters, Prints, & Visual Artwork",Ukrainian Cossacks
4527012042,Cossack and Soldier Rest by the River | Ukrainian Cossack Wall Art | Black & White Ink | Digital Download,"Cossack and Soldier Rest by the River - a black & white sumi-e ink wall art print celebrating the bond between Ukraine's Cossack heritage and its modern defenders. INSTANT DOWNLOAD - no physical item is shipped. Print at home, at a local print shop, or online. YOU WILL RECEIVE: - 1 high-resolution PDF (prints crisp up to A1 / 24x36 in) - 1 high-resolution JPG (300 DPI) 2:3 ratio - prints cleanly at 4x6, 6x9, 8x12, 12x18, 16x24, 20x30 and 24x36 inches (and ISO A5-A1 with a slim border). Hand-drawn ink illustration, monochrome with a single subtle red accent - a dignified, meaningful piece for a living room, office or entryway, and a heartfelt gift. Colors may vary slightly between screens and printers. Frame not included. For personal use only. (c) MiniCanvasArt.",https://canvasminiart.site/p/4527012042.html,https://i.etsystatic.com/65245102/r/il/3aaad2/8219430575/il_fullxfull.8219430575_f1x5.jpg,8.99 USD,in stock,new,MiniCanvasArt,"Home & Garden > Decor > Artwork > Posters, Prints, & Visual Artwork",Ukrainian Cossacks
4527011766,Cossack Offering Bread and Salt | Ukrainian Cossack Wall Art | Black & White Ink | Digital Download,"Cossack Offering Bread and Salt - a black & white sumi-e ink wall art print celebrating the bond between Ukraine's Cossack heritage and its modern defenders. INSTANT DOWNLOAD - no physical item is shipped. Print at home, at a local print shop, or online. YOU WILL RECEIVE: - 1 high-resolution PDF (prints crisp up to A1 / 24x36 in) - 1 high-resolution JPG (300 DPI) 2:3 ratio - prints cleanly at 4x6, 6x9, 8x12, 12x18, 16x24, 20x30 and 24x36 inches (and ISO A5-A1 with a slim border). Hand-drawn ink illustration, monochrome with a single subtle red accent - a dignified, meaningful piece for a living room, office or entryway, and a heartfelt gift. Colors may vary slightly between screens and printers. Frame not included. For personal use only. (c) MiniCanvasArt.",https://canvasminiart.site/p/4527011766.html,https://i.etsystatic.com/65245102/r/il/5c19bc/8171496460/il_fullxfull.8171496460_ts8d.jpg,8.99 USD,in stock,new,MiniCanvasArt,"Home & Garden > Decor > Artwork > Posters, Prints, & Visual Artwork",Ukrainian Cossacks
4527011422,Cossack Teaching the Saber | Ukrainian Cossack Wall Art | Black & White Ink | Digital Download,"Cossack Teaching the Saber - a black & white sumi-e ink wall art print celebrating the bond between Ukraine's Cossack heritage and its modern defenders. INSTANT DOWNLOAD - no physical item is shipped. Print at home, at a local print shop, or online. YOU WILL RECEIVE: - 1 high-resolution PDF (prints crisp up to A1 / 24x36 in) - 1 high-resolution JPG (300 DPI) 2:3 ratio - prints cleanly at 4x6, 6x9, 8x12, 12x18, 16x24, 20x30 and 24x36 inches (and ISO A5-A1 with a slim border). Hand-drawn ink illustration, monochrome with a single subtle red accent - a dignified, meaningful piece for a living room, office or entryway, and a heartfelt gift. Colors may vary slightly between screens and printers. Frame not included. For personal use only. (c) MiniCanvasArt.",https://canvasminiart.site/p/4527011422.html,https://i.etsystatic.com/65245102/r/il/915fb6/8171494696/il_fullxfull.8171494696_mgwu.jpg,8.99 USD,in stock,new,MiniCanvasArt,"Home & Garden > Decor > Artwork > Posters, Prints, & Visual Artwork",Ukrainian Cossacks
4527001967,Spirit of the Cossack Guarding a Soldier | Ukrainian Cossack Wall Art | Black & White Ink | Digital Download,"Spirit of the Cossack Guarding a Soldier - a black & white sumi-e ink wall art print celebrating the bond between Ukraine's Cossack heritage and its modern defenders. INSTANT DOWNLOAD - no physical item is shipped. Print at home, at a local print shop, or online. YOU WILL RECEIVE: - 1 high-resolution PDF (prints crisp up to A1 / 24x36 in) - 1 high-resolution JPG (300 DPI) 2:3 ratio - prints cleanly at 4x6, 6x9, 8x12, 12x18, 16x24, 20x30 and 24x36 inches (and ISO A5-A1 with a slim border). Hand-drawn ink illustration, monochrome with a single subtle red accent - a dignified, meaningful piece for a living room, office or entryway, and a heartfelt gift. Colors may vary slightly between screens and printers. Frame not included. For personal use only. (c) MiniCanvasArt.",https://canvasminiart.site/p/4527001967.html,https://i.etsystatic.com/65245102/r/il/b40bf0/8219425373/il_fullxfull.8219425373_dc59.jpg,8.99 USD,in stock,new,MiniCanvasArt,"Home & Garden > Decor > Artwork > Posters, Prints, & Visual Artwork",Ukrainian Cossacks
4527010934,Cossack and Soldier by the Campfire | Ukrainian Cossack Wall Art | Black & White Ink | Digital Download,"Cossack and Soldier by the Campfire - a black & white sumi-e ink wall art print celebrating the bond between Ukraine's Cossack heritage and its modern defenders. INSTANT DOWNLOAD - no physical item is shipped. Print at home, at a local print shop, or online. YOU WILL RECEIVE: - 1 high-resolution PDF (prints crisp up to A1 / 24x36 in) - 1 high-resolution JPG (300 DPI) 2:3 ratio - prints cleanly at 4x6, 6x9, 8x12, 12x18, 16x24, 20x30 and 24x36 inches (and ISO A5-A1 with a slim border). Hand-drawn ink illustration, monochrome with a single subtle red accent - a dignified, meaningful piece for a living room, office or entryway, and a heartfelt gift. Colors may vary slightly between screens and printers. Frame not included. For personal use only. (c) MiniCanvasArt.",https://canvasminiart.site/p/4527010934.html,https://i.etsystatic.com/65245102/r/il/2a3c14/8219423469/il_fullxfull.8219423469_2jcj.jpg,8.99 USD,in stock,new,MiniCanvasArt,"Home & Garden > Decor > Artwork > Posters, Prints, & Visual Artwork",Ukrainian Cossacks
4527010654,Cossack Playing Bandura for a Soldier | Ukrainian Cossack Wall Art | Black & White Ink | Digital Download,"Cossack Playing Bandura for a Soldier - a black & white sumi-e ink wall art print celebrating the bond between Ukraine's Cossack heritage and its modern defenders. INSTANT DOWNLOAD - no physical item is shipped. Print at home, at a local print shop, or online. YOU WILL RECEIVE: - 1 high-resolution PDF (prints crisp up to A1 / 24x36 in) - 1 high-resolution JPG (300 DPI) 2:3 ratio - prints cleanly at 4x6, 6x9, 8x12, 12x18, 16x24, 20x30 and 24x36 inches (and ISO A5-A1 with a slim border). Hand-drawn ink illustration, monochrome with a single subtle red accent - a dignified, meaningful piece for a living room, office or entryway, and a heartfelt gift. Colors may vary slightly between screens and printers. Frame not included. For personal use only. (c) MiniCanvasArt.",https://canvasminiart.site/p/4527010654.html,https://i.etsystatic.com/65245102/r/il/bce0fe/8219421701/il_fullxfull.8219421701_qtdk.jpg,8.99 USD,in stock,new,MiniCanvasArt,"Home & Garden > Decor > Artwork > Posters, Prints, & Visual Artwork",Ukrainian Cossacks
4527001167,Cossack Passing Kobza and Wisdom | Ukrainian Cossack Wall Art | Black & White Ink | Digital Download,"Cossack Passing Kobza and Wisdom - a black & white sumi-e ink wall art print celebrating the bond between Ukraine's Cossack heritage and its modern defenders. INSTANT DOWNLOAD - no physical item is shipped. Print at home, at a local print shop, or online. YOU WILL RECEIVE: - 1 high-resolution PDF (prints crisp up to A1 / 24x36 in) - 1 high-resolution JPG (300 DPI) 2:3 ratio - prints cleanly at 4x6, 6x9, 8x12, 12x18, 16x24, 20x30 and 24x36 inches (and ISO A5-A1 with a slim border). Hand-drawn ink illustration, monochrome with a single subtle red accent - a dignified, meaningful piece for a living room, office or entryway, and a heartfelt gift. Colors may vary slightly between screens and printers. Frame not included. For personal use only. (c) MiniCanvasArt.",https://canvasminiart.site/p/4527001167.html,https://i.etsystatic.com/65245102/r/il/2236ec/8219419911/il_fullxfull.8219419911_6s0s.jpg,8.99 USD,in stock,new,MiniCanvasArt,"Home & Garden > Decor > Artwork > Posters, Prints, & Visual Artwork",Ukrainian Cossacks
4527000913,"Cossack with Eagle, Soldier with Drone | Ukrainian Cossack Wall Art | Black & White Ink | Digital Download","Cossack with Eagle, Soldier with Drone - a black & white sumi-e ink wall art print celebrating the bond between Ukraine's Cossack heritage and its modern defenders. INSTANT DOWNLOAD - no physical item is shipped. Print at home, at a local print shop, or online. YOU WILL RECEIVE: - 1 high-resolution PDF (prints crisp up to A1 / 24x36 in) - 1 high-resolution JPG (300 DPI) 2:3 ratio - prints cleanly at 4x6, 6x9, 8x12, 12x18, 16x24, 20x30 and 24x36 inches (and ISO A5-A1 with a slim border). Hand-drawn ink illustration, monochrome with a single subtle red accent - a dignified, meaningful piece for a living room, office or entryway, and a heartfelt gift. Colors may vary slightly between screens and printers. Frame not included. For personal use only. (c) MiniCanvasArt.",https://canvasminiart.site/p/4527000913.html,https://i.etsystatic.com/65245102/r/il/547b6f/8171486026/il_fullxfull.8171486026_fpll.jpg,8.99 USD,in stock,new,MiniCanvasArt,"Home & Garden > Decor > Artwork > Posters, Prints, & Visual Artwork",Ukrainian Cossacks
4527009852,Cossack Horseman and Modern Soldier | Ukrainian Cossack Wall Art | Black & White Ink | Digital Download,"Cossack Horseman and Modern Soldier - a black & white sumi-e ink wall art print celebrating the bond between Ukraine's Cossack heritage and its modern defenders. INSTANT DOWNLOAD - no physical item is shipped. Print at home, at a local print shop, or online. YOU WILL RECEIVE: - 1 high-resolution PDF (prints crisp up to A1 / 24x36 in) - 1 high-resolution JPG (300 DPI) 2:3 ratio - prints cleanly at 4x6, 6x9, 8x12, 12x18, 16x24, 20x30 and 24x36 inches (and ISO A5-A1 with a slim border). Hand-drawn ink illustration, monochrome with a single subtle red accent - a dignified, meaningful piece for a living room, office or entryway, and a heartfelt gift. Colors may vary slightly between screens and printers. Frame not included. For personal use only. (c) MiniCanvasArt.",https://canvasminiart.site/p/4527009852.html,https://i.etsystatic.com/65245102/r/il/45dd41/8171484384/il_fullxfull.8171484384_9h2o.jpg,8.99 USD,in stock,new,MiniCanvasArt,"Home & Garden > Decor > Artwork > Posters, Prints, & Visual Artwork",Ukrainian Cossacks
4526999921,Cossack and Soldier Sharing a Feast | Ukrainian Cossack Wall Art | Black & White Ink | Digital Download,"Cossack and Soldier Sharing a Feast - a black & white sumi-e ink wall art print celebrating the bond between Ukraine's Cossack heritage and its modern defenders. INSTANT DOWNLOAD - no physical item is shipped. Print at home, at a local print shop, or online. YOU WILL RECEIVE: - 1 high-resolution PDF (prints crisp up to A1 / 24x36 in) - 1 high-resolution JPG (300 DPI) 2:3 ratio - prints cleanly at 4x6, 6x9, 8x12, 12x18, 16x24, 20x30 and 24x36 inches (and ISO A5-A1 with a slim border). Hand-drawn ink illustration, monochrome with a single subtle red accent - a dignified, meaningful piece for a living room, office or entryway, and a heartfelt gift. Colors may vary slightly between screens and printers. Frame not included. For personal use only. (c) MiniCanvasArt.",https://canvasminiart.site/p/4526999921.html,https://i.etsystatic.com/65245102/r/il/821ff9/8171480050/il_fullxfull.8171480050_80kn.jpg,8.99 USD,in stock,new,MiniCanvasArt,"Home & Garden > Decor > Artwork > Posters, Prints, & Visual Artwork",Ukrainian Cossacks
4526512616,"Red-Crowned Cranes Ink Art Print | Misty Reeds, Dawn Scene (Digital Download)","*** DIGITAL DOWNLOAD — NO PHYSICAL ITEM WILL BE SHIPPED *** You receive high-resolution printable files instantly after purchase. HOW IT WORKS: 1) Purchase 2) Etsy > Your account > Purchases > Download Files 3) Print at home, a local print shop, or an online print service — up to 24x36 in. Two red-crowned cranes stand among misty marsh reeds at dawn. Poetic black & white sumi-e ink with crimson crowns - tranquil Japandi nature wall art. INSTANT DIGITAL DOWNLOAD - no physical item is shipped. You will receive high-resolution files to print yourself at home, a local print shop, or online. Print up to A1 / 24x36 in at 300 DPI. For personal use. Frame not included.",https://canvasminiart.site/p/4526512616.html,https://i.etsystatic.com/65245102/r/il/cbb658/8168199802/il_fullxfull.8168199802_km8q.jpg,8.99 USD,in stock,new,MiniCanvasArt,"Home & Garden > Decor > Artwork > Posters, Prints, & Visual Artwork",Koi & Animals
4526511880,Red-Crowned Crane Taking Off from Lake | Black White Red Ink Art | Printable Wall Art | Instant Download,"*** DIGITAL DOWNLOAD — NO PHYSICAL ITEM WILL BE SHIPPED *** You receive high-resolution printable files instantly after purchase. HOW IT WORKS: 1) Purchase 2) Etsy > Your account > Purchases > Download Files 3) Print at home, a local print shop, or an online print service — up to 24x36 in. A red-crowned crane lifts off from a calm lake, wings sweeping down and water droplets falling. Dynamic black & white sumi-e ink with a crimson crown - striking Japandi wall art. INSTANT DIGITAL DOWNLOAD - no physical item is shipped. You will receive high-resolution files to print yourself at home, a local print shop, or online. Print up to A1 / 24x36 in at 300 DPI. For personal use. Frame not included.",https://canvasminiart.site/p/4526511880.html,https://i.etsystatic.com/65245102/r/il/77dcd5/8168197168/il_fullxfull.8168197168_rpci.jpg,8.99 USD,in stock,new,MiniCanvasArt,"Home & Garden > Decor > Artwork > Posters, Prints, & Visual Artwork",Koi & Animals
4526511680,Two Red-Crowned Cranes by a River Bend | Black White Red Ink Art | Printable Wall Art | Instant Download,"*** DIGITAL DOWNLOAD — NO PHYSICAL ITEM WILL BE SHIPPED *** You receive high-resolution printable files instantly after purchase. HOW IT WORKS: 1) Purchase 2) Etsy > Your account > Purchases > Download Files 3) Print at home, a local print shop, or an online print service — up to 24x36 in. Two red-crowned cranes wade by a gentle river bend among soft grasses. Black & white sumi-e ink with crimson crowns - peaceful paired Japandi wall art, a calm love symbol. INSTANT DIGITAL DOWNLOAD - no physical item is shipped. You will receive high-resolution files to print yourself at home, a local print shop, or online. Print up to A1 / 24x36 in at 300 DPI. For personal use. Frame not included.",https://canvasminiart.site/p/4526511680.html,https://i.etsystatic.com/65245102/r/il/5cdf6b/8216127119/il_fullxfull.8216127119_oxcy.jpg,8.99 USD,in stock,new,MiniCanvasArt,"Home & Garden > Decor > Artwork > Posters, Prints, & Visual Artwork",Koi & Animals
4526502253,Red-Crowned Crane with Red Rising Sun | Black White Ink Marsh Art | Printable Wall Art | Instant Download,"*** DIGITAL DOWNLOAD — NO PHYSICAL ITEM WILL BE SHIPPED *** You receive high-resolution printable files instantly after purchase. HOW IT WORKS: 1) Purchase 2) Etsy > Your account > Purchases > Download Files 3) Print at home, a local print shop, or an online print service — up to 24x36 in. A red-crowned crane in a quiet marsh with a large round red rising sun behind it. Black & white sumi-e ink with one crimson sun - poetic Japanese dawn wall art. INSTANT DIGITAL DOWNLOAD - no physical item is shipped. You will receive high-resolution files to print yourself at home, a local print shop, or online. Print up to A1 / 24x36 in at 300 DPI. For personal use. Frame not included.",https://canvasminiart.site/p/4526502253.html,https://i.etsystatic.com/65245102/r/il/af0df0/8216125781/il_fullxfull.8216125781_kts1.jpg,8.99 USD,in stock,new,MiniCanvasArt,"Home & Garden > Decor > Artwork > Posters, Prints, & Visual Artwork",Koi & Animals
4526511234,Red-Crowned Crane Beside Bamboo | Black White Red Ink Sumi-e Art | Printable Wall Art | Instant Download,"*** DIGITAL DOWNLOAD — NO PHYSICAL ITEM WILL BE SHIPPED *** You receive high-resolution printable files instantly after purchase. HOW IT WORKS: 1) Purchase 2) Etsy > Your account > Purchases > Download Files 3) Print at home, a local print shop, or an online print service — up to 24x36 in. A red-crowned crane stands gracefully beside slender bamboo stalks. Black & white sumi-e ink with a crimson crown - serene, balanced Japandi nature wall art. INSTANT DIGITAL DOWNLOAD - no physical item is shipped. You will receive high-resolution files to print yourself at home, a local print shop, or online. Print up to A1 / 24x36 in at 300 DPI. For personal use. Frame not included.",https://canvasminiart.site/p/4526511234.html,https://i.etsystatic.com/65245102/r/il/287e6f/8216124361/il_fullxfull.8216124361_t3wj.jpg,8.99 USD,in stock,new,MiniCanvasArt,"Home & Garden > Decor > Artwork > Posters, Prints, & Visual Artwork",Koi & Animals
4526501817,Red-Crowned Crane Reflection in Still Water | Black White Red Ink Art | Printable Wall Art | Instant Download,"A single red-crowned crane stands in still shallow water with a mirror reflection. Tranquil black & white sumi-e ink with a crimson crown - meditative Japandi wall art. INSTANT DIGITAL DOWNLOAD - no physical item is shipped. You will receive high-resolution files to print yourself at home, a local print shop, or online. Print up to A1 / 24x36 in at 300 DPI. For personal use. Frame not included.",https://canvasminiart.site/p/4526501817.html,https://i.etsystatic.com/65245102/r/il/765b7c/8216122963/il_fullxfull.8216122963_6y4t.jpg,8.99 USD,in stock,new,MiniCanvasArt,"Home & Garden > Decor > Artwork > Posters, Prints, & Visual Artwork",Koi & Animals
4526501547,Flock of Red-Crowned Cranes Rising at Dawn | Black White Red Ink Art | Printable Wall Art | Instant Download,"A flock of red-crowned cranes rises together into a soft dawn sky, wings overlapping. Black & white sumi-e ink with crimson crowns - graceful, uplifting Japanese wall art. INSTANT DIGITAL DOWNLOAD - no physical item is shipped. You will receive high-resolution files to print yourself at home, a local print shop, or online. Print up to A1 / 24x36 in at 300 DPI. For personal use. Frame not included.",https://canvasminiart.site/p/4526501547.html,https://i.etsystatic.com/65245102/r/il/3628e8/8216121513/il_fullxfull.8216121513_mlcz.jpg,8.99 USD,in stock,new,MiniCanvasArt,"Home & Garden > Decor > Artwork > Posters, Prints, & Visual Artwork",Koi & Animals
4526510498,Red-Crowned Crane Snowy Pine Branch Ink Art | Japandi Winter Wall Art (Digital Download),"A red-crowned crane perches on a snow-laden pine branch as snow falls. Black & white sumi-e ink with a crimson crown - elegant winter Japandi wall art. INSTANT DIGITAL DOWNLOAD - no physical item is shipped. You will receive high-resolution files to print yourself at home, a local print shop, or online. Print up to A1 / 24x36 in at 300 DPI. For personal use. Frame not included.",https://canvasminiart.site/p/4526510498.html,https://i.etsystatic.com/65245102/r/il/637f7a/8216120075/il_fullxfull.8216120075_1sn1.jpg,8.99 USD,in stock,new,MiniCanvasArt,"Home & Garden > Decor > Artwork > Posters, Prints, & Visual Artwork",Koi & Animals
4526509584,Red-Crowned Crane Flying Across Full Moon | Black White Red Ink Art | Printable Wall Art | Instant Download,"A single red-crowned crane flies gracefully across a large pale full moon. Black & white sumi-e ink with a vivid crimson crown - serene, minimal Japanese moon and bird wall art. INSTANT DIGITAL DOWNLOAD - no physical item is shipped. You will receive high-resolution files to print yourself at home, a local print shop, or online. Print up to A1 / 24x36 in at 300 DPI. For personal use. Frame not included.",https://canvasminiart.site/p/4526509584.html,https://i.etsystatic.com/65245102/r/il/c78f05/8168184900/il_fullxfull.8168184900_kq40.jpg,8.99 USD,in stock,new,MiniCanvasArt,"Home & Garden > Decor > Artwork > Posters, Prints, & Visual Artwork",Koi & Animals
4526499931,Red-Crowned Cranes Courtship Dance | Black White Red Ink Sumi-e Art | Printable Wall Art | Instant Download,"A pair of elegant red-crowned cranes perform a graceful courtship dance, wings spread. Black & white sumi-e ink with vivid crimson crowns - refined Japandi wall art and a love-symbol gift. INSTANT DIGITAL DOWNLOAD - no physical item is shipped. You will receive high-resolution files to print yourself at home, a local print shop, or online. Print up to A1 / 24x36 in at 300 DPI. For personal use. Frame not included.",https://canvasminiart.site/p/4526499931.html,https://i.etsystatic.com/65245102/r/il/70a6a5/8168183450/il_fullxfull.8168183450_2qo7.jpg,8.99 USD,in stock,new,MiniCanvasArt,"Home & Garden > Decor > Artwork > Posters, Prints, & Visual Artwork",Koi & Animals
4526508836,Ronin Samurai at Night Tea House Lanterns | Black White Red Ink Art | Printable Wall Art | Instant Download,"*** DIGITAL DOWNLOAD — NO PHYSICAL ITEM WILL BE SHIPPED *** You receive high-resolution printable files instantly after purchase. HOW IT WORKS: 1) Purchase 2) Etsy > Your account > Purchases > Download Files 3) Print at home, a local print shop, or an online print service — up to 24x36 in. ╔══════════════╗ ⬇️ DIGITAL DOWNLOAD — INSTANT DOWNLOAD, NO PHYSICAL ITEM IS SHIPPED You receive high-resolution files to print yourself. Frame & decor not included. ╚══════════════╝ 📥 HOW TO DOWNLOAD: 1) After purchase, go to Etsy.com → You → Purchases & reviews (on the app: You → Purchases). 2) Find this order → tap “Download Files”. 3) Save the high-resolution file(s) to your device. (Downloads are available right after payment clears.) 🖨️ HOW TO PRINT: • Print at home, a local print shop, or an online service (e.g. photo/office print, Printful, etc.). • Files are 300 DPI, high resolution — sharp at",https://canvasminiart.site/p/4526508836.html,https://i.etsystatic.com/65245102/r/il/23ac7e/8168181970/il_fullxfull.8168181970_lcrl.jpg,8.99 USD,in stock,new,MiniCanvasArt,"Home & Garden > Decor > Artwork > Posters, Prints, & Visual Artwork",Samurai & Warriors
4526499211,Ronin Samurai on Cliff Over Stormy Sea | Black White Red Sun Ink Art | Printable Wall Art | Instant Download,"*** DIGITAL DOWNLOAD — NO PHYSICAL ITEM WILL BE SHIPPED *** You receive high-resolution printable files instantly after purchase. HOW IT WORKS: 1) Purchase 2) Etsy > Your account > Purchases > Download Files 3) Print at home, a local print shop, or an online print service — up to 24x36 in. ╔══════════════╗ ⬇️ DIGITAL DOWNLOAD — INSTANT DOWNLOAD, NO PHYSICAL ITEM IS SHIPPED You receive high-resolution files to print yourself. Frame & decor not included. ╚══════════════╝ 📥 HOW TO DOWNLOAD: 1) After purchase, go to Etsy.com → You → Purchases & reviews (on the app: You → Purchases). 2) Find this order → tap “Download Files”. 3) Save the high-resolution file(s) to your device. (Downloads are available right after payment clears.) 🖨️ HOW TO PRINT: • Print at home, a local print shop, or an online service (e.g. photo/office print, Printful, etc.). • Files are 300 DPI, high resolution — sharp at",https://canvasminiart.site/p/4526499211.html,https://i.etsystatic.com/65245102/r/il/302b0c/8168180822/il_fullxfull.8168180822_6un9.jpg,8.99 USD,in stock,new,MiniCanvasArt,"Home & Garden > Decor > Artwork > Posters, Prints, & Visual Artwork",Samurai & Warriors
4526508062,Ronin Samurai Walking Under Full Moon | Black White Red Ink Art | Printable Wall Art | Instant Download,"*** DIGITAL DOWNLOAD — NO PHYSICAL ITEM WILL BE SHIPPED *** You receive high-resolution printable files instantly after purchase. HOW IT WORKS: 1) Purchase 2) Etsy > Your account > Purchases > Download Files 3) Print at home, a local print shop, or an online print service — up to 24x36 in. ╔══════════════╗ ⬇️ DIGITAL DOWNLOAD — INSTANT DOWNLOAD, NO PHYSICAL ITEM IS SHIPPED You receive high-resolution files to print yourself. Frame & decor not included. ╚══════════════╝ 📥 HOW TO DOWNLOAD: 1) After purchase, go to Etsy.com → You → Purchases & reviews (on the app: You → Purchases). 2) Find this order → tap “Download Files”. 3) Save the high-resolution file(s) to your device. (Downloads are available right after payment clears.) 🖨️ HOW TO PRINT: • Print at home, a local print shop, or an online service (e.g. photo/office print, Printful, etc.). • Files are 300 DPI, high resolution — sharp at",https://canvasminiart.site/p/4526508062.html,https://i.etsystatic.com/65245102/r/il/55ec38/8216110645/il_fullxfull.8216110645_cs1p.jpg,8.99 USD,in stock,new,MiniCanvasArt,"Home & Garden > Decor > Artwork > Posters, Prints, & Visual Artwork",Samurai & Warriors
4526498439,Ronin Samurai and Scattering Crows | Black White Red Sun Ink Art | Printable Wall Art | Instant Download,"*** DIGITAL DOWNLOAD — NO PHYSICAL ITEM WILL BE SHIPPED *** You receive high-resolution printable files instantly after purchase. HOW IT WORKS: 1) Purchase 2) Etsy > Your account > Purchases > Download Files 3) Print at home, a local print shop, or an online print service — up to 24x36 in. ╔══════════════╗ ⬇️ DIGITAL DOWNLOAD — INSTANT DOWNLOAD, NO PHYSICAL ITEM IS SHIPPED You receive high-resolution files to print yourself. Frame & decor not included. ╚══════════════╝ 📥 HOW TO DOWNLOAD: 1) After purchase, go to Etsy.com → You → Purchases & reviews (on the app: You → Purchases). 2) Find this order → tap “Download Files”. 3) Save the high-resolution file(s) to your device. (Downloads are available right after payment clears.) 🖨️ HOW TO PRINT: • Print at home, a local print shop, or an online service (e.g. photo/office print, Printful, etc.). • Files are 300 DPI, high resolution — sharp at",https://canvasminiart.site/p/4526498439.html,https://i.etsystatic.com/65245102/r/il/0ba497/8216109273/il_fullxfull.8216109273_tt81.jpg,8.99 USD,in stock,new,MiniCanvasArt,"Home & Garden > Decor > Artwork > Posters, Prints, & Visual Artwork",Samurai & Warriors
4526507210,Ronin Samurai on Misty River Ferry | Black White Red Torii Ink Art | Printable Wall Art | Instant Download,"*** DIGITAL DOWNLOAD — NO PHYSICAL ITEM WILL BE SHIPPED *** You receive high-resolution printable files instantly after purchase. HOW IT WORKS: 1) Purchase 2) Etsy > Your account > Purchases > Download Files 3) Print at home, a local print shop, or an online print service — up to 24x36 in. ╔══════════════╗ ⬇️ DIGITAL DOWNLOAD — INSTANT DOWNLOAD, NO PHYSICAL ITEM IS SHIPPED You receive high-resolution files to print yourself. Frame & decor not included. ╚══════════════╝ 📥 HOW TO DOWNLOAD: 1) After purchase, go to Etsy.com → You → Purchases & reviews (on the app: You → Purchases). 2) Find this order → tap “Download Files”. 3) Save the high-resolution file(s) to your device. (Downloads are available right after payment clears.) 🖨️ HOW TO PRINT: • Print at home, a local print shop, or an online service (e.g. photo/office print, Printful, etc.). • Files are 300 DPI, high resolution — sharp at",https://canvasminiart.site/p/4526507210.html,https://i.etsystatic.com/65245102/r/il/22a797/8168176666/il_fullxfull.8168176666_ik2a.jpg,8.99 USD,in stock,new,MiniCanvasArt,"Home & Garden > Decor > Artwork > Posters, Prints, & Visual Artwork",Samurai & Warriors
4526497509,Weary Ronin Resting on Temple Steps | Black White Red Maple Ink Art | Printable Wall Art | Instant Download,"*** DIGITAL DOWNLOAD — NO PHYSICAL ITEM WILL BE SHIPPED *** You receive high-resolution printable files instantly after purchase. HOW IT WORKS: 1) Purchase 2) Etsy > Your account > Purchases > Download Files 3) Print at home, a local print shop, or an online print service — up to 24x36 in. ╔══════════════╗ ⬇️ DIGITAL DOWNLOAD — INSTANT DOWNLOAD, NO PHYSICAL ITEM IS SHIPPED You receive high-resolution files to print yourself. Frame & decor not included. ╚══════════════╝ 📥 HOW TO DOWNLOAD: 1) After purchase, go to Etsy.com → You → Purchases & reviews (on the app: You → Purchases). 2) Find this order → tap “Download Files”. 3) Save the high-resolution file(s) to your device. (Downloads are available right after payment clears.) 🖨️ HOW TO PRINT: • Print at home, a local print shop, or an online service (e.g. photo/office print, Printful, etc.). • Files are 300 DPI, high resolution — sharp at",https://canvasminiart.site/p/4526497509.html,https://i.etsystatic.com/65245102/r/il/27b7da/8216106457/il_fullxfull.8216106457_72a3.jpg,8.99 USD,in stock,new,MiniCanvasArt,"Home & Garden > Decor > Artwork > Posters, Prints, & Visual Artwork",Samurai & Warriors
4526497031,Ronin Samurai Ready in Reed Field | Black White Red Sun Ink Art | Printable Wall Art | Instant Download,"*** DIGITAL DOWNLOAD — NO PHYSICAL ITEM WILL BE SHIPPED *** You receive high-resolution printable files instantly after purchase. HOW IT WORKS: 1) Purchase 2) Etsy > Your account > Purchases > Download Files 3) Print at home, a local print shop, or an online print service — up to 24x36 in. ╔══════════════╗ ⬇️ DIGITAL DOWNLOAD — INSTANT DOWNLOAD, NO PHYSICAL ITEM IS SHIPPED You receive high-resolution files to print yourself. Frame & decor not included. ╚══════════════╝ 📥 HOW TO DOWNLOAD: 1) After purchase, go to Etsy.com → You → Purchases & reviews (on the app: You → Purchases). 2) Find this order → tap “Download Files”. 3) Save the high-resolution file(s) to your device. (Downloads are available right after payment clears.) 🖨️ HOW TO PRINT: • Print at home, a local print shop, or an online service (e.g. photo/office print, Printful, etc.). • Files are 300 DPI, high resolution — sharp at",https://canvasminiart.site/p/4526497031.html,https://i.etsystatic.com/65245102/r/il/b6ce5c/8216104629/il_fullxfull.8216104629_9bx8.jpg,8.99 USD,in stock,new,MiniCanvasArt,"Home & Garden > Decor > Artwork > Posters, Prints, & Visual Artwork",Samurai & Warriors
4526505698,Cossack Watching Eagle over Steppe Kurgan | Black White Ink Art | Printable Wall Art | Instant Download,"A Cossack stands on a high steppe mound watching an eagle soar overhead. Black & white sumi-e ink with a golden wheat accent - a sweeping, freedom-filled Ukrainian steppe scene. INSTANT DIGITAL DOWNLOAD - no physical item is shipped. You will receive high-resolution files to print yourself at home, a local print shop, or online. Print up to A1 / 24x36 in at 300 DPI. For personal use. Frame not included.",https://canvasminiart.site/p/4526505698.html,https://i.etsystatic.com/65245102/r/il/6db129/8216103231/il_fullxfull.8216103231_ol4x.jpg,8.99 USD,in stock,new,MiniCanvasArt,"Home & Garden > Decor > Artwork > Posters, Prints, & Visual Artwork",Ukrainian Cossacks
4526505166,Cossack Beside Great Oak in Steppe Storm | Black White Ink Art | Printable Wall Art | Instant Download,"A Cossack stands steadfast beside a gnarled old oak as a storm gathers over the steppe. Dramatic black & white sumi-e ink with a soft blue break of sky - bold, moody Ukrainian wall art. INSTANT DIGITAL DOWNLOAD - no physical item is shipped. You will receive high-resolution files to print yourself at home, a local print shop, or online. Print up to A1 / 24x36 in at 300 DPI. For personal use. Frame not included.",https://canvasminiart.site/p/4526505166.html,https://i.etsystatic.com/65245102/r/il/54781a/8168170248/il_fullxfull.8168170248_pcg6.jpg,8.99 USD,in stock,new,MiniCanvasArt,"Home & Garden > Decor > Artwork > Posters, Prints, & Visual Artwork",Ukrainian Cossacks
4526495561,Old Ukrainian Cossack Singing a Duma | Black White Ink Sumi-e Art | Printable Wall Art | Instant Download,"An old Cossack stands with hand on heart, eyes closed, singing a duma. Black & white ink with a golden wheat accent - a moving, emotional piece honoring Ukrainian song and memory. INSTANT DIGITAL DOWNLOAD - no physical item is shipped. You will receive high-resolution files to print yourself at home, a local print shop, or online. Print up to A1 / 24x36 in at 300 DPI. For personal use. Frame not included.",https://canvasminiart.site/p/4526495561.html,https://i.etsystatic.com/65245102/r/il/ffebbe/8168168646/il_fullxfull.8168168646_gvvb.jpg,8.99 USD,in stock,new,MiniCanvasArt,"Home & Garden > Decor > Artwork > Posters, Prints, & Visual Artwork",Ukrainian Cossacks
4526494349,Ronin Samurai Snowy Mountain Pass Ink Art Print (Digital Download),"*** DIGITAL DOWNLOAD — NO PHYSICAL ITEM WILL BE SHIPPED *** You receive high-resolution printable files instantly after purchase. HOW IT WORKS: 1) Purchase 2) Etsy > Your account > Purchases > Download Files 3) Print at home, a local print shop, or an online print service — up to 24x36 in. ╔══════════════╗ ⬇️ DIGITAL DOWNLOAD — INSTANT DOWNLOAD, NO PHYSICAL ITEM IS SHIPPED You receive high-resolution files to print yourself. Frame & decor not included. ╚══════════════╝ 📥 HOW TO DOWNLOAD: 1) After purchase, go to Etsy.com → You → Purchases & reviews (on the app: You → Purchases). 2) Find this order → tap “Download Files”. 3) Save the high-resolution file(s) to your device. (Downloads are available right after payment clears.) 🖨️ HOW TO PRINT: • Print at home, a local print shop, or an online service (e.g. photo/office print, Printful, etc.). • Files are 300 DPI, high resolution — sharp at",https://canvasminiart.site/p/4526494349.html,https://i.etsystatic.com/65245102/r/il/02560a/8168163908/il_fullxfull.8168163908_ay2h.jpg,8.99 USD,in stock,new,MiniCanvasArt,"Home & Garden > Decor > Artwork > Posters, Prints, & Visual Artwork",Samurai & Warriors
4526484303,Ronin Samurai Crossing Bridge in Rain | Black White Red Ink Art | Printable Wall Art | Instant Download,"*** DIGITAL DOWNLOAD — NO PHYSICAL ITEM WILL BE SHIPPED *** You receive high-resolution printable files instantly after purchase. HOW IT WORKS: 1) Purchase 2) Etsy > Your account > Purchases > Download Files 3) Print at home, a local print shop, or an online print service — up to 24x36 in. ╔══════════════╗ ⬇️ DIGITAL DOWNLOAD — INSTANT DOWNLOAD, NO PHYSICAL ITEM IS SHIPPED You receive high-resolution files to print yourself. Frame & decor not included. ╚══════════════╝ 📥 HOW TO DOWNLOAD: 1) After purchase, go to Etsy.com → You → Purchases & reviews (on the app: You → Purchases). 2) Find this order → tap “Download Files”. 3) Save the high-resolution file(s) to your device. (Downloads are available right after payment clears.) 🖨️ HOW TO PRINT: • Print at home, a local print shop, or an online service (e.g. photo/office print, Printful, etc.). • Files are 300 DPI, high resolution — sharp at",https://canvasminiart.site/p/4526484303.html,https://i.etsystatic.com/65245102/r/il/a7cf31/8168143522/il_fullxfull.8168143522_hkze.jpg,8.99 USD,in stock,new,MiniCanvasArt,"Home & Garden > Decor > Artwork > Posters, Prints, & Visual Artwork",Samurai & Warriors
4526482821,Wandering Ronin Samurai on Road at Dusk | Black White Red Sun Ink Art | Printable Wall Art | Instant Download,"*** DIGITAL DOWNLOAD — NO PHYSICAL ITEM WILL BE SHIPPED *** You receive high-resolution printable files instantly after purchase. HOW IT WORKS: 1) Purchase 2) Etsy > Your account > Purchases > Download Files 3) Print at home, a local print shop, or an online print service — up to 24x36 in. ╔══════════════╗ ⬇️ DIGITAL DOWNLOAD — INSTANT DOWNLOAD, NO PHYSICAL ITEM IS SHIPPED You receive high-resolution files to print yourself. Frame & decor not included. ╚══════════════╝ 📥 HOW TO DOWNLOAD: 1) After purchase, go to Etsy.com → You → Purchases & reviews (on the app: You → Purchases). 2) Find this order → tap “Download Files”. 3) Save the high-resolution file(s) to your device. (Downloads are available right after payment clears.) 🖨️ HOW TO PRINT: • Print at home, a local print shop, or an online service (e.g. photo/office print, Printful, etc.). • Files are 300 DPI, high resolution — sharp at",https://canvasminiart.site/p/4526482821.html,https://i.etsystatic.com/65245102/r/il/542c26/8216072769/il_fullxfull.8216072769_60u3.jpg,8.99 USD,in stock,new,MiniCanvasArt,"Home & Garden > Decor > Artwork > Posters, Prints, & Visual Artwork",Samurai & Warriors
4526487284,Cossack and Wooden Steppe Church at Dawn | Black White Ink Art | Printable Wall Art | Instant Download,"A Cossack on horseback pauses before a small three-domed wooden steppe church at dawn. Black & white ink with a warm golden dome accent - peaceful Ukrainian heritage and faith wall art. INSTANT DIGITAL DOWNLOAD - no physical item is shipped. You will receive high-resolution files to print yourself at home, a local print shop, or online. Print up to A1 / 24x36 in at 300 DPI. For personal use. Frame not included.",https://canvasminiart.site/p/4526487284.html,https://i.etsystatic.com/65245102/r/il/07f424/8168132536/il_fullxfull.8168132536_h6cg.jpg,8.99 USD,in stock,new,MiniCanvasArt,"Home & Garden > Decor > Artwork > Posters, Prints, & Visual Artwork",Ukrainian Cossacks
4526481280,Ukrainian Cossack Winter Ride Ink Art Print | Snowy Steppe Wall Art (Digital Download),"A Cossack rides through a quiet, snow-covered winter steppe. Black & white sumi-e ink with a single crimson sash accent - atmospheric, serene winter wall art with Ukrainian heritage. INSTANT DIGITAL DOWNLOAD - no physical item is shipped. You will receive high-resolution files to print yourself at home, a local print shop, or online. Print up to A1 / 24x36 in at 300 DPI. For personal use. Frame not included.",https://canvasminiart.site/p/4526481280.html,https://i.etsystatic.com/65245102/r/il/f9ce8e/8168117868/il_fullxfull.8168117868_a5sw.jpg,8.99 USD,in stock,new,MiniCanvasArt,"Home & Garden > Decor > Artwork > Posters, Prints, & Visual Artwork",Ukrainian Cossacks
4526465461,Cossack Rowing Chaika Boat on Dnipro River | Black White Ink Art | Printable Wall Art | Instant Download,"A Cossack rows a traditional chaika boat across the wide, misty Dnipro river. Black & white sumi-e ink with a soft blue water accent - tranquil Ukrainian river and heritage wall art. INSTANT DIGITAL DOWNLOAD - no physical item is shipped. You will receive high-resolution files to print yourself at home, a local print shop, or online. Print up to A1 / 24x36 in at 300 DPI. For personal use. Frame not included.",https://canvasminiart.site/p/4526465461.html,https://i.etsystatic.com/65245102/r/il/787ecd/8168115260/il_fullxfull.8168115260_l92r.jpg,8.99 USD,in stock,new,MiniCanvasArt,"Home & Garden > Decor > Artwork > Posters, Prints, & Visual Artwork",Ukrainian Cossacks
4526470407,Ukrainian Cossack Hopak Dance Leap | Dynamic Black White Ink Art | Printable Wall Art | Instant Download,"A Cossack mid-leap in an energetic hopak dance, full of motion and joy. Bold black & white sumi-e ink with a single crimson sash accent - lively Ukrainian folk-culture wall art. INSTANT DIGITAL DOWNLOAD - no physical item is shipped. You will receive high-resolution files to print yourself at home, a local print shop, or online. Print up to A1 / 24x36 in at 300 DPI. For personal use. Frame not included.",https://canvasminiart.site/p/4526470407.html,https://i.etsystatic.com/65245102/r/il/47d6fa/8168112554/il_fullxfull.8168112554_5tfp.jpg,8.99 USD,in stock,new,MiniCanvasArt,"Home & Garden > Decor > Artwork > Posters, Prints, & Visual Artwork",Ukrainian Cossacks
4526475360,Ukrainian Cossack Winter Ride Snowy Steppe | Black White Ink Art | Printable Wall Art | Instant Download,"A Cossack rides through a quiet, snow-covered winter steppe. Black & white sumi-e ink with a single crimson sash accent - atmospheric, serene winter wall art with Ukrainian heritage. INSTANT DIGITAL DOWNLOAD - no physical item is shipped. You will receive high-resolution files to print yourself at home, a local print shop, or online. Print up to A1 / 24x36 in at 300 DPI. For personal use. Frame not included.",https://canvasminiart.site/p/4526475360.html,https://i.etsystatic.com/65245102/r/il/8fbd63/8216033683/il_fullxfull.8216033683_l55d.jpg,8.99 USD,in stock,new,MiniCanvasArt,"Home & Garden > Decor > Artwork > Posters, Prints, & Visual Artwork",Ukrainian Cossacks
4526463617,Ukrainian Cossack Saber Charge on Horseback | Black White Red Ink Art | Printable Wall Art | Instant Download,"A Cossack gallops across the steppe with saber raised high - dynamic black & white sumi-e ink with one bold crimson accent on his sash. Powerful warrior wall art honoring Ukrainian Cossack spirit. INSTANT DIGITAL DOWNLOAD - no physical item is shipped. You will receive high-resolution files to print yourself at home, a local print shop, or online. Print up to A1 / 24x36 in at 300 DPI. For personal use. Frame not included.",https://canvasminiart.site/p/4526463617.html,https://i.etsystatic.com/65245102/r/il/34676a/8168093156/il_fullxfull.8168093156_th5z.jpg,8.99 USD,in stock,new,MiniCanvasArt,"Home & Garden > Decor > Artwork > Posters, Prints, & Visual Artwork",Ukrainian Cossacks
4526448835,Ukrainian Cossack Playing Kobza at Night | Black White Ink Starry Steppe | Printable Wall Art | Instant Download,"A lone Ukrainian Cossack plays the kobza beneath a vast starry steppe sky. Black & white sumi-e ink with a single soft-blue accent in the stars - a quiet, soulful piece celebrating Cossack heritage and music. INSTANT DIGITAL DOWNLOAD - no physical item is shipped. You will receive high-resolution files to print yourself at home, a local print shop, or online. Print up to A1 / 24x36 in at 300 DPI. For personal use. Frame not included.",https://canvasminiart.site/p/4526448835.html,https://i.etsystatic.com/65245102/r/il/23379a/8168090496/il_fullxfull.8168090496_aj8y.jpg,8.99 USD,in stock,new,MiniCanvasArt,"Home & Garden > Decor > Artwork > Posters, Prints, & Visual Artwork",Ukrainian Cossacks
4526461418,Ukrainian Cossack with Falcon on Steppe | Black White Ink Sumi-e Art | Printable Wall Art | Instant Download,"A Cossack stands calmly with a falcon perched on his outstretched arm in the open steppe. Black & white ink with a subtle golden wheat accent - a noble, serene tribute to freedom and the Ukrainian steppe. INSTANT DIGITAL DOWNLOAD - no physical item is shipped. You will receive high-resolution files to print yourself at home, a local print shop, or online. Print up to A1 / 24x36 in at 300 DPI. For personal use. Frame not included.",https://canvasminiart.site/p/4526461418.html,https://i.etsystatic.com/65245102/r/il/e0f41a/8216015813/il_fullxfull.8216015813_20ve.jpg,8.99 USD,in stock,new,MiniCanvasArt,"Home & Garden > Decor > Artwork > Posters, Prints, & Visual Artwork",Ukrainian Cossacks
4523873481,Dragon Moon Ink Art Print | Black White Red Japandi Zen Decor (Digital Download),"An Eastern dragon coils around a great pale moon among soft clouds in flowing black-and-white sumi-e ink, its eye glowing vivid red — myth and night. A serene yet powerful piece for a living room, office or bedroom. ──────────────────── ✦ WHAT YOU'LL RECEIVE • 1 high-resolution PDF at 300 DPI, true 2:3 aspect ratio • Prints crisp at US sizes: 4×6, 6×9, 8×12, 12×18, 16×24, 20×30, 24×36 in • Plus international ISO sizes: A5, A4, A3, A2, A1 • A built-in printable size & quick-start guide page • INSTANT digital download — nothing is shipped ✦ HOW TO PRINT (pro tips) • Print at home, a local print shop, or online (Printique, WhiteWall, Staples, Shutterfly) • In the print dialog choose “Scale/Fit to size” and select your paper • Matte or fine-art paper gives the most authentic ink look; for large A2/A1 use heavyweight matte for a gallery feel ✦ DETAILS • Original ink-wash artwork, AI-assisted,",https://canvasminiart.site/p/4523873481.html,https://i.etsystatic.com/65245102/r/il/3a6848/8198430915/il_fullxfull.8198430915_iv8q.jpg,8.99 USD,in stock,new,MiniCanvasArt,"Home & Garden > Decor > Artwork > Posters, Prints, & Visual Artwork",Dragons & Mythical
4523872965,Minimalist Dragon Ink Art Print | Black White Red Zen Wall Art (Digital Download),"A single Eastern dragon rendered in a few confident sweeping brushstrokes against vast empty space, a small flaming pearl glowing vivid red — pure, breathing minimalism. A refined piece for an office, living room or bedroom. ──────────────────── ✦ WHAT YOU'LL RECEIVE • 1 high-resolution PDF at 300 DPI, true 2:3 aspect ratio • Prints crisp at US sizes: 4×6, 6×9, 8×12, 12×18, 16×24, 20×30, 24×36 in • Plus international ISO sizes: A5, A4, A3, A2, A1 • A built-in printable size & quick-start guide page • INSTANT digital download — nothing is shipped ✦ HOW TO PRINT (pro tips) • Print at home, a local print shop, or online (Printique, WhiteWall, Staples, Shutterfly) • In the print dialog choose “Scale/Fit to size” and select your paper • Matte or fine-art paper gives the most authentic ink look; for large A2/A1 use heavyweight matte for a gallery feel ✦ DETAILS • Original ink-wash artwork, AI-",https://canvasminiart.site/p/4523872965.html,https://i.etsystatic.com/65245102/r/il/1b5fb9/8150511136/il_fullxfull.8150511136_6y4c.jpg,8.99 USD,in stock,new,MiniCanvasArt,"Home & Garden > Decor > Artwork > Posters, Prints, & Visual Artwork",Dragons & Mythical
4523872413,Two Dragons Ink Art Print | Black White Red Japandi Zen Decor (Digital Download),"Two Eastern dragons intertwine and circle among clouds in flowing black-and-white sumi-e ink, a flaming pearl between them glowing vivid red — balance of forces. A dynamic piece for a living room, office or bedroom. ──────────────────── ✦ WHAT YOU'LL RECEIVE • 1 high-resolution PDF at 300 DPI, true 2:3 aspect ratio • Prints crisp at US sizes: 4×6, 6×9, 8×12, 12×18, 16×24, 20×30, 24×36 in • Plus international ISO sizes: A5, A4, A3, A2, A1 • A built-in printable size & quick-start guide page • INSTANT digital download — nothing is shipped ✦ HOW TO PRINT (pro tips) • Print at home, a local print shop, or online (Printique, WhiteWall, Staples, Shutterfly) • In the print dialog choose “Scale/Fit to size” and select your paper • Matte or fine-art paper gives the most authentic ink look; for large A2/A1 use heavyweight matte for a gallery feel ✦ DETAILS • Original ink-wash artwork, AI-assisted,",https://canvasminiart.site/p/4523872413.html,https://i.etsystatic.com/65245102/r/il/377788/8150507004/il_fullxfull.8150507004_3u64.jpg,8.99 USD,in stock,new,MiniCanvasArt,"Home & Garden > Decor > Artwork > Posters, Prints, & Visual Artwork",Dragons & Mythical
4523871869,Dragon Chasing Pearl Ink Print | Black White Red Japandi Wall Art (Digital Download),"An Eastern dragon chases a flaming pearl through swirling clouds in dynamic black-and-white sumi-e ink, the pearl glowing vivid red — eternal pursuit. A captivating piece for a living room, office or bedroom. ──────────────────── ✦ WHAT YOU'LL RECEIVE • 1 high-resolution PDF at 300 DPI, true 2:3 aspect ratio • Prints crisp at US sizes: 4×6, 6×9, 8×12, 12×18, 16×24, 20×30, 24×36 in • Plus international ISO sizes: A5, A4, A3, A2, A1 • A built-in printable size & quick-start guide page • INSTANT digital download — nothing is shipped ✦ HOW TO PRINT (pro tips) • Print at home, a local print shop, or online (Printique, WhiteWall, Staples, Shutterfly) • In the print dialog choose “Scale/Fit to size” and select your paper • Matte or fine-art paper gives the most authentic ink look; for large A2/A1 use heavyweight matte for a gallery feel ✦ DETAILS • Original ink-wash artwork, AI-assisted, exclus",https://canvasminiart.site/p/4523871869.html,https://i.etsystatic.com/65245102/r/il/2af8cc/8150502726/il_fullxfull.8150502726_cn9a.jpg,8.99 USD,in stock,new,MiniCanvasArt,"Home & Garden > Decor > Artwork > Posters, Prints, & Visual Artwork",Dragons & Mythical
4523879014,Dragon Head Ink Print | Black White Red Sumi-e Art (Digital Download),"A fierce Eastern dragon head with flowing whiskers fills the frame in expressive black-and-white sumi-e ink, its eye glowing vivid red — intensity and presence. A bold piece for an office, living room or man cave. ──────────────────── ✦ WHAT YOU'LL RECEIVE • 1 high-resolution PDF at 300 DPI, true 2:3 aspect ratio • Prints crisp at US sizes: 4×6, 6×9, 8×12, 12×18, 16×24, 20×30, 24×36 in • Plus international ISO sizes: A5, A4, A3, A2, A1 • A built-in printable size & quick-start guide page • INSTANT digital download — nothing is shipped ✦ HOW TO PRINT (pro tips) • Print at home, a local print shop, or online (Printique, WhiteWall, Staples, Shutterfly) • In the print dialog choose “Scale/Fit to size” and select your paper • Matte or fine-art paper gives the most authentic ink look; for large A2/A1 use heavyweight matte for a gallery feel ✦ DETAILS • Original ink-wash artwork, AI-assisted, e",https://canvasminiart.site/p/4523879014.html,https://i.etsystatic.com/65245102/r/il/bdb018/8198414213/il_fullxfull.8198414213_5txl.jpg,8.99 USD,in stock,new,MiniCanvasArt,"Home & Garden > Decor > Artwork > Posters, Prints, & Visual Artwork",Dragons & Mythical
4523878538,Dragon Misty Mountains Ink Print | Black White Red Sun Japandi Decor (Digital Download),"An Eastern dragon soars above misty mountains in atmospheric black-and-white sumi-e ink, a round sun glowing vivid red — myth and landscape as one. A grand piece for a living room, office or bedroom. ──────────────────── ✦ WHAT YOU'LL RECEIVE • 1 high-resolution PDF at 300 DPI, true 2:3 aspect ratio • Prints crisp at US sizes: 4×6, 6×9, 8×12, 12×18, 16×24, 20×30, 24×36 in • Plus international ISO sizes: A5, A4, A3, A2, A1 • A built-in printable size & quick-start guide page • INSTANT digital download — nothing is shipped ✦ HOW TO PRINT (pro tips) • Print at home, a local print shop, or online (Printique, WhiteWall, Staples, Shutterfly) • In the print dialog choose “Scale/Fit to size” and select your paper • Matte or fine-art paper gives the most authentic ink look; for large A2/A1 use heavyweight matte for a gallery feel ✦ DETAILS • Original ink-wash artwork, AI-assisted, exclusive to Mi",https://canvasminiart.site/p/4523878538.html,https://i.etsystatic.com/65245102/r/il/2fcb90/8150494802/il_fullxfull.8150494802_ldzs.jpg,8.99 USD,in stock,new,MiniCanvasArt,"Home & Garden > Decor > Artwork > Posters, Prints, & Visual Artwork",Dragons & Mythical
4523870389,Dragon Circle Ink Print | Black White Red Japandi Wall Art (Digital Download),"An Eastern dragon curls into an elegant circle in flowing black-and-white sumi-e ink, the flaming pearl at its center glowing vivid red — harmony and power. A balanced piece for a living room, study or bedroom. ──────────────────── ✦ WHAT YOU'LL RECEIVE • 1 high-resolution PDF at 300 DPI, true 2:3 aspect ratio • Prints crisp at US sizes: 4×6, 6×9, 8×12, 12×18, 16×24, 20×30, 24×36 in • Plus international ISO sizes: A5, A4, A3, A2, A1 • A built-in printable size & quick-start guide page • INSTANT digital download — nothing is shipped ✦ HOW TO PRINT (pro tips) • Print at home, a local print shop, or online (Printique, WhiteWall, Staples, Shutterfly) • In the print dialog choose “Scale/Fit to size” and select your paper • Matte or fine-art paper gives the most authentic ink look; for large A2/A1 use heavyweight matte for a gallery feel ✦ DETAILS • Original ink-wash artwork, AI-assisted, excl",https://canvasminiart.site/p/4523870389.html,https://i.etsystatic.com/65245102/r/il/ad803b/8150491006/il_fullxfull.8150491006_cjdq.jpg,8.99 USD,in stock,new,MiniCanvasArt,"Home & Garden > Decor > Artwork > Posters, Prints, & Visual Artwork",Dragons & Mythical
4523869855,Dragon Ocean Waves Ink Print | Black White Red Minimalist Japandi Decor (Digital Download),"An Eastern dragon surges from crashing waves in bold black-and-white sumi-e ink, its eye glowing vivid red — raw force and grace. A dramatic piece for a living room, office or bedroom. ──────────────────── ✦ WHAT YOU'LL RECEIVE • 1 high-resolution PDF at 300 DPI, true 2:3 aspect ratio • Prints crisp at US sizes: 4×6, 6×9, 8×12, 12×18, 16×24, 20×30, 24×36 in • Plus international ISO sizes: A5, A4, A3, A2, A1 • A built-in printable size & quick-start guide page • INSTANT digital download — nothing is shipped ✦ HOW TO PRINT (pro tips) • Print at home, a local print shop, or online (Printique, WhiteWall, Staples, Shutterfly) • In the print dialog choose “Scale/Fit to size” and select your paper • Matte or fine-art paper gives the most authentic ink look; for large A2/A1 use heavyweight matte for a gallery feel ✦ DETAILS • Original ink-wash artwork, AI-assisted, exclusive to MiniCanvasArt • C",https://canvasminiart.site/p/4523869855.html,https://i.etsystatic.com/65245102/r/il/c6df22/8198402217/il_fullxfull.8198402217_mu4o.jpg,8.99 USD,in stock,new,MiniCanvasArt,"Home & Garden > Decor > Artwork > Posters, Prints, & Visual Artwork",Dragons & Mythical
4523877090,Ascending Dragon Ink | Black White Red Minimalist Wall Art | Printable Digital Download | Japandi Zen Decor,"An Eastern dragon ascends powerfully through mist in sweeping black-and-white sumi-e ink, the flaming pearl glowing vivid red — ambition and strength. A striking piece for an office, living room or bedroom. ──────────────────── ✦ WHAT YOU'LL RECEIVE • 1 high-resolution PDF at 300 DPI, true 2:3 aspect ratio • Prints crisp at US sizes: 4×6, 6×9, 8×12, 12×18, 16×24, 20×30, 24×36 in • Plus international ISO sizes: A5, A4, A3, A2, A1 • A built-in printable size & quick-start guide page • INSTANT digital download — nothing is shipped ✦ HOW TO PRINT (pro tips) • Print at home, a local print shop, or online (Printique, WhiteWall, Staples, Shutterfly) • In the print dialog choose “Scale/Fit to size” and select your paper • Matte or fine-art paper gives the most authentic ink look; for large A2/A1 use heavyweight matte for a gallery feel ✦ DETAILS • Original ink-wash artwork, AI-assisted, exclusiv",https://canvasminiart.site/p/4523877090.html,https://i.etsystatic.com/65245102/r/il/a73c56/8198397671/il_fullxfull.8198397671_gjws.jpg,8.99 USD,in stock,new,MiniCanvasArt,"Home & Garden > Decor > Artwork > Posters, Prints, & Visual Artwork",Dragons & Mythical
4523868733,Eastern Dragon Clouds Ink | Black White Red Minimalist Wall Art | Printable Digital Download | Japandi Zen Decor,"A majestic Eastern dragon coils through storm clouds in bold black-and-white sumi-e ink, the flaming pearl glowing vivid red — power and mystery. A commanding focal point for a living room, office or bedroom, with exactly the one-accent look modern interiors love. ──────────────────── ✦ WHAT YOU'LL RECEIVE • 1 high-resolution PDF at 300 DPI, true 2:3 aspect ratio • Prints crisp at US sizes: 4×6, 6×9, 8×12, 12×18, 16×24, 20×30, 24×36 in • Plus international ISO sizes: A5, A4, A3, A2, A1 • A built-in printable size & quick-start guide page • INSTANT digital download — nothing is shipped ✦ HOW TO PRINT (pro tips) • Print at home, a local print shop, or online (Printique, WhiteWall, Staples, Shutterfly) • In the print dialog choose “Scale/Fit to size” and select your paper • Matte or fine-art paper gives the most authentic ink look; for large A2/A1 use heavyweight matte for a gallery feel ✦ ",https://canvasminiart.site/p/4523868733.html,https://i.etsystatic.com/65245102/r/il/267f90/8150478540/il_fullxfull.8150478540_ncsj.jpg,8.99 USD,in stock,new,MiniCanvasArt,"Home & Garden > Decor > Artwork > Posters, Prints, & Visual Artwork",Dragons & Mythical
4523869630,Cossack by Campfire Steppe Ink | Black White Wall Art | Printable Digital Download | Ukrainian Folk Decor,"A lone Cossack sits by a small campfire at dusk in the quiet steppe, his horse nearby, in expressive black-and-white ink, the flame glowing soft gold — solitude, warmth and the open night. A soulful piece for a living room, study or bedroom. ──────────────────── ✦ WHAT YOU'LL RECEIVE • 1 high-resolution PDF at 300 DPI, true 2:3 aspect ratio • Prints crisp at US sizes: 4×6, 6×9, 8×12, 12×18, 16×24, 20×30, 24×36 in • Plus international ISO sizes: A5, A4, A3, A2, A1 • A built-in printable size & quick-start guide page • INSTANT digital download — nothing is shipped ✦ HOW TO PRINT (pro tips) • Print at home, a local print shop, or online (Printique, WhiteWall, Staples, Shutterfly) • In the print dialog choose “Scale/Fit to size” and select your paper • Matte or fine-art paper gives the most authentic ink look; for large A2/A1 use heavyweight matte for a gallery feel ✦ DETAILS • Original ink-",https://canvasminiart.site/p/4523869630.html,https://i.etsystatic.com/65245102/r/il/96b6ad/8150421098/il_fullxfull.8150421098_kxgl.jpg,8.99 USD,in stock,new,MiniCanvasArt,"Home & Garden > Decor > Artwork > Posters, Prints, & Visual Artwork",Ukrainian Cossacks
4523869156,Cossack Windmill Steppe Ink Print | Black White Ukrainian Folk Art (Digital Download),"A Cossack walks near a traditional wooden windmill on a steppe hill in expressive black-and-white ink, a few golden wheat ears in the foreground — the old rhythms of the land. A serene piece for a living room, study or office. ──────────────────── ✦ WHAT YOU'LL RECEIVE • 1 high-resolution PDF at 300 DPI, true 2:3 aspect ratio • Prints crisp at US sizes: 4×6, 6×9, 8×12, 12×18, 16×24, 20×30, 24×36 in • Plus international ISO sizes: A5, A4, A3, A2, A1 • A built-in printable size & quick-start guide page • INSTANT digital download — nothing is shipped ✦ HOW TO PRINT (pro tips) • Print at home, a local print shop, or online (Printique, WhiteWall, Staples, Shutterfly) • In the print dialog choose “Scale/Fit to size” and select your paper • Matte or fine-art paper gives the most authentic ink look; for large A2/A1 use heavyweight matte for a gallery feel ✦ DETAILS • Original ink-wash artwork, A",https://canvasminiart.site/p/4523869156.html,https://i.etsystatic.com/65245102/r/il/bd2b06/8198332089/il_fullxfull.8198332089_bcix.jpg,8.99 USD,in stock,new,MiniCanvasArt,"Home & Garden > Decor > Artwork > Posters, Prints, & Visual Artwork",Ukrainian Cossacks
4523860741,Cossack Among Sunflowers Ink | Black White Wall Art | Printable Digital Download | Ukrainian Folk Decor,"A Cossack stands thoughtfully among tall sunflowers in the steppe in expressive black-and-white ink, the blooms glowing soft gold — summer, home and quiet belonging. A warm, uplifting piece for a living room, kitchen or bedroom. ──────────────────── ✦ WHAT YOU'LL RECEIVE • 1 high-resolution PDF at 300 DPI, true 2:3 aspect ratio • Prints crisp at US sizes: 4×6, 6×9, 8×12, 12×18, 16×24, 20×30, 24×36 in • Plus international ISO sizes: A5, A4, A3, A2, A1 • A built-in printable size & quick-start guide page • INSTANT digital download — nothing is shipped ✦ HOW TO PRINT (pro tips) • Print at home, a local print shop, or online (Printique, WhiteWall, Staples, Shutterfly) • In the print dialog choose “Scale/Fit to size” and select your paper • Matte or fine-art paper gives the most authentic ink look; for large A2/A1 use heavyweight matte for a gallery feel ✦ DETAILS • Original ink-wash artwork,",https://canvasminiart.site/p/4523860741.html,https://i.etsystatic.com/65245102/r/il/34c5b6/8150414132/il_fullxfull.8150414132_qc8q.jpg,8.99 USD,in stock,new,MiniCanvasArt,"Home & Garden > Decor > Artwork > Posters, Prints, & Visual Artwork",Ukrainian Cossacks
4523860277,Cossack at the Well Steppe Ink | Black White Wall Art | Printable Digital Download | Ukrainian Folk Decor,"A Cossack draws water at a traditional sweep-well in the open steppe in expressive black-and-white ink, the bucket water glowing soft blue — village life and quiet labor. A characterful piece for a kitchen, living room or study. ──────────────────── ✦ WHAT YOU'LL RECEIVE • 1 high-resolution PDF at 300 DPI, true 2:3 aspect ratio • Prints crisp at US sizes: 4×6, 6×9, 8×12, 12×18, 16×24, 20×30, 24×36 in • Plus international ISO sizes: A5, A4, A3, A2, A1 • A built-in printable size & quick-start guide page • INSTANT digital download — nothing is shipped ✦ HOW TO PRINT (pro tips) • Print at home, a local print shop, or online (Printique, WhiteWall, Staples, Shutterfly) • In the print dialog choose “Scale/Fit to size” and select your paper • Matte or fine-art paper gives the most authentic ink look; for large A2/A1 use heavyweight matte for a gallery feel ✦ DETAILS • Original ink-wash artwork,",https://canvasminiart.site/p/4523860277.html,https://i.etsystatic.com/65245102/r/il/efbc7f/8198325371/il_fullxfull.8198325371_d3hq.jpg,8.99 USD,in stock,new,MiniCanvasArt,"Home & Garden > Decor > Artwork > Posters, Prints, & Visual Artwork",Ukrainian Cossacks
4523859787,Kobzar on the Road Poplars Ink | Black White Wall Art | Printable Digital Download | Ukrainian Folk Decor,"A blind kobzar walks a country road lined with tall poplars, playing his kobza in expressive black-and-white ink, a few wheat ears glowing soft gold — the wandering song of the steppe. A poetic piece for a living room, study or music room. ──────────────────── ✦ WHAT YOU'LL RECEIVE • 1 high-resolution PDF at 300 DPI, true 2:3 aspect ratio • Prints crisp at US sizes: 4×6, 6×9, 8×12, 12×18, 16×24, 20×30, 24×36 in • Plus international ISO sizes: A5, A4, A3, A2, A1 • A built-in printable size & quick-start guide page • INSTANT digital download — nothing is shipped ✦ HOW TO PRINT (pro tips) • Print at home, a local print shop, or online (Printique, WhiteWall, Staples, Shutterfly) • In the print dialog choose “Scale/Fit to size” and select your paper • Matte or fine-art paper gives the most authentic ink look; for large A2/A1 use heavyweight matte for a gallery feel ✦ DETAILS • Original ink-wa",https://canvasminiart.site/p/4523859787.html,https://i.etsystatic.com/65245102/r/il/31fac9/8198321865/il_fullxfull.8198321865_b6l3.jpg,8.99 USD,in stock,new,MiniCanvasArt,"Home & Garden > Decor > Artwork > Posters, Prints, & Visual Artwork",Ukrainian Cossacks
4523859307,Cossack Resting Under Oak Ink Print | Ukrainian Folk Art (Digital Download),"A Cossack rests peacefully beneath a great old oak in the steppe in expressive black-and-white ink, a few sunlit leaves glowing soft gold — rest, shade and the slow afternoon. A calming piece for a bedroom, living room or study. ──────────────────── ✦ WHAT YOU'LL RECEIVE • 1 high-resolution PDF at 300 DPI, true 2:3 aspect ratio • Prints crisp at US sizes: 4×6, 6×9, 8×12, 12×18, 16×24, 20×30, 24×36 in • Plus international ISO sizes: A5, A4, A3, A2, A1 • A built-in printable size & quick-start guide page • INSTANT digital download — nothing is shipped ✦ HOW TO PRINT (pro tips) • Print at home, a local print shop, or online (Printique, WhiteWall, Staples, Shutterfly) • In the print dialog choose “Scale/Fit to size” and select your paper • Matte or fine-art paper gives the most authentic ink look; for large A2/A1 use heavyweight matte for a gallery feel ✦ DETAILS • Original ink-wash artwork,",https://canvasminiart.site/p/4523859307.html,https://i.etsystatic.com/65245102/r/il/3a8d05/8150403760/il_fullxfull.8150403760_7yjh.jpg,8.99 USD,in stock,new,MiniCanvasArt,"Home & Garden > Decor > Artwork > Posters, Prints, & Visual Artwork",Ukrainian Cossacks
4523866856,Cossack Horse River Ink Art | Black White Minimalist Ukrainian Wall Decor (Digital Download),"A Cossack stands with his horse drinking at a calm river in the steppe, expressive black-and-white ink with the water glowing soft blue — a peaceful pause on the journey. A serene piece for a living room, bedroom or office. ──────────────────── ✦ WHAT YOU'LL RECEIVE • 1 high-resolution PDF at 300 DPI, true 2:3 aspect ratio • Prints crisp at US sizes: 4×6, 6×9, 8×12, 12×18, 16×24, 20×30, 24×36 in • Plus international ISO sizes: A5, A4, A3, A2, A1 • A built-in printable size & quick-start guide page • INSTANT digital download — nothing is shipped ✦ HOW TO PRINT (pro tips) • Print at home, a local print shop, or online (Printique, WhiteWall, Staples, Shutterfly) • In the print dialog choose “Scale/Fit to size” and select your paper • Matte or fine-art paper gives the most authentic ink look; for large A2/A1 use heavyweight matte for a gallery feel ✦ DETAILS • Original ink-wash artwork, AI-a",https://canvasminiart.site/p/4523866856.html,https://i.etsystatic.com/65245102/r/il/691756/8198314291/il_fullxfull.8198314291_5pre.jpg,8.99 USD,in stock,new,MiniCanvasArt,"Home & Garden > Decor > Artwork > Posters, Prints, & Visual Artwork",Ukrainian Cossacks
4523858377,Cossack Smoking Pipe Steppe Ink | Black White Wall Art | Printable Digital Download | Ukrainian Folk Decor,"An old Cossack rests and smokes his pipe in the quiet steppe in expressive black-and-white ink, a few golden wheat ears at his side — stillness and weathered wisdom. A warm, soulful piece for a living room, study or office. ──────────────────── ✦ WHAT YOU'LL RECEIVE • 1 high-resolution PDF at 300 DPI, true 2:3 aspect ratio • Prints crisp at US sizes: 4×6, 6×9, 8×12, 12×18, 16×24, 20×30, 24×36 in • Plus international ISO sizes: A5, A4, A3, A2, A1 • A built-in printable size & quick-start guide page • INSTANT digital download — nothing is shipped ✦ HOW TO PRINT (pro tips) • Print at home, a local print shop, or online (Printique, WhiteWall, Staples, Shutterfly) • In the print dialog choose “Scale/Fit to size” and select your paper • Matte or fine-art paper gives the most authentic ink look; for large A2/A1 use heavyweight matte for a gallery feel ✦ DETAILS • Original ink-wash artwork, AI-a",https://canvasminiart.site/p/4523858377.html,https://i.etsystatic.com/65245102/r/il/5749fd/8198310433/il_fullxfull.8198310433_a6ch.jpg,8.99 USD,in stock,new,MiniCanvasArt,"Home & Garden > Decor > Artwork > Posters, Prints, & Visual Artwork",Ukrainian Cossacks
4523865966,Cossack Horseman Steppe Ink | Black White Minimalist Wall Art | Printable Digital Download | Ukrainian Decor,"A lone Cossack rides across a vast misty steppe in expressive black-and-white ink, a thin ribbon of blue river glinting in the distance — quiet freedom and the open land. A calming, evocative piece for a living room, office or bedroom. ──────────────────── ✦ WHAT YOU'LL RECEIVE • 1 high-resolution PDF at 300 DPI, true 2:3 aspect ratio • Prints crisp at US sizes: 4×6, 6×9, 8×12, 12×18, 16×24, 20×30, 24×36 in • Plus international ISO sizes: A5, A4, A3, A2, A1 • A built-in printable size & quick-start guide page • INSTANT digital download — nothing is shipped ✦ HOW TO PRINT (pro tips) • Print at home, a local print shop, or online (Printique, WhiteWall, Staples, Shutterfly) • In the print dialog choose “Scale/Fit to size” and select your paper • Matte or fine-art paper gives the most authentic ink look; for large A2/A1 use heavyweight matte for a gallery feel ✦ DETAILS • Original ink-wash a",https://canvasminiart.site/p/4523865966.html,https://i.etsystatic.com/65245102/r/il/1fe41e/8150391388/il_fullxfull.8150391388_ni86.jpg,8.99 USD,in stock,new,MiniCanvasArt,"Home & Garden > Decor > Artwork > Posters, Prints, & Visual Artwork",Ukrainian Cossacks
4523865498,Cossack Mamai Kobza Ink Print | Ukrainian Folk Minimalist Wall Art (Digital Download),"The legendary Cossack Mamai sits in the steppe playing his kobza in expressive black-and-white ink, a few golden wheat ears glowing softly beside him — soulful and serene. A heartfelt focal point for a living room, study or office, honoring Ukrainian heritage with a quiet, modern touch. ──────────────────── ✦ WHAT YOU'LL RECEIVE • 1 high-resolution PDF at 300 DPI, true 2:3 aspect ratio • Prints crisp at US sizes: 4×6, 6×9, 8×12, 12×18, 16×24, 20×30, 24×36 in • Plus international ISO sizes: A5, A4, A3, A2, A1 • A built-in printable size & quick-start guide page • INSTANT digital download — nothing is shipped ✦ HOW TO PRINT (pro tips) • Print at home, a local print shop, or online (Printique, WhiteWall, Staples, Shutterfly) • In the print dialog choose “Scale/Fit to size” and select your paper • Matte or fine-art paper gives the most authentic ink look; for large A2/A1 use heavyweight matt",https://canvasminiart.site/p/4523865498.html,https://i.etsystatic.com/65245102/r/il/254bdd/8198301917/il_fullxfull.8198301917_plvu.jpg,8.99 USD,in stock,new,MiniCanvasArt,"Home & Garden > Decor > Artwork > Posters, Prints, & Visual Artwork",Ukrainian Cossacks
4523824842,Woman Boat Lotus Pond Ink Art | Black White Red Japandi Print (Digital Download),"A woman drifts in a small boat among lotus leaves on a calm pond in atmospheric black-and-white sumi-e ink, a single lotus glowing vivid red — summer stillness. A soothing piece for a bedroom, bathroom or living room. ──────────────────── ✦ WHAT YOU'LL RECEIVE • 1 high-resolution PDF at 300 DPI, true 2:3 aspect ratio • Prints crisp at US sizes: 4×6, 6×9, 8×12, 12×18, 16×24, 20×30, 24×36 in • Plus international ISO sizes: A5, A4, A3, A2, A1 • A built-in printable size & quick-start guide page • INSTANT digital download — nothing is shipped ✦ HOW TO PRINT (pro tips) • Print at home, a local print shop, or online (Printique, WhiteWall, Staples, Shutterfly) • In the print dialog choose “Scale/Fit to size” and select your paper • Matte or fine-art paper gives the most authentic ink look; for large A2/A1 use heavyweight matte for a gallery feel ✦ DETAILS • Original ink-wash artwork, AI-assiste",https://canvasminiart.site/p/4523824842.html,https://i.etsystatic.com/65245102/r/il/48f9ef/8197979145/il_fullxfull.8197979145_orj5.jpg,8.99 USD,in stock,new,MiniCanvasArt,"Home & Garden > Decor > Artwork > Posters, Prints, & Visual Artwork",Florals & Botanical
4523815453,Pilgrim Torii Gate Steps Ink Art | Black White Red Japandi Print (Digital Download),"A lone pilgrim climbs stone steps toward a torii gate on a misty mountainside in atmospheric black-and-white sumi-e ink, the gate glowing vivid red — the sacred path. A striking piece for an entryway, living room or study. ──────────────────── ✦ WHAT YOU'LL RECEIVE • 1 high-resolution PDF at 300 DPI, true 2:3 aspect ratio • Prints crisp at US sizes: 4×6, 6×9, 8×12, 12×18, 16×24, 20×30, 24×36 in • Plus international ISO sizes: A5, A4, A3, A2, A1 • A built-in printable size & quick-start guide page • INSTANT digital download — nothing is shipped ✦ HOW TO PRINT (pro tips) • Print at home, a local print shop, or online (Printique, WhiteWall, Staples, Shutterfly) • In the print dialog choose “Scale/Fit to size” and select your paper • Matte or fine-art paper gives the most authentic ink look; for large A2/A1 use heavyweight matte for a gallery feel ✦ DETAILS • Original ink-wash artwork, AI-as",https://canvasminiart.site/p/4523815453.html,https://i.etsystatic.com/65245102/r/il/bfbcb2/8197972465/il_fullxfull.8197972465_eznz.jpg,8.99 USD,in stock,new,MiniCanvasArt,"Home & Garden > Decor > Artwork > Posters, Prints, & Visual Artwork",Japanese & Zen
4523814729,Tea Veranda Mountain View Ink Print | Black White Red Lantern (Digital Download),"Two figures share tea on a veranda overlooking misty mountains in atmospheric black-and-white sumi-e ink, a small lantern glowing vivid red — togetherness and calm. A warm piece for a living room, dining room or tea corner. ──────────────────── ✦ WHAT YOU'LL RECEIVE • 1 high-resolution PDF at 300 DPI, true 2:3 aspect ratio • Prints crisp at US sizes: 4×6, 6×9, 8×12, 12×18, 16×24, 20×30, 24×36 in • Plus international ISO sizes: A5, A4, A3, A2, A1 • A built-in printable size & quick-start guide page • INSTANT digital download — nothing is shipped ✦ HOW TO PRINT (pro tips) • Print at home, a local print shop, or online (Printique, WhiteWall, Staples, Shutterfly) • In the print dialog choose “Scale/Fit to size” and select your paper • Matte or fine-art paper gives the most authentic ink look; for large A2/A1 use heavyweight matte for a gallery feel ✦ DETAILS • Original ink-wash artwork, AI-a",https://canvasminiart.site/p/4523814729.html,https://i.etsystatic.com/65245102/r/il/048594/8197966515/il_fullxfull.8197966515_a11l.jpg,8.99 USD,in stock,new,MiniCanvasArt,"Home & Garden > Decor > Artwork > Posters, Prints, & Visual Artwork",Landscapes & Nature
4523822632,"Child Flying Kite Minimalist Ink Art Print | Red Kite, Lake Landscape (Digital Download)","A child flies a kite on the bank of a calm lake before misty mountains in playful black-and-white sumi-e ink, the kite glowing vivid red — simple joy. A sweet piece for a nursery, child's room or living room. ──────────────────── ✦ WHAT YOU'LL RECEIVE • 1 high-resolution PDF at 300 DPI, true 2:3 aspect ratio • Prints crisp at US sizes: 4×6, 6×9, 8×12, 12×18, 16×24, 20×30, 24×36 in • Plus international ISO sizes: A5, A4, A3, A2, A1 • A built-in printable size & quick-start guide page • INSTANT digital download — nothing is shipped ✦ HOW TO PRINT (pro tips) • Print at home, a local print shop, or online (Printique, WhiteWall, Staples, Shutterfly) • In the print dialog choose “Scale/Fit to size” and select your paper • Matte or fine-art paper gives the most authentic ink look; for large A2/A1 use heavyweight matte for a gallery feel ✦ DETAILS • Original ink-wash artwork, AI-assisted, exclus",https://canvasminiart.site/p/4523822632.html,https://i.etsystatic.com/65245102/r/il/66475c/8150045692/il_fullxfull.8150045692_6w5i.jpg,8.99 USD,in stock,new,MiniCanvasArt,"Home & Garden > Decor > Artwork > Posters, Prints, & Visual Artwork",Landscapes & Nature
4523821986,Samurai Horseback Mist Ink Print | Black White Red Zen Japandi Wall Art (Digital Download),"A samurai rides across a misty open field in bold black-and-white sumi-e ink, his banner glowing vivid red — motion and honor. A powerful piece for an office, living room or bedroom. ──────────────────── ✦ WHAT YOU'LL RECEIVE • 1 high-resolution PDF at 300 DPI, true 2:3 aspect ratio • Prints crisp at US sizes: 4×6, 6×9, 8×12, 12×18, 16×24, 20×30, 24×36 in • Plus international ISO sizes: A5, A4, A3, A2, A1 • A built-in printable size & quick-start guide page • INSTANT digital download — nothing is shipped ✦ HOW TO PRINT (pro tips) • Print at home, a local print shop, or online (Printique, WhiteWall, Staples, Shutterfly) • In the print dialog choose “Scale/Fit to size” and select your paper • Matte or fine-art paper gives the most authentic ink look; for large A2/A1 use heavyweight matte for a gallery feel ✦ DETAILS • Original ink-wash artwork, AI-assisted, exclusive to MiniCanvasArt • Col",https://canvasminiart.site/p/4523821986.html,https://i.etsystatic.com/65245102/r/il/d6f48a/8197954557/il_fullxfull.8197954557_4x0g.jpg,8.99 USD,in stock,new,MiniCanvasArt,"Home & Garden > Decor > Artwork > Posters, Prints, & Visual Artwork",Samurai & Warriors
4523821350,Woman with Red Umbrella Snow Ink Print | Minimalist Japandi Wall Art (Digital Download),"A woman in a kimono walks with an umbrella through falling snow in atmospheric black-and-white sumi-e ink, the umbrella glowing vivid red — winter calm. A lovely piece for a bedroom, hallway or living room. ──────────────────── ✦ WHAT YOU'LL RECEIVE • 1 high-resolution PDF at 300 DPI, true 2:3 aspect ratio • Prints crisp at US sizes: 4×6, 6×9, 8×12, 12×18, 16×24, 20×30, 24×36 in • Plus international ISO sizes: A5, A4, A3, A2, A1 • A built-in printable size & quick-start guide page • INSTANT digital download — nothing is shipped ✦ HOW TO PRINT (pro tips) • Print at home, a local print shop, or online (Printique, WhiteWall, Staples, Shutterfly) • In the print dialog choose “Scale/Fit to size” and select your paper • Matte or fine-art paper gives the most authentic ink look; for large A2/A1 use heavyweight matte for a gallery feel ✦ DETAILS • Original ink-wash artwork, AI-assisted, exclusiv",https://canvasminiart.site/p/4523821350.html,https://i.etsystatic.com/65245102/r/il/206ffd/8150033430/il_fullxfull.8150033430_1bi5.jpg,8.99 USD,in stock,new,MiniCanvasArt,"Home & Garden > Decor > Artwork > Posters, Prints, & Visual Artwork",Japanese & Zen
4523811917,Fisherman Casting Net Art | Dawn Ink Wash Print (Digital Download),"A fisherman casts a wide net from a boat on a misty lake at dawn in atmospheric black-and-white sumi-e ink, the rising sun glowing vivid red — work and stillness. A soothing piece for a living room, study or cabin. ──────────────────── ✦ WHAT YOU'LL RECEIVE • 1 high-resolution PDF at 300 DPI, true 2:3 aspect ratio • Prints crisp at US sizes: 4×6, 6×9, 8×12, 12×18, 16×24, 20×30, 24×36 in • Plus international ISO sizes: A5, A4, A3, A2, A1 • A built-in printable size & quick-start guide page • INSTANT digital download — nothing is shipped ✦ HOW TO PRINT (pro tips) • Print at home, a local print shop, or online (Printique, WhiteWall, Staples, Shutterfly) • In the print dialog choose “Scale/Fit to size” and select your paper • Matte or fine-art paper gives the most authentic ink look; for large A2/A1 use heavyweight matte for a gallery feel ✦ DETAILS • Original ink-wash artwork, AI-assisted, ",https://canvasminiart.site/p/4523811917.html,https://i.etsystatic.com/65245102/r/il/41528e/8150027122/il_fullxfull.8150027122_6pfc.jpg,8.99 USD,in stock,new,MiniCanvasArt,"Home & Garden > Decor > Artwork > Posters, Prints, & Visual Artwork",Japanese & Zen
4523819738,Monk Autumn Maple Path Ink Print | Black White Red Japandi Wall Art (Digital Download),"A solitary monk walks a path lined with autumn maples, their leaves falling like quiet thoughts. Red against black ink. Motion within stillness. A moment of contemplation captured forever. For those who seek calm in chaos. For meditation spaces, reading nooks, and anywhere you pause to breathe. This is art that invites you to slow down — to notice the season changing, the leaves drifting, the peace in solitude. ──────────────────── ✦ WHAT YOU'LL RECEIVE • 1 high-resolution PDF at 300 DPI, true 2:3 aspect ratio • Prints crisp at US sizes: 4×6 up to 24×36 in • Plus international ISO sizes: A5, A4, A3, A2, A1 • Built-in printable size guide • INSTANT digital download — nothing is shipped ✦ PERFECT FOR • Meditation room or yoga studio • Reading corner or library • Zen / wabi-sabi interiors • Gift for someone who values mindfulness ✦ HOW TO PRINT • Print at home, local shop, or online • Matte",https://canvasminiart.site/p/4523819738.html,https://i.etsystatic.com/65245102/r/il/fa6a7d/8197934577/il_fullxfull.8197934577_7ops.jpg,8.99 USD,in stock,new,MiniCanvasArt,"Home & Garden > Decor > Artwork > Posters, Prints, & Visual Artwork",Japanese & Zen
4523819022,Samurai Snow Mountain Pass Ink Print | Black White Red Zen Japandi Art (Digital Download),"A lone samurai walks through a snowy mountain pass in falling snow in atmospheric black-and-white sumi-e ink, the sword cord glowing vivid red — solitude and resolve. A striking piece for an office, living room or bedroom. ──────────────────── ✦ WHAT YOU'LL RECEIVE • 1 high-resolution PDF at 300 DPI, true 2:3 aspect ratio • Prints crisp at US sizes: 4×6, 6×9, 8×12, 12×18, 16×24, 20×30, 24×36 in • Plus international ISO sizes: A5, A4, A3, A2, A1 • A built-in printable size & quick-start guide page • INSTANT digital download — nothing is shipped ✦ HOW TO PRINT (pro tips) • Print at home, a local print shop, or online (Printique, WhiteWall, Staples, Shutterfly) • In the print dialog choose “Scale/Fit to size” and select your paper • Matte or fine-art paper gives the most authentic ink look; for large A2/A1 use heavyweight matte for a gallery feel ✦ DETAILS • Original ink-wash artwork, AI-as",https://canvasminiart.site/p/4523819022.html,https://i.etsystatic.com/65245102/r/il/544801/8150013390/il_fullxfull.8150013390_drxy.jpg,8.99 USD,in stock,new,MiniCanvasArt,"Home & Garden > Decor > Artwork > Posters, Prints, & Visual Artwork",Samurai & Warriors
4523809647,Woman Cherry Blossom River Ink Painting | Black White Red Japandi Wall Art (Digital Download),"A woman in flowing robes stands by a river, cherry blossoms drifting past. The water reflects pink petals and grey sky. Everything is soft, dreamlike, suspended between seasons. This is art for romantics. For those who love the fleeting beauty of spring, the elegance of traditional Japan, the poetry of a quiet moment by the water. A perfect addition to bedrooms, entryways, or anywhere you want to feel transported. ──────────────────── ✦ WHAT YOU'LL RECEIVE • 1 high-resolution PDF at 300 DPI, true 2:3 aspect ratio • Prints crisp at US sizes: 4×6 up to 24×36 in • Plus international ISO sizes: A5, A4, A3, A2, A1 • Built-in printable size guide • INSTANT digital download — nothing is shipped ✦ PERFECT FOR • Bedroom or master suite • Romantic / feminine spaces • Cherry blossom enthusiasts • Anniversary or wedding gift ✦ HOW TO PRINT • Print at home, local shop, or online • Choose glossy paper",https://canvasminiart.site/p/4523809647.html,https://i.etsystatic.com/65245102/r/il/b80af2/8197921757/il_fullxfull.8197921757_gfrm.jpg,8.99 USD,in stock,new,MiniCanvasArt,"Home & Garden > Decor > Artwork > Posters, Prints, & Visual Artwork",Florals & Botanical
4523804833,Monk Standing Gaze Ink Art | Black White Red Minimalist Japandi Print (Digital Download),"A monk stands serenely with a staff gazing into the distance in expressive black-and-white sumi-e ink, his prayer beads glowing vivid red — contemplation and calm. A grounding piece for an office, bedroom or living room. ──────────────────── ✦ WHAT YOU'LL RECEIVE • 1 high-resolution PDF at 300 DPI, true 2:3 aspect ratio • Prints crisp at US sizes: 4×6, 6×9, 8×12, 12×18, 16×24, 20×30, 24×36 in • Plus international ISO sizes: A5, A4, A3, A2, A1 • A built-in printable size & quick-start guide page • INSTANT digital download — nothing is shipped ✦ HOW TO PRINT (pro tips) • Print at home, a local print shop, or online (Printique, WhiteWall, Staples, Shutterfly) • In the print dialog choose “Scale/Fit to size” and select your paper • Matte or fine-art paper gives the most authentic ink look; for large A2/A1 use heavyweight matte for a gallery feel ✦ DETAILS • Original ink-wash artwork, AI-assi",https://canvasminiart.site/p/4523804833.html,https://i.etsystatic.com/65245102/r/il/058f1b/8149971344/il_fullxfull.8149971344_rzjh.jpg,8.99 USD,in stock,new,MiniCanvasArt,"Home & Garden > Decor > Artwork > Posters, Prints, & Visual Artwork",Japanese & Zen
4523812730,Monk Reading Sutra Ink | Black White Red Minimalist Wall Art | Printable Digital Download | Zen Japandi Decor,"A monk reads an open sutra scroll in expressive black-and-white sumi-e ink, his robe sash glowing vivid red — quiet study and devotion. A refined piece for a study, library or living room. ──────────────────── ✦ WHAT YOU'LL RECEIVE • 1 high-resolution PDF at 300 DPI, true 2:3 aspect ratio • Prints crisp at US sizes: 4×6, 6×9, 8×12, 12×18, 16×24, 20×30, 24×36 in • Plus international ISO sizes: A5, A4, A3, A2, A1 • A built-in printable size & quick-start guide page • INSTANT digital download — nothing is shipped ✦ HOW TO PRINT (pro tips) • Print at home, a local print shop, or online (Printique, WhiteWall, Staples, Shutterfly) • In the print dialog choose “Scale/Fit to size” and select your paper • Matte or fine-art paper gives the most authentic ink look; for large A2/A1 use heavyweight matte for a gallery feel ✦ DETAILS • Original ink-wash artwork, AI-assisted, exclusive to MiniCanvasArt",https://canvasminiart.site/p/4523812730.html,https://i.etsystatic.com/65245102/r/il/106598/8197881241/il_fullxfull.8197881241_gakp.jpg,8.99 USD,in stock,new,MiniCanvasArt,"Home & Garden > Decor > Artwork > Posters, Prints, & Visual Artwork",Japanese & Zen
4523812046,Monk Zen Garden Sweeping Ink | Black White Red Wall Art | Printable Digital Download | Zen Japandi Decor,"A monk sweeps a raked gravel garden in expressive black-and-white sumi-e ink, a single fallen maple leaf glowing vivid red — mindfulness in the smallest task. A soothing piece for a living room, study or office. ──────────────────── ✦ WHAT YOU'LL RECEIVE • 1 high-resolution PDF at 300 DPI, true 2:3 aspect ratio • Prints crisp at US sizes: 4×6, 6×9, 8×12, 12×18, 16×24, 20×30, 24×36 in • Plus international ISO sizes: A5, A4, A3, A2, A1 • A built-in printable size & quick-start guide page • INSTANT digital download — nothing is shipped ✦ HOW TO PRINT (pro tips) • Print at home, a local print shop, or online (Printique, WhiteWall, Staples, Shutterfly) • In the print dialog choose “Scale/Fit to size” and select your paper • Matte or fine-art paper gives the most authentic ink look; for large A2/A1 use heavyweight matte for a gallery feel ✦ DETAILS • Original ink-wash artwork, AI-assisted, exc",https://canvasminiart.site/p/4523812046.html,https://i.etsystatic.com/65245102/r/il/e786b3/8149962118/il_fullxfull.8149962118_i6na.jpg,8.99 USD,in stock,new,MiniCanvasArt,"Home & Garden > Decor > Artwork > Posters, Prints, & Visual Artwork",Japanese & Zen
4523802933,Monk Lantern Night Ink Print | Minimalist Zen Japandi Wall Art (Digital Download),"A monk walks at night holding a paper lantern in expressive black-and-white sumi-e ink, the lantern glowing vivid red — a light in the dark. A calming piece for a hallway, bedroom or living room. ──────────────────── ✦ WHAT YOU'LL RECEIVE • 1 high-resolution PDF at 300 DPI, true 2:3 aspect ratio • Prints crisp at US sizes: 4×6, 6×9, 8×12, 12×18, 16×24, 20×30, 24×36 in • Plus international ISO sizes: A5, A4, A3, A2, A1 • A built-in printable size & quick-start guide page • INSTANT digital download — nothing is shipped ✦ HOW TO PRINT (pro tips) • Print at home, a local print shop, or online (Printique, WhiteWall, Staples, Shutterfly) • In the print dialog choose “Scale/Fit to size” and select your paper • Matte or fine-art paper gives the most authentic ink look; for large A2/A1 use heavyweight matte for a gallery feel ✦ DETAILS • Original ink-wash artwork, AI-assisted, exclusive to MiniCa",https://canvasminiart.site/p/4523802933.html,https://i.etsystatic.com/65245102/r/il/fc29cd/8149957264/il_fullxfull.8149957264_4o2l.jpg,8.99 USD,in stock,new,MiniCanvasArt,"Home & Garden > Decor > Artwork > Posters, Prints, & Visual Artwork",Japanese & Zen
4523810762,Monk Prayer Bow Ink | Black White Red Minimalist Wall Art | Printable Digital Download | Zen Japandi Decor,"A monk bows deeply in prayer with hands together in expressive black-and-white sumi-e ink, his prayer beads glowing vivid red — devotion and humility. A serene piece for a meditation room, bedroom or study. ──────────────────── ✦ WHAT YOU'LL RECEIVE • 1 high-resolution PDF at 300 DPI, true 2:3 aspect ratio • Prints crisp at US sizes: 4×6, 6×9, 8×12, 12×18, 16×24, 20×30, 24×36 in • Plus international ISO sizes: A5, A4, A3, A2, A1 • A built-in printable size & quick-start guide page • INSTANT digital download — nothing is shipped ✦ HOW TO PRINT (pro tips) • Print at home, a local print shop, or online (Printique, WhiteWall, Staples, Shutterfly) • In the print dialog choose “Scale/Fit to size” and select your paper • Matte or fine-art paper gives the most authentic ink look; for large A2/A1 use heavyweight matte for a gallery feel ✦ DETAILS • Original ink-wash artwork, AI-assisted, exclusiv",https://canvasminiart.site/p/4523810762.html,https://i.etsystatic.com/65245102/r/il/848c52/8149952318/il_fullxfull.8149952318_o0sz.jpg,8.99 USD,in stock,new,MiniCanvasArt,"Home & Garden > Decor > Artwork > Posters, Prints, & Visual Artwork",Japanese & Zen
4523801469,Old Monk Tea Ink Painting | Minimalist Zen Japandi Wall Art (Digital Download),"An elderly monk sips tea from a bowl in weathered black-and-white sumi-e ink, the bowl glowing vivid red — simple contentment. A warm piece for a kitchen, living room or tea corner. ──────────────────── ✦ WHAT YOU'LL RECEIVE • 1 high-resolution PDF at 300 DPI, true 2:3 aspect ratio • Prints crisp at US sizes: 4×6, 6×9, 8×12, 12×18, 16×24, 20×30, 24×36 in • Plus international ISO sizes: A5, A4, A3, A2, A1 • A built-in printable size & quick-start guide page • INSTANT digital download — nothing is shipped ✦ HOW TO PRINT (pro tips) • Print at home, a local print shop, or online (Printique, WhiteWall, Staples, Shutterfly) • In the print dialog choose “Scale/Fit to size” and select your paper • Matte or fine-art paper gives the most authentic ink look; for large A2/A1 use heavyweight matte for a gallery feel ✦ DETAILS • Original ink-wash artwork, AI-assisted, exclusive to MiniCanvasArt • Colo",https://canvasminiart.site/p/4523801469.html,https://i.etsystatic.com/65245102/r/il/d55c05/8197860933/il_fullxfull.8197860933_6w6r.jpg,8.99 USD,in stock,new,MiniCanvasArt,"Home & Garden > Decor > Artwork > Posters, Prints, & Visual Artwork",Japanese & Zen
4523800785,Monk Temple Bell Ink Print | Black White Red Sumi-e Art (Digital Download),"A monk rings a great temple bell in expressive black-and-white sumi-e ink, the bell rope glowing vivid red — a resonant call to stillness. A striking piece for a living room, study or meditation room. ──────────────────── ✦ WHAT YOU'LL RECEIVE • 1 high-resolution PDF at 300 DPI, true 2:3 aspect ratio • Prints crisp at US sizes: 4×6, 6×9, 8×12, 12×18, 16×24, 20×30, 24×36 in • Plus international ISO sizes: A5, A4, A3, A2, A1 • A built-in printable size & quick-start guide page • INSTANT digital download — nothing is shipped ✦ HOW TO PRINT (pro tips) • Print at home, a local print shop, or online (Printique, WhiteWall, Staples, Shutterfly) • In the print dialog choose “Scale/Fit to size” and select your paper • Matte or fine-art paper gives the most authentic ink look; for large A2/A1 use heavyweight matte for a gallery feel ✦ DETAILS • Original ink-wash artwork, AI-assisted, exclusive to M",https://canvasminiart.site/p/4523800785.html,https://i.etsystatic.com/65245102/r/il/f67514/8197856181/il_fullxfull.8197856181_acic.jpg,8.99 USD,in stock,new,MiniCanvasArt,"Home & Garden > Decor > Artwork > Posters, Prints, & Visual Artwork",Japanese & Zen
4523808514,Zen Monk Enso Calligraphy Ink | Black White Red Wall Art | Printable Digital Download | Japandi Zen Decor,"A monk paints a circular enso with a brush in expressive black-and-white sumi-e ink, his prayer beads glowing vivid red — the art of letting go. A meaningful piece for an office, studio or living room. ──────────────────── ✦ WHAT YOU'LL RECEIVE • 1 high-resolution PDF at 300 DPI, true 2:3 aspect ratio • Prints crisp at US sizes: 4×6, 6×9, 8×12, 12×18, 16×24, 20×30, 24×36 in • Plus international ISO sizes: A5, A4, A3, A2, A1 • A built-in printable size & quick-start guide page • INSTANT digital download — nothing is shipped ✦ HOW TO PRINT (pro tips) • Print at home, a local print shop, or online (Printique, WhiteWall, Staples, Shutterfly) • In the print dialog choose “Scale/Fit to size” and select your paper • Matte or fine-art paper gives the most authentic ink look; for large A2/A1 use heavyweight matte for a gallery feel ✦ DETAILS • Original ink-wash artwork, AI-assisted, exclusive to ",https://canvasminiart.site/p/4523808514.html,https://i.etsystatic.com/65245102/r/il/9d05c6/8149936814/il_fullxfull.8149936814_4nnh.jpg,8.99 USD,in stock,new,MiniCanvasArt,"Home & Garden > Decor > Artwork > Posters, Prints, & Visual Artwork",Japanese & Zen
4523799299,Wandering Monk Staff Ink | Black White Red Minimalist Wall Art | Printable Digital Download | Zen Japandi Decor,"A monk walks with a staff and straw hat in expressive black-and-white sumi-e ink, his robe sash glowing vivid red — the quiet pilgrim's path. A calming piece for a hallway, study or living room. ──────────────────── ✦ WHAT YOU'LL RECEIVE • 1 high-resolution PDF at 300 DPI, true 2:3 aspect ratio • Prints crisp at US sizes: 4×6, 6×9, 8×12, 12×18, 16×24, 20×30, 24×36 in • Plus international ISO sizes: A5, A4, A3, A2, A1 • A built-in printable size & quick-start guide page • INSTANT digital download — nothing is shipped ✦ HOW TO PRINT (pro tips) • Print at home, a local print shop, or online (Printique, WhiteWall, Staples, Shutterfly) • In the print dialog choose “Scale/Fit to size” and select your paper • Matte or fine-art paper gives the most authentic ink look; for large A2/A1 use heavyweight matte for a gallery feel ✦ DETAILS • Original ink-wash artwork, AI-assisted, exclusive to MiniCan",https://canvasminiart.site/p/4523799299.html,https://i.etsystatic.com/65245102/r/il/5389dd/8197846883/il_fullxfull.8197846883_kiww.jpg,8.99 USD,in stock,new,MiniCanvasArt,"Home & Garden > Decor > Artwork > Posters, Prints, & Visual Artwork",Japanese & Zen
4523798567,Zen Monk Meditation Ink Print | Black White Red Japandi Wall Art (Digital Download),"A monk sits in serene zazen meditation in expressive black-and-white sumi-e ink, his prayer beads glowing vivid red — stillness and presence. A grounding focal point for a meditation room, bedroom or office, with exactly the one-accent look modern interiors love. ──────────────────── ✦ WHAT YOU'LL RECEIVE • 1 high-resolution PDF at 300 DPI, true 2:3 aspect ratio • Prints crisp at US sizes: 4×6, 6×9, 8×12, 12×18, 16×24, 20×30, 24×36 in • Plus international ISO sizes: A5, A4, A3, A2, A1 • A built-in printable size & quick-start guide page • INSTANT digital download — nothing is shipped ✦ HOW TO PRINT (pro tips) • Print at home, a local print shop, or online (Printique, WhiteWall, Staples, Shutterfly) • In the print dialog choose “Scale/Fit to size” and select your paper • Matte or fine-art paper gives the most authentic ink look; for large A2/A1 use heavyweight matte for a gallery feel ✦ D",https://canvasminiart.site/p/4523798567.html,https://i.etsystatic.com/65245102/r/il/770edc/8197841933/il_fullxfull.8197841933_6whx.jpg,8.99 USD,in stock,new,MiniCanvasArt,"Home & Garden > Decor > Artwork > Posters, Prints, & Visual Artwork",Japanese & Zen
4523797471,Kimono Dancer Ink Print | Black White Red Flowing Sleeves (Digital Download),"A woman dances with long flowing kimono sleeves sweeping the air in dynamic black-and-white sumi-e ink, her obi sash glowing vivid red — grace in motion. A striking piece for a living room, bedroom or studio. ──────────────────── ✦ WHAT YOU'LL RECEIVE • 1 high-resolution PDF at 300 DPI, true 2:3 aspect ratio • Prints crisp at US sizes: 4×6, 6×9, 8×12, 12×18, 16×24, 20×30, 24×36 in • Plus international ISO sizes: A5, A4, A3, A2, A1 • A built-in printable size & quick-start guide page • INSTANT digital download — nothing is shipped ✦ HOW TO PRINT (pro tips) • Print at home, a local print shop, or online (Printique, WhiteWall, Staples, Shutterfly) • In the print dialog choose “Scale/Fit to size” and select your paper • Matte or fine-art paper gives the most authentic ink look; for large A2/A1 use heavyweight matte for a gallery feel ✦ DETAILS • Original ink-wash artwork, AI-assisted, exclus",https://canvasminiart.site/p/4523797471.html,https://i.etsystatic.com/65245102/r/il/a57de4/8197834283/il_fullxfull.8197834283_4761.jpg,8.99 USD,in stock,new,MiniCanvasArt,"Home & Garden > Decor > Artwork > Posters, Prints, & Visual Artwork",Japanese & Zen
4523805122,Geisha Mirror Ink | Black White Red Minimalist Wall Art | Printable Digital Download | Japandi Zen Decor,"A geisha kneels before a mirror arranging her hair in expressive black-and-white sumi-e ink, her obi sash glowing vivid red — intimate poise. A refined piece for a bedroom, dressing room or living room. ──────────────────── ✦ WHAT YOU'LL RECEIVE • 1 high-resolution PDF at 300 DPI, true 2:3 aspect ratio • Prints crisp at US sizes: 4×6, 6×9, 8×12, 12×18, 16×24, 20×30, 24×36 in • Plus international ISO sizes: A5, A4, A3, A2, A1 • A built-in printable size & quick-start guide page • INSTANT digital download — nothing is shipped ✦ HOW TO PRINT (pro tips) • Print at home, a local print shop, or online (Printique, WhiteWall, Staples, Shutterfly) • In the print dialog choose “Scale/Fit to size” and select your paper • Matte or fine-art paper gives the most authentic ink look; for large A2/A1 use heavyweight matte for a gallery feel ✦ DETAILS • Original ink-wash artwork, AI-assisted, exclusive to",https://canvasminiart.site/p/4523805122.html,https://i.etsystatic.com/65245102/r/il/fb6e9f/8149915192/il_fullxfull.8149915192_58w3.jpg,8.99 USD,in stock,new,MiniCanvasArt,"Home & Garden > Decor > Artwork > Posters, Prints, & Visual Artwork",Japanese & Zen
4523796013,Kimono Woman Cherry Blossom Ink Art | Japandi Zen Wall Decor (Digital Download),"A woman gazes at a blossoming cherry branch she holds in expressive black-and-white sumi-e ink, the blossoms glowing vivid red — beauty and reverie. A lovely piece for a bedroom, living room or hallway. ──────────────────── ✦ WHAT YOU'LL RECEIVE • 1 high-resolution PDF at 300 DPI, true 2:3 aspect ratio • Prints crisp at US sizes: 4×6, 6×9, 8×12, 12×18, 16×24, 20×30, 24×36 in • Plus international ISO sizes: A5, A4, A3, A2, A1 • A built-in printable size & quick-start guide page • INSTANT digital download — nothing is shipped ✦ HOW TO PRINT (pro tips) • Print at home, a local print shop, or online (Printique, WhiteWall, Staples, Shutterfly) • In the print dialog choose “Scale/Fit to size” and select your paper • Matte or fine-art paper gives the most authentic ink look; for large A2/A1 use heavyweight matte for a gallery feel ✦ DETAILS • Original ink-wash artwork, AI-assisted, exclusive to",https://canvasminiart.site/p/4523796013.html,https://i.etsystatic.com/65245102/r/il/41cc47/8197823991/il_fullxfull.8197823991_5lh2.jpg,8.99 USD,in stock,new,MiniCanvasArt,"Home & Garden > Decor > Artwork > Posters, Prints, & Visual Artwork",Florals & Botanical
4523795313,Kimono Woman Reading Ink Art | Black White Red Japandi Wall Decor (Digital Download),"A woman sits reading an unrolled scroll in expressive black-and-white sumi-e ink, her obi sash glowing vivid red — stillness and thought. A refined piece for a study, bedroom or living room. ──────────────────── ✦ WHAT YOU'LL RECEIVE • 1 high-resolution PDF at 300 DPI, true 2:3 aspect ratio • Prints crisp at US sizes: 4×6, 6×9, 8×12, 12×18, 16×24, 20×30, 24×36 in • Plus international ISO sizes: A5, A4, A3, A2, A1 • A built-in printable size & quick-start guide page • INSTANT digital download — nothing is shipped ✦ HOW TO PRINT (pro tips) • Print at home, a local print shop, or online (Printique, WhiteWall, Staples, Shutterfly) • In the print dialog choose “Scale/Fit to size” and select your paper • Matte or fine-art paper gives the most authentic ink look; for large A2/A1 use heavyweight matte for a gallery feel ✦ DETAILS • Original ink-wash artwork, AI-assisted, exclusive to MiniCanvasA",https://canvasminiart.site/p/4523795313.html,https://i.etsystatic.com/65245102/r/il/56b35a/8149905032/il_fullxfull.8149905032_h26j.jpg,8.99 USD,in stock,new,MiniCanvasArt,"Home & Garden > Decor > Artwork > Posters, Prints, & Visual Artwork",Japanese & Zen
4523794701,Kimono Woman Lantern Night Ink Print | Japandi Zen Wall Art (Digital Download),"A woman holds a paper lantern in the night in expressive black-and-white sumi-e ink, the lantern glowing vivid red — quiet and dreamlike. A calming piece for a bedroom, hallway or living room. ──────────────────── ✦ WHAT YOU'LL RECEIVE • 1 high-resolution PDF at 300 DPI, true 2:3 aspect ratio • Prints crisp at US sizes: 4×6, 6×9, 8×12, 12×18, 16×24, 20×30, 24×36 in • Plus international ISO sizes: A5, A4, A3, A2, A1 • A built-in printable size & quick-start guide page • INSTANT digital download — nothing is shipped ✦ HOW TO PRINT (pro tips) • Print at home, a local print shop, or online (Printique, WhiteWall, Staples, Shutterfly) • In the print dialog choose “Scale/Fit to size” and select your paper • Matte or fine-art paper gives the most authentic ink look; for large A2/A1 use heavyweight matte for a gallery feel ✦ DETAILS • Original ink-wash artwork, AI-assisted, exclusive to MiniCanva",https://canvasminiart.site/p/4523794701.html,https://i.etsystatic.com/65245102/r/il/6b8960/8149900504/il_fullxfull.8149900504_f8vg.jpg,8.99 USD,in stock,new,MiniCanvasArt,"Home & Garden > Decor > Artwork > Posters, Prints, & Visual Artwork",Japanese & Zen
4523794029,Kimono Woman Rain Umbrella Ink Art | Black White Red Japandi Zen (Digital Download),"A woman stands under an umbrella in gentle rain in expressive black-and-white sumi-e ink, the umbrella glowing vivid red — serene solitude. A soothing piece for a bedroom, hallway or living room. ──────────────────── ✦ WHAT YOU'LL RECEIVE • 1 high-resolution PDF at 300 DPI, true 2:3 aspect ratio • Prints crisp at US sizes: 4×6, 6×9, 8×12, 12×18, 16×24, 20×30, 24×36 in • Plus international ISO sizes: A5, A4, A3, A2, A1 • A built-in printable size & quick-start guide page • INSTANT digital download — nothing is shipped ✦ HOW TO PRINT (pro tips) • Print at home, a local print shop, or online (Printique, WhiteWall, Staples, Shutterfly) • In the print dialog choose “Scale/Fit to size” and select your paper • Matte or fine-art paper gives the most authentic ink look; for large A2/A1 use heavyweight matte for a gallery feel ✦ DETAILS • Original ink-wash artwork, AI-assisted, exclusive to MiniCa",https://canvasminiart.site/p/4523794029.html,https://i.etsystatic.com/65245102/r/il/2510cb/8149895800/il_fullxfull.8149895800_p2xb.jpg,8.99 USD,in stock,new,MiniCanvasArt,"Home & Garden > Decor > Artwork > Posters, Prints, & Visual Artwork",Japanese & Zen
4523801740,Woman Calligraphy Ink | Black White Red Minimalist Wall Art | Printable Digital Download | Japandi Zen Decor,"A woman kneels practicing calligraphy with a brush in expressive black-and-white sumi-e ink, her obi sash glowing vivid red — focus and artistry. A calming piece for an office, study or living room. ──────────────────── ✦ WHAT YOU'LL RECEIVE • 1 high-resolution PDF at 300 DPI, true 2:3 aspect ratio • Prints crisp at US sizes: 4×6, 6×9, 8×12, 12×18, 16×24, 20×30, 24×36 in • Plus international ISO sizes: A5, A4, A3, A2, A1 • A built-in printable size & quick-start guide page • INSTANT digital download — nothing is shipped ✦ HOW TO PRINT (pro tips) • Print at home, a local print shop, or online (Printique, WhiteWall, Staples, Shutterfly) • In the print dialog choose “Scale/Fit to size” and select your paper • Matte or fine-art paper gives the most authentic ink look; for large A2/A1 use heavyweight matte for a gallery feel ✦ DETAILS • Original ink-wash artwork, AI-assisted, exclusive to Min",https://canvasminiart.site/p/4523801740.html,https://i.etsystatic.com/65245102/r/il/edadb0/8197804967/il_fullxfull.8197804967_akvj.jpg,8.99 USD,in stock,new,MiniCanvasArt,"Home & Garden > Decor > Artwork > Posters, Prints, & Visual Artwork",Japanese & Zen
4523792645,Woman Playing Koto Ink Print | Black White Red Japandi Zen Decor (Digital Download),"A woman kneels playing a koto in expressive black-and-white sumi-e ink, her obi sash glowing vivid red — music and calm. A refined piece for a living room, study or music room. ──────────────────── ✦ WHAT YOU'LL RECEIVE • 1 high-resolution PDF at 300 DPI, true 2:3 aspect ratio • Prints crisp at US sizes: 4×6, 6×9, 8×12, 12×18, 16×24, 20×30, 24×36 in • Plus international ISO sizes: A5, A4, A3, A2, A1 • A built-in printable size & quick-start guide page • INSTANT digital download — nothing is shipped ✦ HOW TO PRINT (pro tips) • Print at home, a local print shop, or online (Printique, WhiteWall, Staples, Shutterfly) • In the print dialog choose “Scale/Fit to size” and select your paper • Matte or fine-art paper gives the most authentic ink look; for large A2/A1 use heavyweight matte for a gallery feel ✦ DETAILS • Original ink-wash artwork, AI-assisted, exclusive to MiniCanvasArt • Colors ma",https://canvasminiart.site/p/4523792645.html,https://i.etsystatic.com/65245102/r/il/c9db45/8149886518/il_fullxfull.8149886518_rlg5.jpg,8.99 USD,in stock,new,MiniCanvasArt,"Home & Garden > Decor > Artwork > Posters, Prints, & Visual Artwork",Japanese & Zen
4523791961,Kimono Woman Parasol Ink Print | Red Minimalist Japandi Wall Art (Digital Download),"An elegant woman walks beneath a paper parasol in expressive black-and-white sumi-e ink, the parasol glowing vivid red — quiet grace. A lovely piece for a hallway, bedroom or living room. ──────────────────── ✦ WHAT YOU'LL RECEIVE • 1 high-resolution PDF at 300 DPI, true 2:3 aspect ratio • Prints crisp at US sizes: 4×6, 6×9, 8×12, 12×18, 16×24, 20×30, 24×36 in • Plus international ISO sizes: A5, A4, A3, A2, A1 • A built-in printable size & quick-start guide page • INSTANT digital download — nothing is shipped ✦ HOW TO PRINT (pro tips) • Print at home, a local print shop, or online (Printique, WhiteWall, Staples, Shutterfly) • In the print dialog choose “Scale/Fit to size” and select your paper • Matte or fine-art paper gives the most authentic ink look; for large A2/A1 use heavyweight matte for a gallery feel ✦ DETAILS • Original ink-wash artwork, AI-assisted, exclusive to MiniCanvasArt ",https://canvasminiart.site/p/4523791961.html,https://i.etsystatic.com/65245102/r/il/9019b8/8149881604/il_fullxfull.8149881604_9mtg.jpg,8.99 USD,in stock,new,MiniCanvasArt,"Home & Garden > Decor > Artwork > Posters, Prints, & Visual Artwork",Japanese & Zen
4523791065,Geisha Dance Fan Ink Print | Minimalist Japanese Wall Art (Digital Download),"She moves with practiced grace, fan unfurling like a secret about to be told. The geisha mid-dance — all flowing sleeves, precise gestures, and centuries of tradition in a single frozen moment. For lovers of Japanese culture, traditional performing arts, and the elegance of ritual. This piece transforms any room into a contemplation of beauty, discipline, and the art of movement. ──────────────────── ✦ WHAT YOU'LL RECEIVE • 1 high-resolution PDF at 300 DPI, true 2:3 aspect ratio • Prints crisp at US sizes: 4×6 up to 24×36 in • Plus international ISO sizes: A5, A4, A3, A2, A1 • Built-in printable size guide • INSTANT digital download — nothing is shipped ✦ PERFECT FOR • Living room statement piece • Dance studio or music room • Japanese-inspired interiors • Gift for performing arts enthusiasts ✦ HOW TO PRINT • Print at home, local shop, or online • Matte paper for authentic ink aesthetic ",https://canvasminiart.site/p/4523791065.html,https://i.etsystatic.com/65245102/r/il/b191ec/8149875276/il_fullxfull.8149875276_csjw.jpg,8.99 USD,in stock,new,MiniCanvasArt,"Home & Garden > Decor > Artwork > Posters, Prints, & Visual Artwork",Japanese & Zen
4523789693,Warrior Mountain Peak Moon Ink | Black White Red Wall Art | Printable Digital Download | Zen Japandi Decor,"A lone warrior stands on a peak above a sea of clouds gazing at a great moon in atmospheric black-and-white sumi-e ink, the sash glowing vivid red — solitude and resolve. A striking piece for an office, living room or bedroom. ──────────────────── ✦ WHAT YOU'LL RECEIVE • 1 high-resolution PDF at 300 DPI, true 2:3 aspect ratio • Prints crisp at US sizes: 4×6, 6×9, 8×12, 12×18, 16×24, 20×30, 24×36 in • Plus international ISO sizes: A5, A4, A3, A2, A1 • A built-in printable size & quick-start guide page • INSTANT digital download — nothing is shipped ✦ HOW TO PRINT (pro tips) • Print at home, a local print shop, or online (Printique, WhiteWall, Staples, Shutterfly) • In the print dialog choose “Scale/Fit to size” and select your paper • Matte or fine-art paper gives the most authentic ink look; for large A2/A1 use heavyweight matte for a gallery feel ✦ DETAILS • Original ink-wash artwork, A",https://canvasminiart.site/p/4523789693.html,https://i.etsystatic.com/65245102/r/il/7f1850/8197779163/il_fullxfull.8197779163_cn2s.jpg,8.99 USD,in stock,new,MiniCanvasArt,"Home & Garden > Decor > Artwork > Posters, Prints, & Visual Artwork",Samurai & Warriors
4523797352,Angler River Heron Ink | Black White Red Minimalist Wall Art | Printable Digital Download | Zen Japandi Decor,"An angler fishes from rocks by a river as a heron stands near in atmospheric black-and-white sumi-e ink, the float glowing vivid red — quiet companionship. A peaceful piece for a living room, study or cabin. ──────────────────── ✦ WHAT YOU'LL RECEIVE • 1 high-resolution PDF at 300 DPI, true 2:3 aspect ratio • Prints crisp at US sizes: 4×6, 6×9, 8×12, 12×18, 16×24, 20×30, 24×36 in • Plus international ISO sizes: A5, A4, A3, A2, A1 • A built-in printable size & quick-start guide page • INSTANT digital download — nothing is shipped ✦ HOW TO PRINT (pro tips) • Print at home, a local print shop, or online (Printique, WhiteWall, Staples, Shutterfly) • In the print dialog choose “Scale/Fit to size” and select your paper • Matte or fine-art paper gives the most authentic ink look; for large A2/A1 use heavyweight matte for a gallery feel ✦ DETAILS • Original ink-wash artwork, AI-assisted, exclusi",https://canvasminiart.site/p/4523797352.html,https://i.etsystatic.com/65245102/r/il/d21653/8197773723/il_fullxfull.8197773723_7nkm.jpg,8.99 USD,in stock,new,MiniCanvasArt,"Home & Garden > Decor > Artwork > Posters, Prints, & Visual Artwork",Koi & Animals
4523796588,Monk Waterfall Meditation Ink | Black White Red Wall Art | Printable Digital Download | Zen Japandi Decor,"A monk meditates beside a tall misty waterfall in a gorge in bold black-and-white sumi-e ink, his robe sash glowing vivid red — serenity amid power. A grounding piece for a bathroom, meditation room or living room. ──────────────────── ✦ WHAT YOU'LL RECEIVE • 1 high-resolution PDF at 300 DPI, true 2:3 aspect ratio • Prints crisp at US sizes: 4×6, 6×9, 8×12, 12×18, 16×24, 20×30, 24×36 in • Plus international ISO sizes: A5, A4, A3, A2, A1 • A built-in printable size & quick-start guide page • INSTANT digital download — nothing is shipped ✦ HOW TO PRINT (pro tips) • Print at home, a local print shop, or online (Printique, WhiteWall, Staples, Shutterfly) • In the print dialog choose “Scale/Fit to size” and select your paper • Matte or fine-art paper gives the most authentic ink look; for large A2/A1 use heavyweight matte for a gallery feel ✦ DETAILS • Original ink-wash artwork, AI-assisted, ",https://canvasminiart.site/p/4523796588.html,https://i.etsystatic.com/65245102/r/il/55896d/8197768425/il_fullxfull.8197768425_chxr.jpg,8.99 USD,in stock,new,MiniCanvasArt,"Home & Garden > Decor > Artwork > Posters, Prints, & Visual Artwork",Landscapes & Nature
4523795854,Traveler Bridge Mist Ink | Black White Red Minimalist Wall Art | Printable Digital Download | Zen Japandi Decor,"A lone traveler crosses a curved bridge in deep mist in atmospheric black-and-white sumi-e ink, the paper umbrella glowing vivid red — quiet journey. A soothing piece for a hallway, living room or bedroom. ──────────────────── ✦ WHAT YOU'LL RECEIVE • 1 high-resolution PDF at 300 DPI, true 2:3 aspect ratio • Prints crisp at US sizes: 4×6, 6×9, 8×12, 12×18, 16×24, 20×30, 24×36 in • Plus international ISO sizes: A5, A4, A3, A2, A1 • A built-in printable size & quick-start guide page • INSTANT digital download — nothing is shipped ✦ HOW TO PRINT (pro tips) • Print at home, a local print shop, or online (Printique, WhiteWall, Staples, Shutterfly) • In the print dialog choose “Scale/Fit to size” and select your paper • Matte or fine-art paper gives the most authentic ink look; for large A2/A1 use heavyweight matte for a gallery feel ✦ DETAILS • Original ink-wash artwork, AI-assisted, exclusive",https://canvasminiart.site/p/4523795854.html,https://i.etsystatic.com/65245102/r/il/7a0a90/8197763107/il_fullxfull.8197763107_p8tt.jpg,8.99 USD,in stock,new,MiniCanvasArt,"Home & Garden > Decor > Artwork > Posters, Prints, & Visual Artwork",Landscapes & Nature
4523795200,Tai Chi Bamboo Grove Ink | Black White Red Minimalist Wall Art | Printable Digital Download | Zen Japandi Decor,"A figure flows through tai chi within a misty bamboo grove in expressive black-and-white sumi-e ink, the sash glowing vivid red — balance and breath. A calming piece for a yoga studio, office or living room. ──────────────────── ✦ WHAT YOU'LL RECEIVE • 1 high-resolution PDF at 300 DPI, true 2:3 aspect ratio • Prints crisp at US sizes: 4×6, 6×9, 8×12, 12×18, 16×24, 20×30, 24×36 in • Plus international ISO sizes: A5, A4, A3, A2, A1 • A built-in printable size & quick-start guide page • INSTANT digital download — nothing is shipped ✦ HOW TO PRINT (pro tips) • Print at home, a local print shop, or online (Printique, WhiteWall, Staples, Shutterfly) • In the print dialog choose “Scale/Fit to size” and select your paper • Matte or fine-art paper gives the most authentic ink look; for large A2/A1 use heavyweight matte for a gallery feel ✦ DETAILS • Original ink-wash artwork, AI-assisted, exclusi",https://canvasminiart.site/p/4523795200.html,https://i.etsystatic.com/65245102/r/il/405bd4/8149843972/il_fullxfull.8149843972_d5iz.jpg,8.99 USD,in stock,new,MiniCanvasArt,"Home & Garden > Decor > Artwork > Posters, Prints, & Visual Artwork",Florals & Botanical
4523794500,Kyudo Archer Mountains Ink | Black White Red Minimalist Wall Art | Printable Digital Download | Zen Decor,"A single breath. Perfect stillness. The kyudo archer draws the longbow before misty mountains — and in that moment, everything else disappears. This isn't decoration. It's a visual anchor for focus and discipline. For the home office where deep work happens. For the study where goals are pursued. For anyone who understands that true strength lies in patience and precision. ──────────────────── ✦ WHAT YOU'LL RECEIVE • 1 high-resolution PDF at 300 DPI, true 2:3 aspect ratio • Prints crisp at US sizes: 4×6 up to 24×36 in • Plus international ISO sizes: A5, A4, A3, A2, A1 • Built-in printable size guide • INSTANT digital download — nothing is shipped ✦ PERFECT FOR • Home office or study • Martial arts studio or dojo • Gift for someone with discipline and focus • Anyone drawn to Japanese archery (kyudo) aesthetics ✦ HOW TO PRINT • Print at home, local shop (Staples, FedEx), or online • Choose",https://canvasminiart.site/p/4523794500.html,https://i.etsystatic.com/65245102/r/il/5f480c/8149839088/il_fullxfull.8149839088_amlr.jpg,8.99 USD,in stock,new,MiniCanvasArt,"Home & Garden > Decor > Artwork > Posters, Prints, & Visual Artwork",Samurai & Warriors
4523785307,Samurai Lake Dawn Red Sun Ink Print | Black White Japandi Wall Art (Digital Download),"A samurai stands at a still lake at dawn with mist and mountains in atmospheric black-and-white sumi-e ink, the rising sun glowing vivid red — calm before resolve. A powerful piece for a living room, office or bedroom. ──────────────────── ✦ WHAT YOU'LL RECEIVE • 1 high-resolution PDF at 300 DPI, true 2:3 aspect ratio • Prints crisp at US sizes: 4×6, 6×9, 8×12, 12×18, 16×24, 20×30, 24×36 in • Plus international ISO sizes: A5, A4, A3, A2, A1 • A built-in printable size & quick-start guide page • INSTANT digital download — nothing is shipped ✦ HOW TO PRINT (pro tips) • Print at home, a local print shop, or online (Printique, WhiteWall, Staples, Shutterfly) • In the print dialog choose “Scale/Fit to size” and select your paper • Matte or fine-art paper gives the most authentic ink look; for large A2/A1 use heavyweight matte for a gallery feel ✦ DETAILS • Original ink-wash artwork, AI-assist",https://canvasminiart.site/p/4523785307.html,https://i.etsystatic.com/65245102/r/il/b013ff/8197747649/il_fullxfull.8197747649_bpzo.jpg,8.99 USD,in stock,new,MiniCanvasArt,"Home & Garden > Decor > Artwork > Posters, Prints, & Visual Artwork",Samurai & Warriors
4523792964,Monk Meditation Cliff Ink Print | Black White Moon Japandi Wall Art (Digital Download),"A monk meditates on a cliff beneath a great pale moon in atmospheric black-and-white sumi-e ink, his prayer beads glowing vivid red — stillness and depth. A grounding piece for a bedroom, meditation room or office. ──────────────────── ✦ WHAT YOU'LL RECEIVE • 1 high-resolution PDF at 300 DPI, true 2:3 aspect ratio • Prints crisp at US sizes: 4×6, 6×9, 8×12, 12×18, 16×24, 20×30, 24×36 in • Plus international ISO sizes: A5, A4, A3, A2, A1 • A built-in printable size & quick-start guide page • INSTANT digital download — nothing is shipped ✦ HOW TO PRINT (pro tips) • Print at home, a local print shop, or online (Printique, WhiteWall, Staples, Shutterfly) • In the print dialog choose “Scale/Fit to size” and select your paper • Matte or fine-art paper gives the most authentic ink look; for large A2/A1 use heavyweight matte for a gallery feel ✦ DETAILS • Original ink-wash artwork, AI-assisted, ",https://canvasminiart.site/p/4523792964.html,https://i.etsystatic.com/65245102/r/il/5cd27e/8197741789/il_fullxfull.8197741789_jjf6.jpg,8.99 USD,in stock,new,MiniCanvasArt,"Home & Garden > Decor > Artwork > Posters, Prints, & Visual Artwork",Landscapes & Nature
4523792260,Kung Fu Mountains Ink Art | Black White Red Zen Martial Arts Print (Digital Download),"A martial artist holds a powerful stance on a rocky outcrop before misty mountains in bold black-and-white sumi-e ink, the sash glowing vivid red — focus and strength. A striking piece for an office, gym or living room. ──────────────────── ✦ WHAT YOU'LL RECEIVE • 1 high-resolution PDF at 300 DPI, true 2:3 aspect ratio • Prints crisp at US sizes: 4×6, 6×9, 8×12, 12×18, 16×24, 20×30, 24×36 in • Plus international ISO sizes: A5, A4, A3, A2, A1 • A built-in printable size & quick-start guide page • INSTANT digital download — nothing is shipped ✦ HOW TO PRINT (pro tips) • Print at home, a local print shop, or online (Printique, WhiteWall, Staples, Shutterfly) • In the print dialog choose “Scale/Fit to size” and select your paper • Matte or fine-art paper gives the most authentic ink look; for large A2/A1 use heavyweight matte for a gallery feel ✦ DETAILS • Original ink-wash artwork, AI-assis",https://canvasminiart.site/p/4523792260.html,https://i.etsystatic.com/65245102/r/il/d04db3/8197736319/il_fullxfull.8197736319_6lli.jpg,8.99 USD,in stock,new,MiniCanvasArt,"Home & Garden > Decor > Artwork > Posters, Prints, & Visual Artwork",Landscapes & Nature
4523791542,Fisherman Lake Moon Ink Painting | Black White Red Minimalist Japandi Art (Digital Download),"A lone fisherman drifts on a misty moonlit lake in atmospheric black-and-white sumi-e ink, a small lantern glowing vivid red — solitude and calm. A serene focal point for a living room, bedroom or office, with exactly the one-accent look modern interiors love. ──────────────────── ✦ WHAT YOU'LL RECEIVE • 1 high-resolution PDF at 300 DPI, true 2:3 aspect ratio • Prints crisp at US sizes: 4×6, 6×9, 8×12, 12×18, 16×24, 20×30, 24×36 in • Plus international ISO sizes: A5, A4, A3, A2, A1 • A built-in printable size & quick-start guide page • INSTANT digital download — nothing is shipped ✦ HOW TO PRINT (pro tips) • Print at home, a local print shop, or online (Printique, WhiteWall, Staples, Shutterfly) • In the print dialog choose “Scale/Fit to size” and select your paper • Matte or fine-art paper gives the most authentic ink look; for large A2/A1 use heavyweight matte for a gallery feel ✦ DETA",https://canvasminiart.site/p/4523791542.html,https://i.etsystatic.com/65245102/r/il/145f43/8149815250/il_fullxfull.8149815250_e6er.jpg,8.99 USD,in stock,new,MiniCanvasArt,"Home & Garden > Decor > Artwork > Posters, Prints, & Visual Artwork",Landscapes & Nature
4523781051,Samurai Meditation Ink Print | Black White Red Minimalist Japandi Zen Decor (Digital Download),"A samurai sits cross-legged in quiet meditation with his katana upright before him in expressive black-and-white sumi-e ink, his obi glowing vivid red — inner calm and focus. A grounding piece for an office, bedroom or living room. ──────────────────── ✦ WHAT YOU'LL RECEIVE • 1 high-resolution PDF at 300 DPI, true 2:3 aspect ratio • Prints crisp at US sizes: 4×6, 6×9, 8×12, 12×18, 16×24, 20×30, 24×36 in • Plus international ISO sizes: A5, A4, A3, A2, A1 • A built-in printable size & quick-start guide page • INSTANT digital download — nothing is shipped ✦ HOW TO PRINT (pro tips) • Print at home, a local print shop, or online (Printique, WhiteWall, Staples, Shutterfly) • In the print dialog choose “Scale/Fit to size” and select your paper • Matte or fine-art paper gives the most authentic ink look; for large A2/A1 use heavyweight matte for a gallery feel ✦ DETAILS • Original ink-wash artwo",https://canvasminiart.site/p/4523781051.html,https://i.etsystatic.com/65245102/r/il/e9ea37/8197717587/il_fullxfull.8197717587_nbr1.jpg,8.99 USD,in stock,new,MiniCanvasArt,"Home & Garden > Decor > Artwork > Posters, Prints, & Visual Artwork",Samurai & Warriors
4523780265,Kimono Woman Fan Ink Print | Black White Red Japandi Zen Decor (Digital Download),"An elegant woman stands in a flowing kimono holding an open folding fan in graceful black-and-white sumi-e ink, the fan glowing vivid red — beauty and poise. A lovely piece for a bedroom, living room or hallway. ──────────────────── ✦ WHAT YOU'LL RECEIVE • 1 high-resolution PDF at 300 DPI, true 2:3 aspect ratio • Prints crisp at US sizes: 4×6, 6×9, 8×12, 12×18, 16×24, 20×30, 24×36 in • Plus international ISO sizes: A5, A4, A3, A2, A1 • A built-in printable size & quick-start guide page • INSTANT digital download — nothing is shipped ✦ HOW TO PRINT (pro tips) • Print at home, a local print shop, or online (Printique, WhiteWall, Staples, Shutterfly) • In the print dialog choose “Scale/Fit to size” and select your paper • Matte or fine-art paper gives the most authentic ink look; for large A2/A1 use heavyweight matte for a gallery feel ✦ DETAILS • Original ink-wash artwork, AI-assisted, exc",https://canvasminiart.site/p/4523780265.html,https://i.etsystatic.com/65245102/r/il/cce92d/8197712137/il_fullxfull.8197712137_pc7g.jpg,8.99 USD,in stock,new,MiniCanvasArt,"Home & Garden > Decor > Artwork > Posters, Prints, & Visual Artwork",Japanese & Zen
4523779323,Samurai Iaido Sword Draw Ink | Black White Red Wall Art | Printable Digital Download | Japandi Zen Decor,"A samurai draws his katana in a dynamic iaido stance in bold sweeping black-and-white sumi-e ink, the cord glowing vivid red — focus and motion held still. A powerful piece for an office, living room or bedroom. ──────────────────── ✦ WHAT YOU'LL RECEIVE • 1 high-resolution PDF at 300 DPI, true 2:3 aspect ratio • Prints crisp at US sizes: 4×6, 6×9, 8×12, 12×18, 16×24, 20×30, 24×36 in • Plus international ISO sizes: A5, A4, A3, A2, A1 • A built-in printable size & quick-start guide page • INSTANT digital download — nothing is shipped ✦ HOW TO PRINT (pro tips) • Print at home, a local print shop, or online (Printique, WhiteWall, Staples, Shutterfly) • In the print dialog choose “Scale/Fit to size” and select your paper • Matte or fine-art paper gives the most authentic ink look; for large A2/A1 use heavyweight matte for a gallery feel ✦ DETAILS • Original ink-wash artwork, AI-assisted, exc",https://canvasminiart.site/p/4523779323.html,https://i.etsystatic.com/65245102/r/il/fe812b/8197706395/il_fullxfull.8197706395_jk60.jpg,8.99 USD,in stock,new,MiniCanvasArt,"Home & Garden > Decor > Artwork > Posters, Prints, & Visual Artwork",Samurai & Warriors
4523778101,Tea Master Ink Wash Painting | Japandi Zen Home Decor (Digital Download),"An elderly tea master kneels beside his teapot and cups in weathered black-and-white sumi-e ink, his cushion glowing vivid red — wisdom and calm. A warm, characterful piece for a living room, dining room or tea corner. ──────────────────── ✦ WHAT YOU'LL RECEIVE • 1 high-resolution PDF at 300 DPI, true 2:3 aspect ratio • Prints crisp at US sizes: 4×6, 6×9, 8×12, 12×18, 16×24, 20×30, 24×36 in • Plus international ISO sizes: A5, A4, A3, A2, A1 • A built-in printable size & quick-start guide page • INSTANT digital download — nothing is shipped ✦ HOW TO PRINT (pro tips) • Print at home, a local print shop, or online (Printique, WhiteWall, Staples, Shutterfly) • In the print dialog choose “Scale/Fit to size” and select your paper • Matte or fine-art paper gives the most authentic ink look; for large A2/A1 use heavyweight matte for a gallery feel ✦ DETAILS • Original ink-wash artwork, AI-assist",https://canvasminiart.site/p/4523778101.html,https://i.etsystatic.com/65245102/r/il/35a62a/8149784608/il_fullxfull.8149784608_54pb.jpg,8.99 USD,in stock,new,MiniCanvasArt,"Home & Garden > Decor > Artwork > Posters, Prints, & Visual Artwork",Japanese & Zen
4523785700,Samurai Bowing Honor Ink | Black White Red Minimalist Wall Art | Printable Digital Download | Japandi Zen Decor,"A samurai kneels in a deep respectful bow with his katana beside him in expressive black-and-white sumi-e ink, his obi glowing vivid red — humility and honor. A meaningful piece for an office, living room or study. ──────────────────── ✦ WHAT YOU'LL RECEIVE • 1 high-resolution PDF at 300 DPI, true 2:3 aspect ratio • Prints crisp at US sizes: 4×6, 6×9, 8×12, 12×18, 16×24, 20×30, 24×36 in • Plus international ISO sizes: A5, A4, A3, A2, A1 • A built-in printable size & quick-start guide page • INSTANT digital download — nothing is shipped ✦ HOW TO PRINT (pro tips) • Print at home, a local print shop, or online (Printique, WhiteWall, Staples, Shutterfly) • In the print dialog choose “Scale/Fit to size” and select your paper • Matte or fine-art paper gives the most authentic ink look; for large A2/A1 use heavyweight matte for a gallery feel ✦ DETAILS • Original ink-wash artwork, AI-assisted, ",https://canvasminiart.site/p/4523785700.html,https://i.etsystatic.com/65245102/r/il/8e2c41/8149779022/il_fullxfull.8149779022_kx31.jpg,8.99 USD,in stock,new,MiniCanvasArt,"Home & Garden > Decor > Artwork > Posters, Prints, & Visual Artwork",Samurai & Warriors
4523784772,Geisha Tea Ceremony Ink | Black White Red Minimalist Wall Art | Printable Digital Download | Japandi Zen Decor,"An elegant geisha kneels preparing tea in expressive black-and-white sumi-e ink, her obi glowing vivid red — poise and tradition. A refined piece for a living room, bedroom or dining room. ──────────────────── ✦ WHAT YOU'LL RECEIVE • 1 high-resolution PDF at 300 DPI, true 2:3 aspect ratio • Prints crisp at US sizes: 4×6, 6×9, 8×12, 12×18, 16×24, 20×30, 24×36 in • Plus international ISO sizes: A5, A4, A3, A2, A1 • A built-in printable size & quick-start guide page • INSTANT digital download — nothing is shipped ✦ HOW TO PRINT (pro tips) • Print at home, a local print shop, or online (Printique, WhiteWall, Staples, Shutterfly) • In the print dialog choose “Scale/Fit to size” and select your paper • Matte or fine-art paper gives the most authentic ink look; for large A2/A1 use heavyweight matte for a gallery feel ✦ DETAILS • Original ink-wash artwork, AI-assisted, exclusive to MiniCanvasArt",https://canvasminiart.site/p/4523784772.html,https://i.etsystatic.com/65245102/r/il/b55a25/8197687139/il_fullxfull.8197687139_96mi.jpg,8.99 USD,in stock,new,MiniCanvasArt,"Home & Garden > Decor > Artwork > Posters, Prints, & Visual Artwork",Japanese & Zen
4523783866,Standing Samurai Katana Ink | Black White Red Minimalist Wall Art | Printable Digital Download | Japandi Decor,"A samurai stands tall holding his katana upright in bold black-and-white sumi-e ink, the handle wrap glowing vivid red — honor and resolve. A striking piece for an office, living room or bedroom. ──────────────────── ✦ WHAT YOU'LL RECEIVE • 1 high-resolution PDF at 300 DPI, true 2:3 aspect ratio • Prints crisp at US sizes: 4×6, 6×9, 8×12, 12×18, 16×24, 20×30, 24×36 in • Plus international ISO sizes: A5, A4, A3, A2, A1 • A built-in printable size & quick-start guide page • INSTANT digital download — nothing is shipped ✦ HOW TO PRINT (pro tips) • Print at home, a local print shop, or online (Printique, WhiteWall, Staples, Shutterfly) • In the print dialog choose “Scale/Fit to size” and select your paper • Matte or fine-art paper gives the most authentic ink look; for large A2/A1 use heavyweight matte for a gallery feel ✦ DETAILS • Original ink-wash artwork, AI-assisted, exclusive to MiniCa",https://canvasminiart.site/p/4523783866.html,https://i.etsystatic.com/65245102/r/il/2662d8/8197682249/il_fullxfull.8197682249_qgzu.jpg,8.99 USD,in stock,new,MiniCanvasArt,"Home & Garden > Decor > Artwork > Posters, Prints, & Visual Artwork",Samurai & Warriors
4523774599,Kimono Woman Tea Pouring Ink Art | Black White Red Japandi Zen Decor (Digital Download),"A woman in a kimono kneels and pours tea with delicate steam in expressive black-and-white sumi-e ink, her obi glowing vivid red — a warm, mindful moment. A soothing piece for a living room, dining room or bedroom. ──────────────────── ✦ WHAT YOU'LL RECEIVE • 1 high-resolution PDF at 300 DPI, true 2:3 aspect ratio • Prints crisp at US sizes: 4×6, 6×9, 8×12, 12×18, 16×24, 20×30, 24×36 in • Plus international ISO sizes: A5, A4, A3, A2, A1 • A built-in printable size & quick-start guide page • INSTANT digital download — nothing is shipped ✦ HOW TO PRINT (pro tips) • Print at home, a local print shop, or online (Printique, WhiteWall, Staples, Shutterfly) • In the print dialog choose “Scale/Fit to size” and select your paper • Matte or fine-art paper gives the most authentic ink look; for large A2/A1 use heavyweight matte for a gallery feel ✦ DETAILS • Original ink-wash artwork, AI-assisted, ",https://canvasminiart.site/p/4523774599.html,https://i.etsystatic.com/65245102/r/il/198a73/8149764418/il_fullxfull.8149764418_22fz.jpg,8.99 USD,in stock,new,MiniCanvasArt,"Home & Garden > Decor > Artwork > Posters, Prints, & Visual Artwork",Japanese & Zen
4523782284,Samurai Seiza Katana Ink | Black White Red Minimalist Wall Art | Printable Digital Download | Japandi Zen Decor,"A samurai kneels calmly in seiza with his katana across his lap in expressive black-and-white sumi-e ink, the sword cord glowing vivid red — discipline and quiet strength. A grounding piece for an office, living room or bedroom. ──────────────────── ✦ WHAT YOU'LL RECEIVE • 1 high-resolution PDF at 300 DPI, true 2:3 aspect ratio • Prints crisp at US sizes: 4×6, 6×9, 8×12, 12×18, 16×24, 20×30, 24×36 in • Plus international ISO sizes: A5, A4, A3, A2, A1 • A built-in printable size & quick-start guide page • INSTANT digital download — nothing is shipped ✦ HOW TO PRINT (pro tips) • Print at home, a local print shop, or online (Printique, WhiteWall, Staples, Shutterfly) • In the print dialog choose “Scale/Fit to size” and select your paper • Matte or fine-art paper gives the most authentic ink look; for large A2/A1 use heavyweight matte for a gallery feel ✦ DETAILS • Original ink-wash artwork,",https://canvasminiart.site/p/4523782284.html,https://i.etsystatic.com/65245102/r/il/48501f/8149758492/il_fullxfull.8149758492_dxbb.jpg,8.99 USD,in stock,new,MiniCanvasArt,"Home & Garden > Decor > Artwork > Posters, Prints, & Visual Artwork",Samurai & Warriors
4523773003,Tea Ceremony Kimono Woman Ink Print | Minimalist Japandi Zen Wall Art (Digital Download),"A woman in a kimono kneels and whisks matcha in expressive black-and-white sumi-e ink, her obi sash glowing vivid red — grace, ritual and stillness. A serene focal point for a living room, bedroom or office, with exactly the one-accent look modern interiors love. ──────────────────── ✦ WHAT YOU'LL RECEIVE • 1 high-resolution PDF at 300 DPI, true 2:3 aspect ratio • Prints crisp at US sizes: 4×6, 6×9, 8×12, 12×18, 16×24, 20×30, 24×36 in • Plus international ISO sizes: A5, A4, A3, A2, A1 • A built-in printable size & quick-start guide page • INSTANT digital download — nothing is shipped ✦ HOW TO PRINT (pro tips) • Print at home, a local print shop, or online (Printique, WhiteWall, Staples, Shutterfly) • In the print dialog choose “Scale/Fit to size” and select your paper • Matte or fine-art paper gives the most authentic ink look; for large A2/A1 use heavyweight matte for a gallery feel ✦ D",https://canvasminiart.site/p/4523773003.html,https://i.etsystatic.com/65245102/r/il/4e5a9e/8149753710/il_fullxfull.8149753710_7wi1.jpg,8.99 USD,in stock,new,MiniCanvasArt,"Home & Garden > Decor > Artwork > Posters, Prints, & Visual Artwork",Japanese & Zen
4523278720,Minimalist Teapot Ink Print | Black White Red Zen Japandi Kitchen Art (Digital Download),"A single teapot rendered in a few confident brushstrokes against vast empty space, a small red dot on the lid — pure, breathing minimalism. A refined piece for a kitchen, office or living room. ──────────────────── ✦ WHAT YOU'LL RECEIVE • 1 high-resolution PDF at 300 DPI, true 2:3 aspect ratio • Prints crisp at US sizes: 4×6, 6×9, 8×12, 12×18, 16×24, 20×30, 24×36 in • Plus international ISO sizes: A5, A4, A3, A2, A1 • A built-in printable size & quick-start guide page • INSTANT digital download — nothing is shipped ✦ HOW TO PRINT (pro tips) • Print at home, a local print shop, or online (Printique, WhiteWall, Staples, Shutterfly) • In the print dialog choose “Scale/Fit to size” and select your paper • Matte or fine-art paper gives the most authentic ink look; for large A2/A1 use heavyweight matte for a gallery feel ✦ DETAILS • Original ink-wash artwork, AI-assisted, exclusive to MiniCanv",https://canvasminiart.site/p/4523278720.html,https://i.etsystatic.com/65245102/r/il/07c860/8146178060/il_fullxfull.8146178060_i7d3.jpg,8.99 USD,in stock,new,MiniCanvasArt,"Home & Garden > Decor > Artwork > Posters, Prints, & Visual Artwork",Japanese & Zen
4523278058,Japanese Tea Tray Ink Print | Minimalist Zen Japandi Wall Art (Digital Download),"A wooden tray holds a teapot and two cups in soft black-and-white ink, one cup glowing vivid red — togetherness and calm. A warm piece for a kitchen, dining room or living room. ──────────────────── ✦ WHAT YOU'LL RECEIVE • 1 high-resolution PDF at 300 DPI, true 2:3 aspect ratio • Prints crisp at US sizes: 4×6, 6×9, 8×12, 12×18, 16×24, 20×30, 24×36 in • Plus international ISO sizes: A5, A4, A3, A2, A1 • A built-in printable size & quick-start guide page • INSTANT digital download — nothing is shipped ✦ HOW TO PRINT (pro tips) • Print at home, a local print shop, or online (Printique, WhiteWall, Staples, Shutterfly) • In the print dialog choose “Scale/Fit to size” and select your paper • Matte or fine-art paper gives the most authentic ink look; for large A2/A1 use heavyweight matte for a gallery feel ✦ DETAILS • Original ink-wash artwork, AI-assisted, exclusive to MiniCanvasArt • Colors m",https://canvasminiart.site/p/4523278058.html,https://i.etsystatic.com/65245102/r/il/087f82/8146172626/il_fullxfull.8146172626_3xx3.jpg,8.99 USD,in stock,new,MiniCanvasArt,"Home & Garden > Decor > Artwork > Posters, Prints, & Visual Artwork",Japanese & Zen
4523268537,Red Tea Cup Steam Ink Print | Minimalist Japandi Kitchen Wall Art (Digital Download),"A single tea cup with delicate curling steam in soft black-and-white ink, the cup glowing vivid red — a warm, mindful pause. A soothing piece for a kitchen, breakfast nook or office. ──────────────────── ✦ WHAT YOU'LL RECEIVE • 1 high-resolution PDF at 300 DPI, true 2:3 aspect ratio • Prints crisp at US sizes: 4×6, 6×9, 8×12, 12×18, 16×24, 20×30, 24×36 in • Plus international ISO sizes: A5, A4, A3, A2, A1 • A built-in printable size & quick-start guide page • INSTANT digital download — nothing is shipped ✦ HOW TO PRINT (pro tips) • Print at home, a local print shop, or online (Printique, WhiteWall, Staples, Shutterfly) • In the print dialog choose “Scale/Fit to size” and select your paper • Matte or fine-art paper gives the most authentic ink look; for large A2/A1 use heavyweight matte for a gallery feel ✦ DETAILS • Original ink-wash artwork, AI-assisted, exclusive to MiniCanvasArt • Col",https://canvasminiart.site/p/4523268537.html,https://i.etsystatic.com/65245102/r/il/4db42e/8146168396/il_fullxfull.8146168396_n9x2.jpg,8.99 USD,in stock,new,MiniCanvasArt,"Home & Garden > Decor > Artwork > Posters, Prints, & Visual Artwork",Japanese & Zen
4523268027,Zen Tea Still Life Ink Print | Minimalist Japandi Wall Art (Digital Download),"A zen still life of teapot, cup and a slender branch in a vase in soft black-and-white ink, a single flower glowing vivid red — calm and balanced. A graceful piece for a living room, dining room or office. ──────────────────── ✦ WHAT YOU'LL RECEIVE • 1 high-resolution PDF at 300 DPI, true 2:3 aspect ratio • Prints crisp at US sizes: 4×6, 6×9, 8×12, 12×18, 16×24, 20×30, 24×36 in • Plus international ISO sizes: A5, A4, A3, A2, A1 • A built-in printable size & quick-start guide page • INSTANT digital download — nothing is shipped ✦ HOW TO PRINT (pro tips) • Print at home, a local print shop, or online (Printique, WhiteWall, Staples, Shutterfly) • In the print dialog choose “Scale/Fit to size” and select your paper • Matte or fine-art paper gives the most authentic ink look; for large A2/A1 use heavyweight matte for a gallery feel ✦ DETAILS • Original ink-wash artwork, AI-assisted, exclusive",https://canvasminiart.site/p/4523268027.html,https://i.etsystatic.com/65245102/r/il/41c518/8146164768/il_fullxfull.8146164768_cjk6.jpg,8.99 USD,in stock,new,MiniCanvasArt,"Home & Garden > Decor > Artwork > Posters, Prints, & Visual Artwork",Japanese & Zen
4523267525,Bamboo Tea Whisk Ink Print | Minimalist Japandi Wall Art (Digital Download),"A bamboo whisk and scoop rest beside a bowl in delicate black-and-white ink, a small blossom glowing vivid red — simple and serene. A quiet piece for a kitchen, tea corner or office. ──────────────────── ✦ WHAT YOU'LL RECEIVE • 1 high-resolution PDF at 300 DPI, true 2:3 aspect ratio • Prints crisp at US sizes: 4×6, 6×9, 8×12, 12×18, 16×24, 20×30, 24×36 in • Plus international ISO sizes: A5, A4, A3, A2, A1 • A built-in printable size & quick-start guide page • INSTANT digital download — nothing is shipped ✦ HOW TO PRINT (pro tips) • Print at home, a local print shop, or online (Printique, WhiteWall, Staples, Shutterfly) • In the print dialog choose “Scale/Fit to size” and select your paper • Matte or fine-art paper gives the most authentic ink look; for large A2/A1 use heavyweight matte for a gallery feel ✦ DETAILS • Original ink-wash artwork, AI-assisted, exclusive to MiniCanvasArt • Col",https://canvasminiart.site/p/4523267525.html,https://i.etsystatic.com/65245102/r/il/2b7177/8146160966/il_fullxfull.8146160966_knqv.jpg,8.99 USD,in stock,new,MiniCanvasArt,"Home & Garden > Decor > Artwork > Posters, Prints, & Visual Artwork",Florals & Botanical
4523276134,Tea Ceremony Kimono Ink Print | Black White Red Minimalist Japandi Decor (Digital Download),"A figure in a kimono kneels gracefully performing the tea ceremony in expressive black-and-white ink, the sash glowing vivid red — elegance and mindfulness. A refined piece for a living room, study or dining room. ──────────────────── ✦ WHAT YOU'LL RECEIVE • 1 high-resolution PDF at 300 DPI, true 2:3 aspect ratio • Prints crisp at US sizes: 4×6, 6×9, 8×12, 12×18, 16×24, 20×30, 24×36 in • Plus international ISO sizes: A5, A4, A3, A2, A1 • A built-in printable size & quick-start guide page • INSTANT digital download — nothing is shipped ✦ HOW TO PRINT (pro tips) • Print at home, a local print shop, or online (Printique, WhiteWall, Staples, Shutterfly) • In the print dialog choose “Scale/Fit to size” and select your paper • Matte or fine-art paper gives the most authentic ink look; for large A2/A1 use heavyweight matte for a gallery feel ✦ DETAILS • Original ink-wash artwork, AI-assisted, e",https://canvasminiart.site/p/4523276134.html,https://i.etsystatic.com/65245102/r/il/72bdcc/8146157038/il_fullxfull.8146157038_hxxw.jpg,8.99 USD,in stock,new,MiniCanvasArt,"Home & Garden > Decor > Artwork > Posters, Prints, & Visual Artwork",Japanese & Zen
4523275654,Japanese Iron Kettle Ink Print | Minimalist Zen Japandi Wall Art (Digital Download),"A traditional iron kettle steams gently over glowing embers in soft black-and-white ink, the embers vivid red — warmth and quiet ritual. A cozy piece for a kitchen, dining room or living room. ──────────────────── ✦ WHAT YOU'LL RECEIVE • 1 high-resolution PDF at 300 DPI, true 2:3 aspect ratio • Prints crisp at US sizes: 4×6, 6×9, 8×12, 12×18, 16×24, 20×30, 24×36 in • Plus international ISO sizes: A5, A4, A3, A2, A1 • A built-in printable size & quick-start guide page • INSTANT digital download — nothing is shipped ✦ HOW TO PRINT (pro tips) • Print at home, a local print shop, or online (Printique, WhiteWall, Staples, Shutterfly) • In the print dialog choose “Scale/Fit to size” and select your paper • Matte or fine-art paper gives the most authentic ink look; for large A2/A1 use heavyweight matte for a gallery feel ✦ DETAILS • Original ink-wash artwork, AI-assisted, exclusive to MiniCanva",https://canvasminiart.site/p/4523275654.html,https://i.etsystatic.com/65245102/r/il/70cba4/8194059051/il_fullxfull.8194059051_b7v8.jpg,8.99 USD,in stock,new,MiniCanvasArt,"Home & Garden > Decor > Artwork > Posters, Prints, & Visual Artwork",Japanese & Zen
4523266109,Matcha Bowl Whisk Ink Print | Minimalist Japandi Wall Art (Digital Download),"A matcha bowl and bamboo whisk rest together in soft black-and-white ink, a single camellia glowing vivid red — stillness and ritual. A calming piece for a kitchen, tea corner or living room. ──────────────────── ✦ WHAT YOU'LL RECEIVE • 1 high-resolution PDF at 300 DPI, true 2:3 aspect ratio • Prints crisp at US sizes: 4×6, 6×9, 8×12, 12×18, 16×24, 20×30, 24×36 in • Plus international ISO sizes: A5, A4, A3, A2, A1 • A built-in printable size & quick-start guide page • INSTANT digital download — nothing is shipped ✦ HOW TO PRINT (pro tips) • Print at home, a local print shop, or online (Printique, WhiteWall, Staples, Shutterfly) • In the print dialog choose “Scale/Fit to size” and select your paper • Matte or fine-art paper gives the most authentic ink look; for large A2/A1 use heavyweight matte for a gallery feel ✦ DETAILS • Original ink-wash artwork, AI-assisted, exclusive to MiniCanvas",https://canvasminiart.site/p/4523266109.html,https://i.etsystatic.com/65245102/r/il/8b13a6/8194055327/il_fullxfull.8194055327_8ej9.jpg,8.99 USD,in stock,new,MiniCanvasArt,"Home & Garden > Decor > Artwork > Posters, Prints, & Visual Artwork",Koi & Animals
4523265679,Pouring Tea Steam Ink | Black White Red Minimalist Wall Art | Printable Digital Download | Zen Japandi Decor,"Tea pours into a cup with delicate rising steam in soft black-and-white ink, the cup glowing vivid red — a warm, mindful moment. A soothing piece for a kitchen, breakfast nook or living room. ──────────────────── ✦ WHAT YOU'LL RECEIVE • 1 high-resolution PDF at 300 DPI, true 2:3 aspect ratio • Prints crisp at US sizes: 4×6, 6×9, 8×12, 12×18, 16×24, 20×30, 24×36 in • Plus international ISO sizes: A5, A4, A3, A2, A1 • A built-in printable size & quick-start guide page • INSTANT digital download — nothing is shipped ✦ HOW TO PRINT (pro tips) • Print at home, a local print shop, or online (Printique, WhiteWall, Staples, Shutterfly) • In the print dialog choose “Scale/Fit to size” and select your paper • Matte or fine-art paper gives the most authentic ink look; for large A2/A1 use heavyweight matte for a gallery feel ✦ DETAILS • Original ink-wash artwork, AI-assisted, exclusive to MiniCanvas",https://canvasminiart.site/p/4523265679.html,https://i.etsystatic.com/65245102/r/il/15855f/8146145802/il_fullxfull.8146145802_naay.jpg,8.99 USD,in stock,new,MiniCanvasArt,"Home & Garden > Decor > Artwork > Posters, Prints, & Visual Artwork",Japanese & Zen
4523265251,Japanese Tea Set Ink Print | Minimalist Zen Japandi Wall Art (Digital Download),"An elegant Japanese tea ceremony set in soft black-and-white ink, one cup glowing vivid red — calm, ritual and quiet beauty. A serene focal point for a kitchen, dining room or living room, with exactly the one-accent look modern interiors love. ──────────────────── ✦ WHAT YOU'LL RECEIVE • 1 high-resolution PDF at 300 DPI, true 2:3 aspect ratio • Prints crisp at US sizes: 4×6, 6×9, 8×12, 12×18, 16×24, 20×30, 24×36 in • Plus international ISO sizes: A5, A4, A3, A2, A1 • A built-in printable size & quick-start guide page • INSTANT digital download — nothing is shipped ✦ HOW TO PRINT (pro tips) • Print at home, a local print shop, or online (Printique, WhiteWall, Staples, Shutterfly) • In the print dialog choose “Scale/Fit to size” and select your paper • Matte or fine-art paper gives the most authentic ink look; for large A2/A1 use heavyweight matte for a gallery feel ✦ DETAILS • Original i",https://canvasminiart.site/p/4523265251.html,https://i.etsystatic.com/65245102/r/il/9ca62c/8194047699/il_fullxfull.8194047699_4ie8.jpg,8.99 USD,in stock,new,MiniCanvasArt,"Home & Garden > Decor > Artwork > Posters, Prints, & Visual Artwork",Japanese & Zen
4523269070,Zen Water Swirl Ink Print | Minimalist Black White Red Art (Digital Download),"A single elegant zen water swirl rendered in a few confident brushstrokes against vast empty space, a small red circle for one accent — pure, breathing minimalism. A refined piece for a bedroom, office or living room. ──────────────────── ✦ WHAT YOU'LL RECEIVE • 1 high-resolution PDF at 300 DPI, true 2:3 aspect ratio • Prints crisp at US sizes: 4×6, 6×9, 8×12, 12×18, 16×24, 20×30, 24×36 in • Plus international ISO sizes: A5, A4, A3, A2, A1 • A built-in printable size & quick-start guide page • INSTANT digital download — nothing is shipped ✦ HOW TO PRINT (pro tips) • Print at home, a local print shop, or online (Printique, WhiteWall, Staples, Shutterfly) • In the print dialog choose “Scale/Fit to size” and select your paper • Matte or fine-art paper gives the most authentic ink look; for large A2/A1 use heavyweight matte for a gallery feel ✦ DETAILS • Original ink-wash artwork, AI-assiste",https://canvasminiart.site/p/4523269070.html,https://i.etsystatic.com/65245102/r/il/9a3b6d/8194008937/il_fullxfull.8194008937_mfbp.jpg,8.99 USD,in stock,new,MiniCanvasArt,"Home & Garden > Decor > Artwork > Posters, Prints, & Visual Artwork",Japanese & Zen
4523268534,Tide Lines Red Sun Ink Print | Black White Minimalist Coastal Art (Digital Download),"Layered tide lines recede on a misty shore in delicate black-and-white ink beneath a vivid red rising sun — quiet and atmospheric. A soothing piece for a bedroom, living room or office. ──────────────────── ✦ WHAT YOU'LL RECEIVE • 1 high-resolution PDF at 300 DPI, true 2:3 aspect ratio • Prints crisp at US sizes: 4×6, 6×9, 8×12, 12×18, 16×24, 20×30, 24×36 in • Plus international ISO sizes: A5, A4, A3, A2, A1 • A built-in printable size & quick-start guide page • INSTANT digital download — nothing is shipped ✦ HOW TO PRINT (pro tips) • Print at home, a local print shop, or online (Printique, WhiteWall, Staples, Shutterfly) • In the print dialog choose “Scale/Fit to size” and select your paper • Matte or fine-art paper gives the most authentic ink look; for large A2/A1 use heavyweight matte for a gallery feel ✦ DETAILS • Original ink-wash artwork, AI-assisted, exclusive to MiniCanvasArt • ",https://canvasminiart.site/p/4523268534.html,https://i.etsystatic.com/65245102/r/il/2b4689/8146099034/il_fullxfull.8146099034_10n5.jpg,8.99 USD,in stock,new,MiniCanvasArt,"Home & Garden > Decor > Artwork > Posters, Prints, & Visual Artwork",Landscapes & Nature
4523259333,Sea Foam Wave Red Sun Ink Print | Black White Coastal Japandi Art (Digital Download),"An ocean wave breaks into delicate sea foam patterns in soft black-and-white ink beneath a vivid red sun — intricate and serene. A beautiful piece for a bedroom, bathroom or living room. ──────────────────── ✦ WHAT YOU'LL RECEIVE • 1 high-resolution PDF at 300 DPI, true 2:3 aspect ratio • Prints crisp at US sizes: 4×6, 6×9, 8×12, 12×18, 16×24, 20×30, 24×36 in • Plus international ISO sizes: A5, A4, A3, A2, A1 • A built-in printable size & quick-start guide page • INSTANT digital download — nothing is shipped ✦ HOW TO PRINT (pro tips) • Print at home, a local print shop, or online (Printique, WhiteWall, Staples, Shutterfly) • In the print dialog choose “Scale/Fit to size” and select your paper • Matte or fine-art paper gives the most authentic ink look; for large A2/A1 use heavyweight matte for a gallery feel ✦ DETAILS • Original ink-wash artwork, AI-assisted, exclusive to MiniCanvasArt •",https://canvasminiart.site/p/4523259333.html,https://i.etsystatic.com/65245102/r/il/e40f5c/8146095016/il_fullxfull.8146095016_naxs.jpg,8.99 USD,in stock,new,MiniCanvasArt,"Home & Garden > Decor > Artwork > Posters, Prints, & Visual Artwork",Landscapes & Nature
4523258813,Water Ripples Ink Print | Minimalist Black White Red Zen Art (Digital Download),"Concentric water ripples radiate across a still surface in delicate black-and-white ink, a small red dot at the center — meditative and minimal. A calming piece for a bedroom, bathroom or office. ──────────────────── ✦ WHAT YOU'LL RECEIVE • 1 high-resolution PDF at 300 DPI, true 2:3 aspect ratio • Prints crisp at US sizes: 4×6, 6×9, 8×12, 12×18, 16×24, 20×30, 24×36 in • Plus international ISO sizes: A5, A4, A3, A2, A1 • A built-in printable size & quick-start guide page • INSTANT digital download — nothing is shipped ✦ HOW TO PRINT (pro tips) • Print at home, a local print shop, or online (Printique, WhiteWall, Staples, Shutterfly) • In the print dialog choose “Scale/Fit to size” and select your paper • Matte or fine-art paper gives the most authentic ink look; for large A2/A1 use heavyweight matte for a gallery feel ✦ DETAILS • Original ink-wash artwork, AI-assisted, exclusive to MiniCa",https://canvasminiart.site/p/4523258813.html,https://i.etsystatic.com/65245102/r/il/639766/8146091284/il_fullxfull.8146091284_5c7e.jpg,8.99 USD,in stock,new,MiniCanvasArt,"Home & Garden > Decor > Artwork > Posters, Prints, & Visual Artwork",Japanese & Zen
4523258357,Curling Wave Barrel Red Sun Ink | Black White Wall Art | Printable Digital Download | Coastal Japandi Decor,"A single elegant curling wave barrel with fine foam in soft black-and-white ink beneath a vivid red sun — graceful motion held still. A striking piece for a bedroom, living room or office. ──────────────────── ✦ WHAT YOU'LL RECEIVE • 1 high-resolution PDF at 300 DPI, true 2:3 aspect ratio • Prints crisp at US sizes: 4×6, 6×9, 8×12, 12×18, 16×24, 20×30, 24×36 in • Plus international ISO sizes: A5, A4, A3, A2, A1 • A built-in printable size & quick-start guide page • INSTANT digital download — nothing is shipped ✦ HOW TO PRINT (pro tips) • Print at home, a local print shop, or online (Printique, WhiteWall, Staples, Shutterfly) • In the print dialog choose “Scale/Fit to size” and select your paper • Matte or fine-art paper gives the most authentic ink look; for large A2/A1 use heavyweight matte for a gallery feel ✦ DETAILS • Original ink-wash artwork, AI-assisted, exclusive to MiniCanvasArt",https://canvasminiart.site/p/4523258357.html,https://i.etsystatic.com/65245102/r/il/659fd4/8146087002/il_fullxfull.8146087002_timo.jpg,8.99 USD,in stock,new,MiniCanvasArt,"Home & Garden > Decor > Artwork > Posters, Prints, & Visual Artwork",Landscapes & Nature
4523266408,Stormy Waves Red Sun Ink Print | Black White Minimalist Coastal Art (Digital Download),"Dramatic stormy ocean waves crash in dynamic black-and-white ink beneath a small vivid red sun — bold yet calming. A powerful piece for a living room, office or bedroom. ──────────────────── ✦ WHAT YOU'LL RECEIVE • 1 high-resolution PDF at 300 DPI, true 2:3 aspect ratio • Prints crisp at US sizes: 4×6, 6×9, 8×12, 12×18, 16×24, 20×30, 24×36 in • Plus international ISO sizes: A5, A4, A3, A2, A1 • A built-in printable size & quick-start guide page • INSTANT digital download — nothing is shipped ✦ HOW TO PRINT (pro tips) • Print at home, a local print shop, or online (Printique, WhiteWall, Staples, Shutterfly) • In the print dialog choose “Scale/Fit to size” and select your paper • Matte or fine-art paper gives the most authentic ink look; for large A2/A1 use heavyweight matte for a gallery feel ✦ DETAILS • Original ink-wash artwork, AI-assisted, exclusive to MiniCanvasArt • Colors may vary ",https://canvasminiart.site/p/4523266408.html,https://i.etsystatic.com/65245102/r/il/91a369/8146083152/il_fullxfull.8146083152_6sck.jpg,8.99 USD,in stock,new,MiniCanvasArt,"Home & Garden > Decor > Artwork > Posters, Prints, & Visual Artwork",Landscapes & Nature
4523257245,Calm Sea Red Sun Ink Print | Minimalist Japandi Coastal Wall Art (Digital Download),"A calm sea with gentle wave lines and soft mist in delicate black-and-white ink beneath a vivid red rising sun — peaceful and grounding. A serene piece for a bedroom, living room or office. ──────────────────── ✦ WHAT YOU'LL RECEIVE • 1 high-resolution PDF at 300 DPI, true 2:3 aspect ratio • Prints crisp at US sizes: 4×6, 6×9, 8×12, 12×18, 16×24, 20×30, 24×36 in • Plus international ISO sizes: A5, A4, A3, A2, A1 • A built-in printable size & quick-start guide page • INSTANT digital download — nothing is shipped ✦ HOW TO PRINT (pro tips) • Print at home, a local print shop, or online (Printique, WhiteWall, Staples, Shutterfly) • In the print dialog choose “Scale/Fit to size” and select your paper • Matte or fine-art paper gives the most authentic ink look; for large A2/A1 use heavyweight matte for a gallery feel ✦ DETAILS • Original ink-wash artwork, AI-assisted, exclusive to MiniCanvasAr",https://canvasminiart.site/p/4523257245.html,https://i.etsystatic.com/65245102/r/il/c51edc/8146078896/il_fullxfull.8146078896_4arh.jpg,8.99 USD,in stock,new,MiniCanvasArt,"Home & Garden > Decor > Artwork > Posters, Prints, & Visual Artwork",Landscapes & Nature
4523265320,Whirlpool Swirl Ink | Black White Red Minimalist Wall Art | Printable Digital Download | Zen Japandi Decor,"A swirling whirlpool of water spirals in elegant black-and-white ink, its center glowing vivid red — hypnotic and calm. A captivating piece for a living room, office or bedroom. ──────────────────── ✦ WHAT YOU'LL RECEIVE • 1 high-resolution PDF at 300 DPI, true 2:3 aspect ratio • Prints crisp at US sizes: 4×6, 6×9, 8×12, 12×18, 16×24, 20×30, 24×36 in • Plus international ISO sizes: A5, A4, A3, A2, A1 • A built-in printable size & quick-start guide page • INSTANT digital download — nothing is shipped ✦ HOW TO PRINT (pro tips) • Print at home, a local print shop, or online (Printique, WhiteWall, Staples, Shutterfly) • In the print dialog choose “Scale/Fit to size” and select your paper • Matte or fine-art paper gives the most authentic ink look; for large A2/A1 use heavyweight matte for a gallery feel ✦ DETAILS • Original ink-wash artwork, AI-assisted, exclusive to MiniCanvasArt • Colors m",https://canvasminiart.site/p/4523265320.html,https://i.etsystatic.com/65245102/r/il/ae2316/8146074714/il_fullxfull.8146074714_pzfv.jpg,8.99 USD,in stock,new,MiniCanvasArt,"Home & Garden > Decor > Artwork > Posters, Prints, & Visual Artwork",Japanese & Zen
4523264788,Minimalist Ocean Wave Red Sun Ink | Black White Wall Art | Printable Digital Download | Japandi Coastal Decor,"Minimalist flowing wave lines in delicate black-and-white ink beneath a small vivid red sun — calm, modern and serene. A soothing piece for a bedroom, bathroom or office. ──────────────────── ✦ WHAT YOU'LL RECEIVE • 1 high-resolution PDF at 300 DPI, true 2:3 aspect ratio • Prints crisp at US sizes: 4×6, 6×9, 8×12, 12×18, 16×24, 20×30, 24×36 in • Plus international ISO sizes: A5, A4, A3, A2, A1 • A built-in printable size & quick-start guide page • INSTANT digital download — nothing is shipped ✦ HOW TO PRINT (pro tips) • Print at home, a local print shop, or online (Printique, WhiteWall, Staples, Shutterfly) • In the print dialog choose “Scale/Fit to size” and select your paper • Matte or fine-art paper gives the most authentic ink look; for large A2/A1 use heavyweight matte for a gallery feel ✦ DETAILS • Original ink-wash artwork, AI-assisted, exclusive to MiniCanvasArt • Colors may vary",https://canvasminiart.site/p/4523264788.html,https://i.etsystatic.com/65245102/r/il/afd366/8193976323/il_fullxfull.8193976323_oxuq.jpg,8.99 USD,in stock,new,MiniCanvasArt,"Home & Garden > Decor > Artwork > Posters, Prints, & Visual Artwork",Landscapes & Nature
4523255583,Great Wave Red Sun Ink | Black White Minimalist Wall Art | Printable Digital Download | Japanese Zen Decor,"A great cresting wave curls with foam in bold black-and-white ink, ukiyo-e style, beneath a single vivid red sun — timeless and powerful. A striking focal point for a living room, office or bedroom, with exactly the one-accent look modern interiors love. ──────────────────── ✦ WHAT YOU'LL RECEIVE • 1 high-resolution PDF at 300 DPI, true 2:3 aspect ratio • Prints crisp at US sizes: 4×6, 6×9, 8×12, 12×18, 16×24, 20×30, 24×36 in • Plus international ISO sizes: A5, A4, A3, A2, A1 • A built-in printable size & quick-start guide page • INSTANT digital download — nothing is shipped ✦ HOW TO PRINT (pro tips) • Print at home, a local print shop, or online (Printique, WhiteWall, Staples, Shutterfly) • In the print dialog choose “Scale/Fit to size” and select your paper • Matte or fine-art paper gives the most authentic ink look; for large A2/A1 use heavyweight matte for a gallery feel ✦ DETAILS • ",https://canvasminiart.site/p/4523255583.html,https://i.etsystatic.com/65245102/r/il/320c45/8146066834/il_fullxfull.8146066834_5klp.jpg,8.99 USD,in stock,new,MiniCanvasArt,"Home & Garden > Decor > Artwork > Posters, Prints, & Visual Artwork",Landscapes & Nature
4523250167,Zen Lotus Water Ripples Ink Print | Black White Red Minimalist Spa Art (Digital Download),"A lotus floats on water with soft concentric ripples in black-and-white ink, glowing vivid red — stillness and peace. A deeply calming piece for a bedroom, bathroom or yoga studio. ──────────────────── ✦ WHAT YOU'LL RECEIVE • 1 high-resolution PDF at 300 DPI, true 2:3 aspect ratio • Prints crisp at US sizes: 4×6, 6×9, 8×12, 12×18, 16×24, 20×30, 24×36 in • Plus international ISO sizes: A5, A4, A3, A2, A1 • A built-in printable size & quick-start guide page • INSTANT digital download — nothing is shipped ✦ HOW TO PRINT (pro tips) • Print at home, a local print shop, or online (Printique, WhiteWall, Staples, Shutterfly) • In the print dialog choose “Scale/Fit to size” and select your paper • Matte or fine-art paper gives the most authentic ink look; for large A2/A1 use heavyweight matte for a gallery feel ✦ DETAILS • Original ink-wash artwork, AI-assisted, exclusive to MiniCanvasArt • Color",https://canvasminiart.site/p/4523250167.html,https://i.etsystatic.com/65245102/r/il/4c04e2/8146027022/il_fullxfull.8146027022_fcdh.jpg,8.99 USD,in stock,new,MiniCanvasArt,"Home & Garden > Decor > Artwork > Posters, Prints, & Visual Artwork",Florals & Botanical
4523249585,Lotus Stems Seed Pods Ink Print | Black White Red Japandi Wall Art (Digital Download),"Tall lotus stems with blossoms and seed pods rise from water in delicate black-and-white ink, blooms glowing vivid red — elegant and serene. A graceful piece for a living room, bedroom or office. ──────────────────── ✦ WHAT YOU'LL RECEIVE • 1 high-resolution PDF at 300 DPI, true 2:3 aspect ratio • Prints crisp at US sizes: 4×6, 6×9, 8×12, 12×18, 16×24, 20×30, 24×36 in • Plus international ISO sizes: A5, A4, A3, A2, A1 • A built-in printable size & quick-start guide page • INSTANT digital download — nothing is shipped ✦ HOW TO PRINT (pro tips) • Print at home, a local print shop, or online (Printique, WhiteWall, Staples, Shutterfly) • In the print dialog choose “Scale/Fit to size” and select your paper • Matte or fine-art paper gives the most authentic ink look; for large A2/A1 use heavyweight matte for a gallery feel ✦ DETAILS • Original ink-wash artwork, AI-assisted, exclusive to MiniCa",https://canvasminiart.site/p/4523249585.html,https://i.etsystatic.com/65245102/r/il/febd47/8146023120/il_fullxfull.8146023120_2txq.jpg,8.99 USD,in stock,new,MiniCanvasArt,"Home & Garden > Decor > Artwork > Posters, Prints, & Visual Artwork",Florals & Botanical
4523257674,Open Lotus Bloom Ink | Black White Red Minimalist Wall Art | Printable Digital Download | Zen Japandi Decor,"A fully open lotus seen from above with layered petals in soft black-and-white ink, glowing vivid red — fullness and calm. A beautiful piece for a living room, bedroom or yoga space. ──────────────────── ✦ WHAT YOU'LL RECEIVE • 1 high-resolution PDF at 300 DPI, true 2:3 aspect ratio • Prints crisp at US sizes: 4×6, 6×9, 8×12, 12×18, 16×24, 20×30, 24×36 in • Plus international ISO sizes: A5, A4, A3, A2, A1 • A built-in printable size & quick-start guide page • INSTANT digital download — nothing is shipped ✦ HOW TO PRINT (pro tips) • Print at home, a local print shop, or online (Printique, WhiteWall, Staples, Shutterfly) • In the print dialog choose “Scale/Fit to size” and select your paper • Matte or fine-art paper gives the most authentic ink look; for large A2/A1 use heavyweight matte for a gallery feel ✦ DETAILS • Original ink-wash artwork, AI-assisted, exclusive to MiniCanvasArt • Col",https://canvasminiart.site/p/4523257674.html,https://i.etsystatic.com/65245102/r/il/775e15/8193924631/il_fullxfull.8193924631_fs6f.jpg,8.99 USD,in stock,new,MiniCanvasArt,"Home & Garden > Decor > Artwork > Posters, Prints, & Visual Artwork",Florals & Botanical
4523248359,Minimalist Lotus Ink Print | Red Zen Japandi Wall Art (Digital Download),"A single lotus rendered in a few confident brushstrokes against vast empty space, glowing vivid red — pure, breathing minimalism. A refined piece for a bedroom, office or living room. ──────────────────── ✦ WHAT YOU'LL RECEIVE • 1 high-resolution PDF at 300 DPI, true 2:3 aspect ratio • Prints crisp at US sizes: 4×6, 6×9, 8×12, 12×18, 16×24, 20×30, 24×36 in • Plus international ISO sizes: A5, A4, A3, A2, A1 • A built-in printable size & quick-start guide page • INSTANT digital download — nothing is shipped ✦ HOW TO PRINT (pro tips) • Print at home, a local print shop, or online (Printique, WhiteWall, Staples, Shutterfly) • In the print dialog choose “Scale/Fit to size” and select your paper • Matte or fine-art paper gives the most authentic ink look; for large A2/A1 use heavyweight matte for a gallery feel ✦ DETAILS • Original ink-wash artwork, AI-assisted, exclusive to MiniCanvasArt • Co",https://canvasminiart.site/p/4523248359.html,https://i.etsystatic.com/65245102/r/il/5b84ca/8146014656/il_fullxfull.8146014656_mz8k.jpg,8.99 USD,in stock,new,MiniCanvasArt,"Home & Garden > Decor > Artwork > Posters, Prints, & Visual Artwork",Florals & Botanical
4523256608,Lotus Dragonfly Ink Art Print | Minimalist Zen Japandi Wall Decor (Digital Download),"A delicate dragonfly rests near a lotus in fine black-and-white ink, the bloom glowing vivid red — a quiet, poetic moment. A gentle piece for a bedroom, study or living room. ──────────────────── ✦ WHAT YOU'LL RECEIVE • 1 high-resolution PDF at 300 DPI, true 2:3 aspect ratio • Prints crisp at US sizes: 4×6, 6×9, 8×12, 12×18, 16×24, 20×30, 24×36 in • Plus international ISO sizes: A5, A4, A3, A2, A1 • A built-in printable size & quick-start guide page • INSTANT digital download — nothing is shipped ✦ HOW TO PRINT (pro tips) • Print at home, a local print shop, or online (Printique, WhiteWall, Staples, Shutterfly) • In the print dialog choose “Scale/Fit to size” and select your paper • Matte or fine-art paper gives the most authentic ink look; for large A2/A1 use heavyweight matte for a gallery feel ✦ DETAILS • Original ink-wash artwork, AI-assisted, exclusive to MiniCanvasArt • Colors may ",https://canvasminiart.site/p/4523256608.html,https://i.etsystatic.com/65245102/r/il/e345b9/8193916193/il_fullxfull.8193916193_do44.jpg,8.99 USD,in stock,new,MiniCanvasArt,"Home & Garden > Decor > Artwork > Posters, Prints, & Visual Artwork",Dragons & Mythical
4523247279,Lotus Reflection Water Ink | Black White Red Wall Art | Printable Digital Download | Zen Japandi Home Decor,"A lotus mirrors in still water in soft black-and-white ink, flower and reflection glowing vivid red — serenity doubled. A meditative piece for a bedroom, bathroom or living room. ──────────────────── ✦ WHAT YOU'LL RECEIVE • 1 high-resolution PDF at 300 DPI, true 2:3 aspect ratio • Prints crisp at US sizes: 4×6, 6×9, 8×12, 12×18, 16×24, 20×30, 24×36 in • Plus international ISO sizes: A5, A4, A3, A2, A1 • A built-in printable size & quick-start guide page • INSTANT digital download — nothing is shipped ✦ HOW TO PRINT (pro tips) • Print at home, a local print shop, or online (Printique, WhiteWall, Staples, Shutterfly) • In the print dialog choose “Scale/Fit to size” and select your paper • Matte or fine-art paper gives the most authentic ink look; for large A2/A1 use heavyweight matte for a gallery feel ✦ DETAILS • Original ink-wash artwork, AI-assisted, exclusive to MiniCanvasArt • Colors ",https://canvasminiart.site/p/4523247279.html,https://i.etsystatic.com/65245102/r/il/58f42c/8193912087/il_fullxfull.8193912087_rj0c.jpg,8.99 USD,in stock,new,MiniCanvasArt,"Home & Garden > Decor > Artwork > Posters, Prints, & Visual Artwork",Florals & Botanical
4523246741,Two Lotus Flowers Ink Print | Minimalist Black White Red Art (Digital Download),"Two lotus flowers rise on slender stems in soft black-and-white ink, one glowing vivid red — harmony and grace. A balanced, calming piece for a living room, bedroom or office. ──────────────────── ✦ WHAT YOU'LL RECEIVE • 1 high-resolution PDF at 300 DPI, true 2:3 aspect ratio • Prints crisp at US sizes: 4×6, 6×9, 8×12, 12×18, 16×24, 20×30, 24×36 in • Plus international ISO sizes: A5, A4, A3, A2, A1 • A built-in printable size & quick-start guide page • INSTANT digital download — nothing is shipped ✦ HOW TO PRINT (pro tips) • Print at home, a local print shop, or online (Printique, WhiteWall, Staples, Shutterfly) • In the print dialog choose “Scale/Fit to size” and select your paper • Matte or fine-art paper gives the most authentic ink look; for large A2/A1 use heavyweight matte for a gallery feel ✦ DETAILS • Original ink-wash artwork, AI-assisted, exclusive to MiniCanvasArt • Colors may",https://canvasminiart.site/p/4523246741.html,https://i.etsystatic.com/65245102/r/il/4d14ad/8193908141/il_fullxfull.8193908141_nwc7.jpg,8.99 USD,in stock,new,MiniCanvasArt,"Home & Garden > Decor > Artwork > Posters, Prints, & Visual Artwork",Florals & Botanical
4523254850,Lotus Bud Ink | Black White Red Minimalist Wall Art | Printable Digital Download | Zen Japandi Home Decor,"A graceful lotus bud begins to open on a tall stem in delicate black-and-white ink, glowing vivid red — new beginnings and quiet hope. A calming piece for a bedroom, nursery or office. ──────────────────── ✦ WHAT YOU'LL RECEIVE • 1 high-resolution PDF at 300 DPI, true 2:3 aspect ratio • Prints crisp at US sizes: 4×6, 6×9, 8×12, 12×18, 16×24, 20×30, 24×36 in • Plus international ISO sizes: A5, A4, A3, A2, A1 • A built-in printable size & quick-start guide page • INSTANT digital download — nothing is shipped ✦ HOW TO PRINT (pro tips) • Print at home, a local print shop, or online (Printique, WhiteWall, Staples, Shutterfly) • In the print dialog choose “Scale/Fit to size” and select your paper • Matte or fine-art paper gives the most authentic ink look; for large A2/A1 use heavyweight matte for a gallery feel ✦ DETAILS • Original ink-wash artwork, AI-assisted, exclusive to MiniCanvasArt • C",https://canvasminiart.site/p/4523254850.html,https://i.etsystatic.com/65245102/r/il/714af4/8145998180/il_fullxfull.8145998180_ihcb.jpg,8.99 USD,in stock,new,MiniCanvasArt,"Home & Garden > Decor > Artwork > Posters, Prints, & Visual Artwork",Florals & Botanical
4523245415,Lotus Pond Lily Pads Ink | Black White Red Zen Japandi Wall Decor (Digital Download),"A lotus floats among lily pads on a calm pond in soft black-and-white ink, the bloom glowing vivid red — peaceful and timeless. A soothing piece for a bedroom, bathroom or living room. ──────────────────── ✦ WHAT YOU'LL RECEIVE • 1 high-resolution PDF at 300 DPI, true 2:3 aspect ratio • Prints crisp at US sizes: 4×6, 6×9, 8×12, 12×18, 16×24, 20×30, 24×36 in • Plus international ISO sizes: A5, A4, A3, A2, A1 • A built-in printable size & quick-start guide page • INSTANT digital download — nothing is shipped ✦ HOW TO PRINT (pro tips) • Print at home, a local print shop, or online (Printique, WhiteWall, Staples, Shutterfly) • In the print dialog choose “Scale/Fit to size” and select your paper • Matte or fine-art paper gives the most authentic ink look; for large A2/A1 use heavyweight matte for a gallery feel ✦ DETAILS • Original ink-wash artwork, AI-assisted, exclusive to MiniCanvasArt • C",https://canvasminiart.site/p/4523245415.html,https://i.etsystatic.com/65245102/r/il/c6aac9/8193899011/il_fullxfull.8193899011_jj26.jpg,8.99 USD,in stock,new,MiniCanvasArt,"Home & Garden > Decor > Artwork > Posters, Prints, & Visual Artwork",Florals & Botanical
4523253514,Single Lotus Flower Ink | Black White Red Minimalist Wall Art | Printable Digital Download | Zen Japandi Decor,"A single elegant lotus blooms on a slender stem in soft black-and-white ink, glowing vivid red — purity, calm and modern beauty. A serene focal point for a bedroom, living room or office, with exactly the one-accent look modern interiors love. ──────────────────── ✦ WHAT YOU'LL RECEIVE • 1 high-resolution PDF at 300 DPI, true 2:3 aspect ratio • Prints crisp at US sizes: 4×6, 6×9, 8×12, 12×18, 16×24, 20×30, 24×36 in • Plus international ISO sizes: A5, A4, A3, A2, A1 • A built-in printable size & quick-start guide page • INSTANT digital download — nothing is shipped ✦ HOW TO PRINT (pro tips) • Print at home, a local print shop, or online (Printique, WhiteWall, Staples, Shutterfly) • In the print dialog choose “Scale/Fit to size” and select your paper • Matte or fine-art paper gives the most authentic ink look; for large A2/A1 use heavyweight matte for a gallery feel ✦ DETAILS • Original in",https://canvasminiart.site/p/4523253514.html,https://i.etsystatic.com/65245102/r/il/283f3b/8193895021/il_fullxfull.8193895021_sdix.jpg,8.99 USD,in stock,new,MiniCanvasArt,"Home & Garden > Decor > Artwork > Posters, Prints, & Visual Artwork",Florals & Botanical
4523237957,Three Koi Fish Ink Print | Black White Red Minimalist Japandi Wall Art (Digital Download),"Three koi swim gracefully through flowing water in expressive black-and-white ink, one glowing vivid red — harmony, luck and calm. A beautiful, soothing piece for a living room, bedroom or office. ──────────────────── ✦ WHAT YOU'LL RECEIVE • 1 high-resolution PDF at 300 DPI, true 2:3 aspect ratio • Prints crisp at US sizes: 4×6, 6×9, 8×12, 12×18, 16×24, 20×30, 24×36 in • Plus international ISO sizes: A5, A4, A3, A2, A1 • A built-in printable size & quick-start guide page • INSTANT digital download — nothing is shipped ✦ HOW TO PRINT (pro tips) • Print at home, a local print shop, or online (Printique, WhiteWall, Staples, Shutterfly) • In the print dialog choose “Scale/Fit to size” and select your paper • Matte or fine-art paper gives the most authentic ink look; for large A2/A1 use heavyweight matte for a gallery feel ✦ DETAILS • Original ink-wash artwork, AI-assisted, exclusive to MiniC",https://canvasminiart.site/p/4523237957.html,https://i.etsystatic.com/65245102/r/il/84a7bc/8193848607/il_fullxfull.8193848607_ke8o.jpg,8.99 USD,in stock,new,MiniCanvasArt,"Home & Garden > Decor > Artwork > Posters, Prints, & Visual Artwork",Koi & Animals
4523237373,Minimalist Koi Fish Ink Print | Red Zen Japandi Wall Art (Digital Download),"A single koi rendered in a few confident brushstrokes against vast empty space, glowing vivid red — pure, breathing minimalism. A refined piece for a bedroom, office or living room. ──────────────────── ✦ WHAT YOU'LL RECEIVE • 1 high-resolution PDF at 300 DPI, true 2:3 aspect ratio • Prints crisp at US sizes: 4×6, 6×9, 8×12, 12×18, 16×24, 20×30, 24×36 in • Plus international ISO sizes: A5, A4, A3, A2, A1 • A built-in printable size & quick-start guide page • INSTANT digital download — nothing is shipped ✦ HOW TO PRINT (pro tips) • Print at home, a local print shop, or online (Printique, WhiteWall, Staples, Shutterfly) • In the print dialog choose “Scale/Fit to size” and select your paper • Matte or fine-art paper gives the most authentic ink look; for large A2/A1 use heavyweight matte for a gallery feel ✦ DETAILS • Original ink-wash artwork, AI-assisted, exclusive to MiniCanvasArt • Colo",https://canvasminiart.site/p/4523237373.html,https://i.etsystatic.com/65245102/r/il/e5cf88/8145938212/il_fullxfull.8145938212_hccb.jpg,8.99 USD,in stock,new,MiniCanvasArt,"Home & Garden > Decor > Artwork > Posters, Prints, & Visual Artwork",Koi & Animals
4523236677,Koi Fish Water Ripples Ink | Black White Red Minimalist Wall Art | Printable Digital Download | Zen Decor,"A koi seen through concentric water ripples from above in delicate black-and-white ink, glowing vivid red — meditative and modern. A serene piece for a bedroom, bathroom or office. ──────────────────── ✦ WHAT YOU'LL RECEIVE • 1 high-resolution PDF at 300 DPI, true 2:3 aspect ratio • Prints crisp at US sizes: 4×6, 6×9, 8×12, 12×18, 16×24, 20×30, 24×36 in • Plus international ISO sizes: A5, A4, A3, A2, A1 • A built-in printable size & quick-start guide page • INSTANT digital download — nothing is shipped ✦ HOW TO PRINT (pro tips) • Print at home, a local print shop, or online (Printique, WhiteWall, Staples, Shutterfly) • In the print dialog choose “Scale/Fit to size” and select your paper • Matte or fine-art paper gives the most authentic ink look; for large A2/A1 use heavyweight matte for a gallery feel ✦ DETAILS • Original ink-wash artwork, AI-assisted, exclusive to MiniCanvasArt • Color",https://canvasminiart.site/p/4523236677.html,https://i.etsystatic.com/65245102/r/il/633abe/8193838993/il_fullxfull.8193838993_rsr4.jpg,8.99 USD,in stock,new,MiniCanvasArt,"Home & Garden > Decor > Artwork > Posters, Prints, & Visual Artwork",Koi & Animals
4523235921,Three Koi Circle Ink | Black White Red Minimalist Wall Art | Printable Digital Download | Zen Japandi Home Decor,"Three koi swim in a perfect circular formation in elegant black-and-white ink, one glowing vivid red — harmony and flow. A balanced, calming piece for a living room, bedroom or office. ──────────────────── ✦ WHAT YOU'LL RECEIVE • 1 high-resolution PDF at 300 DPI, true 2:3 aspect ratio • Prints crisp at US sizes: 4×6, 6×9, 8×12, 12×18, 16×24, 20×30, 24×36 in • Plus international ISO sizes: A5, A4, A3, A2, A1 • A built-in printable size & quick-start guide page • INSTANT digital download — nothing is shipped ✦ HOW TO PRINT (pro tips) • Print at home, a local print shop, or online (Printique, WhiteWall, Staples, Shutterfly) • In the print dialog choose “Scale/Fit to size” and select your paper • Matte or fine-art paper gives the most authentic ink look; for large A2/A1 use heavyweight matte for a gallery feel ✦ DETAILS • Original ink-wash artwork, AI-assisted, exclusive to MiniCanvasArt • C",https://canvasminiart.site/p/4523235921.html,https://i.etsystatic.com/65245102/r/il/96ed10/8193834101/il_fullxfull.8193834101_ebna.jpg,8.99 USD,in stock,new,MiniCanvasArt,"Home & Garden > Decor > Artwork > Posters, Prints, & Visual Artwork",Koi & Animals
4523235229,Koi Fish Waterfall Dragon Gate Ink | Black White Red Wall Art | Printable Digital Download | Zen Japandi Decor,"A koi leaps up a misty waterfall — the dragon gate legend — in bold black-and-white ink, glowing vivid red. A powerful, meaningful piece for an office, living room or bedroom. ──────────────────── ✦ WHAT YOU'LL RECEIVE • 1 high-resolution PDF at 300 DPI, true 2:3 aspect ratio • Prints crisp at US sizes: 4×6, 6×9, 8×12, 12×18, 16×24, 20×30, 24×36 in • Plus international ISO sizes: A5, A4, A3, A2, A1 • A built-in printable size & quick-start guide page • INSTANT digital download — nothing is shipped ✦ HOW TO PRINT (pro tips) • Print at home, a local print shop, or online (Printique, WhiteWall, Staples, Shutterfly) • In the print dialog choose “Scale/Fit to size” and select your paper • Matte or fine-art paper gives the most authentic ink look; for large A2/A1 use heavyweight matte for a gallery feel ✦ DETAILS • Original ink-wash artwork, AI-assisted, exclusive to MiniCanvasArt • Colors may",https://canvasminiart.site/p/4523235229.html,https://i.etsystatic.com/65245102/r/il/eab238/8145923206/il_fullxfull.8145923206_aegx.jpg,8.99 USD,in stock,new,MiniCanvasArt,"Home & Garden > Decor > Artwork > Posters, Prints, & Visual Artwork",Dragons & Mythical
4523243540,School of Koi Fish Ink | Black White Red Minimalist Wall Art | Printable Digital Download | Zen Japandi Decor,"A school of koi flows together through rippling water in layered black-and-white ink, a single koi glowing vivid red — movement and calm in one. A dynamic yet soothing piece for a living room, office or bedroom. ──────────────────── ✦ WHAT YOU'LL RECEIVE • 1 high-resolution PDF at 300 DPI, true 2:3 aspect ratio • Prints crisp at US sizes: 4×6, 6×9, 8×12, 12×18, 16×24, 20×30, 24×36 in • Plus international ISO sizes: A5, A4, A3, A2, A1 • A built-in printable size & quick-start guide page • INSTANT digital download — nothing is shipped ✦ HOW TO PRINT (pro tips) • Print at home, a local print shop, or online (Printique, WhiteWall, Staples, Shutterfly) • In the print dialog choose “Scale/Fit to size” and select your paper • Matte or fine-art paper gives the most authentic ink look; for large A2/A1 use heavyweight matte for a gallery feel ✦ DETAILS • Original ink-wash artwork, AI-assisted, exc",https://canvasminiart.site/p/4523243540.html,https://i.etsystatic.com/65245102/r/il/739ec6/8193823963/il_fullxfull.8193823963_m306.jpg,8.99 USD,in stock,new,MiniCanvasArt,"Home & Garden > Decor > Artwork > Posters, Prints, & Visual Artwork",Koi & Animals
4523233755,Ascending Koi Fish Ink Print | Black White Red Minimalist Japandi Art (Digital Download),"A koi swims powerfully upward through swirling water in bold black-and-white ink, glowing vivid red — perseverance and strength. A motivating, striking piece for an office, living room or bedroom. ──────────────────── ✦ WHAT YOU'LL RECEIVE • 1 high-resolution PDF at 300 DPI, true 2:3 aspect ratio • Prints crisp at US sizes: 4×6, 6×9, 8×12, 12×18, 16×24, 20×30, 24×36 in • Plus international ISO sizes: A5, A4, A3, A2, A1 • A built-in printable size & quick-start guide page • INSTANT digital download — nothing is shipped ✦ HOW TO PRINT (pro tips) • Print at home, a local print shop, or online (Printique, WhiteWall, Staples, Shutterfly) • In the print dialog choose “Scale/Fit to size” and select your paper • Matte or fine-art paper gives the most authentic ink look; for large A2/A1 use heavyweight matte for a gallery feel ✦ DETAILS • Original ink-wash artwork, AI-assisted, exclusive to MiniC",https://canvasminiart.site/p/4523233755.html,https://i.etsystatic.com/65245102/r/il/a00da4/8193817441/il_fullxfull.8193817441_3fxn.jpg,8.99 USD,in stock,new,MiniCanvasArt,"Home & Garden > Decor > Artwork > Posters, Prints, & Visual Artwork",Koi & Animals
4523241812,Koi Fish Lotus Pond Ink | Black White Red Wall Art | Printable Digital Download | Zen Japandi Home Decor,"Koi drift among lotus leaves and a blossom on a calm pond in soft black-and-white ink, one koi glowing vivid red — peaceful and timeless. A soothing piece for a bedroom, bathroom or living room. ──────────────────── ✦ WHAT YOU'LL RECEIVE • 1 high-resolution PDF at 300 DPI, true 2:3 aspect ratio • Prints crisp at US sizes: 4×6, 6×9, 8×12, 12×18, 16×24, 20×30, 24×36 in • Plus international ISO sizes: A5, A4, A3, A2, A1 • A built-in printable size & quick-start guide page • INSTANT digital download — nothing is shipped ✦ HOW TO PRINT (pro tips) • Print at home, a local print shop, or online (Printique, WhiteWall, Staples, Shutterfly) • In the print dialog choose “Scale/Fit to size” and select your paper • Matte or fine-art paper gives the most authentic ink look; for large A2/A1 use heavyweight matte for a gallery feel ✦ DETAILS • Original ink-wash artwork, AI-assisted, exclusive to MiniCan",https://canvasminiart.site/p/4523241812.html,https://i.etsystatic.com/65245102/r/il/03605f/8145905512/il_fullxfull.8145905512_7ttw.jpg,8.99 USD,in stock,new,MiniCanvasArt,"Home & Garden > Decor > Artwork > Posters, Prints, & Visual Artwork",Koi & Animals
4523241134,Single Koi Fish Ink Painting | Black White Red Zen Japandi Wall Art (Digital Download),"A single elegant koi glides through rippling water in expressive black-and-white ink, its markings glowing vivid red — graceful and serene. A calming piece for a bedroom, living room or office. ──────────────────── ✦ WHAT YOU'LL RECEIVE • 1 high-resolution PDF at 300 DPI, true 2:3 aspect ratio • Prints crisp at US sizes: 4×6, 6×9, 8×12, 12×18, 16×24, 20×30, 24×36 in • Plus international ISO sizes: A5, A4, A3, A2, A1 • A built-in printable size & quick-start guide page • INSTANT digital download — nothing is shipped ✦ HOW TO PRINT (pro tips) • Print at home, a local print shop, or online (Printique, WhiteWall, Staples, Shutterfly) • In the print dialog choose “Scale/Fit to size” and select your paper • Matte or fine-art paper gives the most authentic ink look; for large A2/A1 use heavyweight matte for a gallery feel ✦ DETAILS • Original ink-wash artwork, AI-assisted, exclusive to MiniCanv",https://canvasminiart.site/p/4523241134.html,https://i.etsystatic.com/65245102/r/il/c3ebab/8193806215/il_fullxfull.8193806215_3bwz.jpg,8.99 USD,in stock,new,MiniCanvasArt,"Home & Garden > Decor > Artwork > Posters, Prints, & Visual Artwork",Koi & Animals
4523240410,Koi Fish Pair Yin Yang Ink | Black White Red Minimalist Wall Art | Printable Digital Download | Zen Japandi Decor,"Two koi circle each other like a yin-yang in soft black-and-white ink, one glowing vivid red — balance, harmony and calm. A serene focal point for a living room, bedroom or office, with exactly the one-accent look modern interiors love. ──────────────────── ✦ WHAT YOU'LL RECEIVE • 1 high-resolution PDF at 300 DPI, true 2:3 aspect ratio • Prints crisp at US sizes: 4×6, 6×9, 8×12, 12×18, 16×24, 20×30, 24×36 in • Plus international ISO sizes: A5, A4, A3, A2, A1 • A built-in printable size & quick-start guide page • INSTANT digital download — nothing is shipped ✦ HOW TO PRINT (pro tips) • Print at home, a local print shop, or online (Printique, WhiteWall, Staples, Shutterfly) • In the print dialog choose “Scale/Fit to size” and select your paper • Matte or fine-art paper gives the most authentic ink look; for large A2/A1 use heavyweight matte for a gallery feel ✦ DETAILS • Original ink-wash ",https://canvasminiart.site/p/4523240410.html,https://i.etsystatic.com/65245102/r/il/483ff7/8145895458/il_fullxfull.8145895458_m7hw.jpg,8.99 USD,in stock,new,MiniCanvasArt,"Home & Garden > Decor > Artwork > Posters, Prints, & Visual Artwork",Koi & Animals
4522931222,Solar Eclipse Ink Print | Black White Red Celestial Art (Digital Download),"A total solar eclipse in soft black-and-white ink with faint stars, its corona glowing vivid red — dramatic, cosmic and serene. A bold yet calming piece for a living room, office or bedroom. ──────────────────── ✦ WHAT YOU'LL RECEIVE • 1 high-resolution PDF at 300 DPI, true 2:3 aspect ratio • Prints crisp at US sizes: 4×6, 6×9, 8×12, 12×18, 16×24, 20×30, 24×36 in • Plus international ISO sizes: A5, A4, A3, A2, A1 • A built-in printable size & quick-start guide page • INSTANT digital download — nothing is shipped ✦ HOW TO PRINT (pro tips) • Print at home, a local print shop, or online (Printique, WhiteWall, Staples, Shutterfly) • In the print dialog choose “Scale/Fit to size” and select your paper • Matte or fine-art paper gives the most authentic ink look; for large A2/A1 use heavyweight matte for a gallery feel ✦ DETAILS • Original ink-wash artwork, AI-assisted, exclusive to MiniCanvasA",https://canvasminiart.site/p/4522931222.html,https://i.etsystatic.com/65245102/r/il/2928fe/8191745073/il_fullxfull.8191745073_rt6q.jpg,8.99 USD,in stock,new,MiniCanvasArt,"Home & Garden > Decor > Artwork > Posters, Prints, & Visual Artwork",Celestial & Moon
4522921457,Minimalist Moon Circle Ink Print | Black White Red Zen Celestial Art (Digital Download),"A single minimalist ink-textured moon circle with soft bleeding edges, sumi-e style, a small red dot beside it — pure, breathing minimalism. A calming piece for a bedroom, office or living room. ──────────────────── ✦ WHAT YOU'LL RECEIVE • 1 high-resolution PDF at 300 DPI, true 2:3 aspect ratio • Prints crisp at US sizes: 4×6, 6×9, 8×12, 12×18, 16×24, 20×30, 24×36 in • Plus international ISO sizes: A5, A4, A3, A2, A1 • A built-in printable size & quick-start guide page • INSTANT digital download — nothing is shipped ✦ HOW TO PRINT (pro tips) • Print at home, a local print shop, or online (Printique, WhiteWall, Staples, Shutterfly) • In the print dialog choose “Scale/Fit to size” and select your paper • Matte or fine-art paper gives the most authentic ink look; for large A2/A1 use heavyweight matte for a gallery feel ✦ DETAILS • Original ink-wash artwork, AI-assisted, exclusive to MiniCan",https://canvasminiart.site/p/4522921457.html,https://i.etsystatic.com/65245102/r/il/220f49/8143834236/il_fullxfull.8143834236_hrfv.jpg,8.99 USD,in stock,new,MiniCanvasArt,"Home & Garden > Decor > Artwork > Posters, Prints, & Visual Artwork",Celestial & Moon
4522929116,Shooting Star Ink Print | Minimalist Celestial Night Sky Wall Art (Digital Download),"A quiet starry night sky in soft black-and-white ink, a single shooting star streaking vivid red — wishful, calm and minimal. A gentle piece for a bedroom, nursery or living room. ──────────────────── ✦ WHAT YOU'LL RECEIVE • 1 high-resolution PDF at 300 DPI, true 2:3 aspect ratio • Prints crisp at US sizes: 4×6, 6×9, 8×12, 12×18, 16×24, 20×30, 24×36 in • Plus international ISO sizes: A5, A4, A3, A2, A1 • A built-in printable size & quick-start guide page • INSTANT digital download — nothing is shipped ✦ HOW TO PRINT (pro tips) • Print at home, a local print shop, or online (Printique, WhiteWall, Staples, Shutterfly) • In the print dialog choose “Scale/Fit to size” and select your paper • Matte or fine-art paper gives the most authentic ink look; for large A2/A1 use heavyweight matte for a gallery feel ✦ DETAILS • Original ink-wash artwork, AI-assisted, exclusive to MiniCanvasArt • Colors",https://canvasminiart.site/p/4522929116.html,https://i.etsystatic.com/65245102/r/il/e6aad4/8191730709/il_fullxfull.8191730709_1row.jpg,8.99 USD,in stock,new,MiniCanvasArt,"Home & Garden > Decor > Artwork > Posters, Prints, & Visual Artwork",Celestial & Moon
4522927842,Planets Alignment Ink Print | Black White Red Minimalist Celestial Art (Digital Download),"Planets aligned in a quiet column of soft black-and-white ink, one glowing vivid red — cosmic, orderly and minimal. A striking piece for a study, living room or bedroom. ──────────────────── ✦ WHAT YOU'LL RECEIVE • 1 high-resolution PDF at 300 DPI, true 2:3 aspect ratio • Prints crisp at US sizes: 4×6, 6×9, 8×12, 12×18, 16×24, 20×30, 24×36 in • Plus international ISO sizes: A5, A4, A3, A2, A1 • A built-in printable size & quick-start guide page • INSTANT digital download — nothing is shipped ✦ HOW TO PRINT (pro tips) • Print at home, a local print shop, or online (Printique, WhiteWall, Staples, Shutterfly) • In the print dialog choose “Scale/Fit to size” and select your paper • Matte or fine-art paper gives the most authentic ink look; for large A2/A1 use heavyweight matte for a gallery feel ✦ DETAILS • Original ink-wash artwork, AI-assisted, exclusive to MiniCanvasArt • Colors may vary ",https://canvasminiart.site/p/4522927842.html,https://i.etsystatic.com/65245102/r/il/1b7740/8191722597/il_fullxfull.8191722597_a212.jpg,8.99 USD,in stock,new,MiniCanvasArt,"Home & Garden > Decor > Artwork > Posters, Prints, & Visual Artwork",Celestial & Moon
4522926794,Spiral Galaxy Ink Print | Black White Red Celestial Art (Digital Download),"A swirling spiral galaxy in soft black-and-white ink clouds, its core glowing vivid red — vast, calming and modern. A captivating piece for a living room, office or bedroom. ──────────────────── ✦ WHAT YOU'LL RECEIVE • 1 high-resolution PDF at 300 DPI, true 2:3 aspect ratio • Prints crisp at US sizes: 4×6, 6×9, 8×12, 12×18, 16×24, 20×30, 24×36 in • Plus international ISO sizes: A5, A4, A3, A2, A1 • A built-in printable size & quick-start guide page • INSTANT digital download — nothing is shipped ✦ HOW TO PRINT (pro tips) • Print at home, a local print shop, or online (Printique, WhiteWall, Staples, Shutterfly) • In the print dialog choose “Scale/Fit to size” and select your paper • Matte or fine-art paper gives the most authentic ink look; for large A2/A1 use heavyweight matte for a gallery feel ✦ DETAILS • Original ink-wash artwork, AI-assisted, exclusive to MiniCanvasArt • Colors may v",https://canvasminiart.site/p/4522926794.html,https://i.etsystatic.com/65245102/r/il/9c5bfd/8191715927/il_fullxfull.8191715927_4nfr.jpg,8.99 USD,in stock,new,MiniCanvasArt,"Home & Garden > Decor > Artwork > Posters, Prints, & Visual Artwork",Celestial & Moon
4522925728,Constellation Star Map Ink Print | Minimalist Celestial Wall Art (Digital Download),"A delicate constellation star map in fine black-and-white ink, one key star glowing vivid red — quiet, cosmic and minimal. A serene piece for a bedroom, study or living room. ──────────────────── ✦ WHAT YOU'LL RECEIVE • 1 high-resolution PDF at 300 DPI, true 2:3 aspect ratio • Prints crisp at US sizes: 4×6, 6×9, 8×12, 12×18, 16×24, 20×30, 24×36 in • Plus international ISO sizes: A5, A4, A3, A2, A1 • A built-in printable size & quick-start guide page • INSTANT digital download — nothing is shipped ✦ HOW TO PRINT (pro tips) • Print at home, a local print shop, or online (Printique, WhiteWall, Staples, Shutterfly) • In the print dialog choose “Scale/Fit to size” and select your paper • Matte or fine-art paper gives the most authentic ink look; for large A2/A1 use heavyweight matte for a gallery feel ✦ DETAILS • Original ink-wash artwork, AI-assisted, exclusive to MiniCanvasArt • Colors may ",https://canvasminiart.site/p/4522925728.html,https://i.etsystatic.com/65245102/r/il/2a279a/8191708703/il_fullxfull.8191708703_p9x6.jpg,8.99 USD,in stock,new,MiniCanvasArt,"Home & Garden > Decor > Artwork > Posters, Prints, & Visual Artwork",Celestial & Moon
4522924642,Sun Moon Ink Print | Black White Red Celestial Boho Art (Digital Download),"The sun and moon together in elegant black-and-white ink, the sun glowing vivid red — balance, duality and calm. A meaningful, modern piece for a living room, bedroom or office. ──────────────────── ✦ WHAT YOU'LL RECEIVE • 1 high-resolution PDF at 300 DPI, true 2:3 aspect ratio • Prints crisp at US sizes: 4×6, 6×9, 8×12, 12×18, 16×24, 20×30, 24×36 in • Plus international ISO sizes: A5, A4, A3, A2, A1 • A built-in printable size & quick-start guide page • INSTANT digital download — nothing is shipped ✦ HOW TO PRINT (pro tips) • Print at home, a local print shop, or online (Printique, WhiteWall, Staples, Shutterfly) • In the print dialog choose “Scale/Fit to size” and select your paper • Matte or fine-art paper gives the most authentic ink look; for large A2/A1 use heavyweight matte for a gallery feel ✦ DETAILS • Original ink-wash artwork, AI-assisted, exclusive to MiniCanvasArt • Colors m",https://canvasminiart.site/p/4522924642.html,https://i.etsystatic.com/65245102/r/il/1cbe1e/8143798110/il_fullxfull.8143798110_e0xd.jpg,8.99 USD,in stock,new,MiniCanvasArt,"Home & Garden > Decor > Artwork > Posters, Prints, & Visual Artwork",Celestial & Moon
4522923556,Crescent Moon Stars Ink Print | Black White Red Celestial Decor (Digital Download),"A graceful crescent moon among scattered stars in soft black-and-white ink, one star glowing vivid red — dreamy and serene. A lovely piece for a bedroom, nursery or living room. ──────────────────── ✦ WHAT YOU'LL RECEIVE • 1 high-resolution PDF at 300 DPI, true 2:3 aspect ratio • Prints crisp at US sizes: 4×6, 6×9, 8×12, 12×18, 16×24, 20×30, 24×36 in • Plus international ISO sizes: A5, A4, A3, A2, A1 • A built-in printable size & quick-start guide page • INSTANT digital download — nothing is shipped ✦ HOW TO PRINT (pro tips) • Print at home, a local print shop, or online (Printique, WhiteWall, Staples, Shutterfly) • In the print dialog choose “Scale/Fit to size” and select your paper • Matte or fine-art paper gives the most authentic ink look; for large A2/A1 use heavyweight matte for a gallery feel ✦ DETAILS • Original ink-wash artwork, AI-assisted, exclusive to MiniCanvasArt • Colors m",https://canvasminiart.site/p/4522923556.html,https://i.etsystatic.com/65245102/r/il/c9acdf/8143790908/il_fullxfull.8143790908_76dn.jpg,8.99 USD,in stock,new,MiniCanvasArt,"Home & Garden > Decor > Artwork > Posters, Prints, & Visual Artwork",Celestial & Moon
4522922506,Full Moon Ink Art Print | Black White Red Celestial Boho Decor (Digital Download),"A single large full moon rendered in delicate black-and-white ink, ringed by a thin glowing red halo — quiet, lunar and modern. A calming centerpiece for a bedroom, living room or office. ──────────────────── ✦ WHAT YOU'LL RECEIVE • 1 high-resolution PDF at 300 DPI, true 2:3 aspect ratio • Prints crisp at US sizes: 4×6, 6×9, 8×12, 12×18, 16×24, 20×30, 24×36 in • Plus international ISO sizes: A5, A4, A3, A2, A1 • A built-in printable size & quick-start guide page • INSTANT digital download — nothing is shipped ✦ HOW TO PRINT (pro tips) • Print at home, a local print shop, or online (Printique, WhiteWall, Staples, Shutterfly) • In the print dialog choose “Scale/Fit to size” and select your paper • Matte or fine-art paper gives the most authentic ink look; for large A2/A1 use heavyweight matte for a gallery feel ✦ DETAILS • Original ink-wash artwork, AI-assisted, exclusive to MiniCanvasArt ",https://canvasminiart.site/p/4522922506.html,https://i.etsystatic.com/65245102/r/il/91c7a8/8191687525/il_fullxfull.8191687525_id5b.jpg,8.99 USD,in stock,new,MiniCanvasArt,"Home & Garden > Decor > Artwork > Posters, Prints, & Visual Artwork",Celestial & Moon
4522913163,Moon Phases Ink Print | Black White Red Celestial Art (Digital Download),"The eight phases of the moon in soft black-and-white ink, the full moon glowing in a single vivid red — calm, cosmic and beautifully minimal. A serene focal point for a bedroom, living room or office, with exactly the one-accent look modern interiors love. ──────────────────── ✦ WHAT YOU'LL RECEIVE • 1 high-resolution PDF at 300 DPI, true 2:3 aspect ratio • Prints crisp at US sizes: 4×6, 6×9, 8×12, 12×18, 16×24, 20×30, 24×36 in • Plus international ISO sizes: A5, A4, A3, A2, A1 • A built-in printable size & quick-start guide page • INSTANT digital download — nothing is shipped ✦ HOW TO PRINT (pro tips) • Print at home, a local print shop, or online (Printique, WhiteWall, Staples, Shutterfly) • In the print dialog choose “Scale/Fit to size” and select your paper • Matte or fine-art paper gives the most authentic ink look; for large A2/A1 use heavyweight matte for a gallery feel ✦ DETAILS ",https://canvasminiart.site/p/4522913163.html,https://i.etsystatic.com/65245102/r/il/bf079c/8143777508/il_fullxfull.8143777508_bmlz.jpg,8.99 USD,in stock,new,MiniCanvasArt,"Home & Garden > Decor > Artwork > Posters, Prints, & Visual Artwork",Celestial & Moon
4522817466,Misty Bamboo Grove Red Bird Ink Print | Black White Japandi Wall Art (Digital Download),"A serene bamboo grove dissolves into deep mist, a single red bird in flight for one accent in layered black-and-white ink — atmospheric and calm. A soothing piece for a living room, bedroom or office. ──────────────────── ✦ WHAT YOU'LL RECEIVE • 1 high-resolution PDF at 300 DPI, true 2:3 aspect ratio • Prints crisp at US sizes: 4×6, 6×9, 8×12, 12×18, 16×24, 20×30, 24×36 in • Plus international ISO sizes: A5, A4, A3, A2, A1 • A built-in printable size & quick-start guide page • INSTANT digital download — nothing is shipped ✦ HOW TO PRINT (pro tips) • Print at home, a local print shop, or online (Printique, WhiteWall, Staples, Shutterfly) • In the print dialog choose “Scale/Fit to size” and select your paper • Matte or fine-art paper gives the most authentic ink look; for large A2/A1 use heavyweight matte for a gallery feel ✦ DETAILS • Original ink-wash artwork, AI-assisted, exclusive to M",https://canvasminiart.site/p/4522817466.html,https://i.etsystatic.com/65245102/r/il/3cba86/8143062060/il_fullxfull.8143062060_l9vd.jpg,8.99 USD,in stock,new,MiniCanvasArt,"Home & Garden > Decor > Artwork > Posters, Prints, & Visual Artwork",Florals & Botanical
4522808965,Bamboo Stalks Close Up Ink | Black White Red Minimalist Wall Art | Printable Digital Download | Zen Japandi Decor,"A close study of bamboo stalks, nodes and fine leaves in elegant black ink on soft grey, a tiny red ladybug for one playful accent — refined and natural. A beautiful piece for a bedroom, office or living room. ──────────────────── ✦ WHAT YOU'LL RECEIVE • 1 high-resolution PDF at 300 DPI, true 2:3 aspect ratio • Prints crisp at US sizes: 4×6, 6×9, 8×12, 12×18, 16×24, 20×30, 24×36 in • Plus international ISO sizes: A5, A4, A3, A2, A1 • A built-in printable size & quick-start guide page • INSTANT digital download — nothing is shipped ✦ HOW TO PRINT (pro tips) • Print at home, a local print shop, or online (Printique, WhiteWall, Staples, Shutterfly) • In the print dialog choose “Scale/Fit to size” and select your paper • Matte or fine-art paper gives the most authentic ink look; for large A2/A1 use heavyweight matte for a gallery feel ✦ DETAILS • Original ink-wash artwork, AI-assisted, exclu",https://canvasminiart.site/p/4522808965.html,https://i.etsystatic.com/65245102/r/il/12cf1b/8190955587/il_fullxfull.8190955587_sdop.jpg,8.99 USD,in stock,new,MiniCanvasArt,"Home & Garden > Decor > Artwork > Posters, Prints, & Visual Artwork",Florals & Botanical
4522807973,Bamboo Lantern Path Ink Print | Black White Red Japandi Wall Art (Digital Download),"A stone path threads through bamboo with a row of lanterns fading into mist, one glowing red in soft black-and-white ink — inviting and serene. A calming piece for a hallway, living room or office. ──────────────────── ✦ WHAT YOU'LL RECEIVE • 1 high-resolution PDF at 300 DPI, true 2:3 aspect ratio • Prints crisp at US sizes: 4×6, 6×9, 8×12, 12×18, 16×24, 20×30, 24×36 in • Plus international ISO sizes: A5, A4, A3, A2, A1 • A built-in printable size & quick-start guide page • INSTANT digital download — nothing is shipped ✦ HOW TO PRINT (pro tips) • Print at home, a local print shop, or online (Printique, WhiteWall, Staples, Shutterfly) • In the print dialog choose “Scale/Fit to size” and select your paper • Matte or fine-art paper gives the most authentic ink look; for large A2/A1 use heavyweight matte for a gallery feel ✦ DETAILS • Original ink-wash artwork, AI-assisted, exclusive to Mini",https://canvasminiart.site/p/4522807973.html,https://i.etsystatic.com/65245102/r/il/37b62b/8190949541/il_fullxfull.8190949541_pcuk.jpg,8.99 USD,in stock,new,MiniCanvasArt,"Home & Garden > Decor > Artwork > Posters, Prints, & Visual Artwork",Florals & Botanical
4522814692,Bamboo Moon Red Lantern Ink Print | Black White Japandi Wall Art (Digital Download),"Tall bamboo silhouettes rise against a great pale moon and soft mist, a single red lantern glowing in black-and-white ink — peaceful and poetic. A meditative piece for a bedroom, living room or office. ──────────────────── ✦ WHAT YOU'LL RECEIVE • 1 high-resolution PDF at 300 DPI, true 2:3 aspect ratio • Prints crisp at US sizes: 4×6, 6×9, 8×12, 12×18, 16×24, 20×30, 24×36 in • Plus international ISO sizes: A5, A4, A3, A2, A1 • A built-in printable size & quick-start guide page • INSTANT digital download — nothing is shipped ✦ HOW TO PRINT (pro tips) • Print at home, a local print shop, or online (Printique, WhiteWall, Staples, Shutterfly) • In the print dialog choose “Scale/Fit to size” and select your paper • Matte or fine-art paper gives the most authentic ink look; for large A2/A1 use heavyweight matte for a gallery feel ✦ DETAILS • Original ink-wash artwork, AI-assisted, exclusive to ",https://canvasminiart.site/p/4522814692.html,https://i.etsystatic.com/65245102/r/il/e4c1ea/8190943169/il_fullxfull.8190943169_rxer.jpg,8.99 USD,in stock,new,MiniCanvasArt,"Home & Garden > Decor > Artwork > Posters, Prints, & Visual Artwork",Florals & Botanical
4522813786,Bamboo in the Wind Ink | Black White Red Minimalist Wall Art | Printable Digital Download | Zen Japandi Decor,"Bamboo bends gracefully in the wind, a single red leaf carried on the breeze in soft black-and-white ink — movement and calm in one breath. A dynamic yet soothing piece for a living room, office or bedroom. ──────────────────── ✦ WHAT YOU'LL RECEIVE • 1 high-resolution PDF at 300 DPI, true 2:3 aspect ratio • Prints crisp at US sizes: 4×6, 6×9, 8×12, 12×18, 16×24, 20×30, 24×36 in • Plus international ISO sizes: A5, A4, A3, A2, A1 • A built-in printable size & quick-start guide page • INSTANT digital download — nothing is shipped ✦ HOW TO PRINT (pro tips) • Print at home, a local print shop, or online (Printique, WhiteWall, Staples, Shutterfly) • In the print dialog choose “Scale/Fit to size” and select your paper • Matte or fine-art paper gives the most authentic ink look; for large A2/A1 use heavyweight matte for a gallery feel ✦ DETAILS • Original ink-wash artwork, AI-assisted, exclusiv",https://canvasminiart.site/p/4522813786.html,https://i.etsystatic.com/65245102/r/il/259db5/8190937291/il_fullxfull.8190937291_5fga.jpg,8.99 USD,in stock,new,MiniCanvasArt,"Home & Garden > Decor > Artwork > Posters, Prints, & Visual Artwork",Florals & Botanical
4522805395,Bamboo Sparrows Ink Print | Black White Minimalist Wall Art (Digital Download),"Two small sparrows rest among bamboo stalks and leaves, tiny red markings for one delicate accent in soft black-and-white ink — light and serene. A gentle piece for a bedroom, office or living room. ──────────────────── ✦ WHAT YOU'LL RECEIVE • 1 high-resolution PDF at 300 DPI, true 2:3 aspect ratio • Prints crisp at US sizes: 4×6, 6×9, 8×12, 12×18, 16×24, 20×30, 24×36 in • Plus international ISO sizes: A5, A4, A3, A2, A1 • A built-in printable size & quick-start guide page • INSTANT digital download — nothing is shipped ✦ HOW TO PRINT (pro tips) • Print at home, a local print shop, or online (Printique, WhiteWall, Staples, Shutterfly) • In the print dialog choose “Scale/Fit to size” and select your paper • Matte or fine-art paper gives the most authentic ink look; for large A2/A1 use heavyweight matte for a gallery feel ✦ DETAILS • Original ink-wash artwork, AI-assisted, exclusive to Min",https://canvasminiart.site/p/4522805395.html,https://i.etsystatic.com/65245102/r/il/7ba4ed/8190931363/il_fullxfull.8190931363_ntlb.jpg,8.99 USD,in stock,new,MiniCanvasArt,"Home & Garden > Decor > Artwork > Posters, Prints, & Visual Artwork",Koi & Animals
4522812116,Panda Bamboo Ink Print | Minimalist Black White Red Wall Art (Digital Download),"A panda rests peacefully among bamboo stalks, a single red leaf for one gentle accent in soft black-and-white ink — calm and charming. A sweet piece for a nursery, bedroom or living room. ──────────────────── ✦ WHAT YOU'LL RECEIVE • 1 high-resolution PDF at 300 DPI, true 2:3 aspect ratio • Prints crisp at US sizes: 4×6, 6×9, 8×12, 12×18, 16×24, 20×30, 24×36 in • Plus international ISO sizes: A5, A4, A3, A2, A1 • A built-in printable size & quick-start guide page • INSTANT digital download — nothing is shipped ✦ HOW TO PRINT (pro tips) • Print at home, a local print shop, or online (Printique, WhiteWall, Staples, Shutterfly) • In the print dialog choose “Scale/Fit to size” and select your paper • Matte or fine-art paper gives the most authentic ink look; for large A2/A1 use heavyweight matte for a gallery feel ✦ DETAILS • Original ink-wash artwork, AI-assisted, exclusive to MiniCanvasArt ",https://canvasminiart.site/p/4522812116.html,https://i.etsystatic.com/65245102/r/il/50a92c/8143024726/il_fullxfull.8143024726_6khc.jpg,8.99 USD,in stock,new,MiniCanvasArt,"Home & Garden > Decor > Artwork > Posters, Prints, & Visual Artwork",Florals & Botanical
4522803603,Minimalist Bamboo Ink Print | Black White Red Zen Japandi Decor (Digital Download),"A few elegant bamboo stalks and leaves stand against generous empty space, a single red leaf for one accent in fine black-and-white ink — pure minimalism. A refined piece for a bedroom, office or living room. ──────────────────── ✦ WHAT YOU'LL RECEIVE • 1 high-resolution PDF at 300 DPI, true 2:3 aspect ratio • Prints crisp at US sizes: 4×6, 6×9, 8×12, 12×18, 16×24, 20×30, 24×36 in • Plus international ISO sizes: A5, A4, A3, A2, A1 • A built-in printable size & quick-start guide page • INSTANT digital download — nothing is shipped ✦ HOW TO PRINT (pro tips) • Print at home, a local print shop, or online (Printique, WhiteWall, Staples, Shutterfly) • In the print dialog choose “Scale/Fit to size” and select your paper • Matte or fine-art paper gives the most authentic ink look; for large A2/A1 use heavyweight matte for a gallery feel ✦ DETAILS • Original ink-wash artwork, AI-assisted, exclus",https://canvasminiart.site/p/4522803603.html,https://i.etsystatic.com/65245102/r/il/53b100/8190918357/il_fullxfull.8190918357_5tby.jpg,8.99 USD,in stock,new,MiniCanvasArt,"Home & Garden > Decor > Artwork > Posters, Prints, & Visual Artwork",Florals & Botanical
4522802799,Bamboo Grove Red Bird Ink Print | Minimalist Black White Wall Art (Digital Download),"A dense bamboo grove fades into soft mist, a single red bird perched among the stalks in delicate black-and-white ink — tranquil and alive. A calming piece for a bedroom, living room or office. ──────────────────── ✦ WHAT YOU'LL RECEIVE • 1 high-resolution PDF at 300 DPI, true 2:3 aspect ratio • Prints crisp at US sizes: 4×6, 6×9, 8×12, 12×18, 16×24, 20×30, 24×36 in • Plus international ISO sizes: A5, A4, A3, A2, A1 • A built-in printable size & quick-start guide page • INSTANT digital download — nothing is shipped ✦ HOW TO PRINT (pro tips) • Print at home, a local print shop, or online (Printique, WhiteWall, Staples, Shutterfly) • In the print dialog choose “Scale/Fit to size” and select your paper • Matte or fine-art paper gives the most authentic ink look; for large A2/A1 use heavyweight matte for a gallery feel ✦ DETAILS • Original ink-wash artwork, AI-assisted, exclusive to MiniCanv",https://canvasminiart.site/p/4522802799.html,https://i.etsystatic.com/65245102/r/il/4f58ad/8143012224/il_fullxfull.8143012224_py9y.jpg,8.99 USD,in stock,new,MiniCanvasArt,"Home & Garden > Decor > Artwork > Posters, Prints, & Visual Artwork",Florals & Botanical
4522801987,Bamboo Forest Path Ink Print | Red Lantern Zen Japandi Wall Art (Digital Download),"A misty path winds through tall bamboo with light filtering down, a single red lantern glowing in soft black-and-white ink — calm and immersive. A serene focal point for a living room, hallway or office with one quiet accent of color. ──────────────────── ✦ WHAT YOU'LL RECEIVE • 1 high-resolution PDF at 300 DPI, true 2:3 aspect ratio • Prints crisp at US sizes: 4×6, 6×9, 8×12, 12×18, 16×24, 20×30, 24×36 in • Plus international ISO sizes: A5, A4, A3, A2, A1 • A built-in printable size & quick-start guide page • INSTANT digital download — nothing is shipped ✦ HOW TO PRINT (pro tips) • Print at home, a local print shop, or online (Printique, WhiteWall, Staples, Shutterfly) • In the print dialog choose “Scale/Fit to size” and select your paper • Matte or fine-art paper gives the most authentic ink look; for large A2/A1 use heavyweight matte for a gallery feel ✦ DETAILS • Original ink-wash ar",https://canvasminiart.site/p/4522801987.html,https://i.etsystatic.com/65245102/r/il/c8f6d2/8190906269/il_fullxfull.8190906269_ppah.jpg,8.99 USD,in stock,new,MiniCanvasArt,"Home & Garden > Decor > Artwork > Posters, Prints, & Visual Artwork",Florals & Botanical
4522792222,Misty Mountains Moon Lake Ink Print | Black White Red Zen Japandi Art (Digital Download),"Layered misty mountains ring a still moonlit lake beneath a great pale moon, a tiny red boat for one calm accent in soft black-and-white ink — serene and grand. A grounding piece for a living room, bedroom or office. ──────────────────── ✦ WHAT YOU'LL RECEIVE • 1 high-resolution PDF at 300 DPI, true 2:3 aspect ratio • Prints crisp at US sizes: 4×6, 6×9, 8×12, 12×18, 16×24, 20×30, 24×36 in • Plus international ISO sizes: A5, A4, A3, A2, A1 • A built-in printable size & quick-start guide page • INSTANT digital download — nothing is shipped ✦ HOW TO PRINT (pro tips) • Print at home, a local print shop, or online (Printique, WhiteWall, Staples, Shutterfly) • In the print dialog choose “Scale/Fit to size” and select your paper • Matte or fine-art paper gives the most authentic ink look; for large A2/A1 use heavyweight matte for a gallery feel ✦ DETAILS • Original ink-wash artwork, AI-assisted",https://canvasminiart.site/p/4522792222.html,https://i.etsystatic.com/65245102/r/il/60d60c/8190776483/il_fullxfull.8190776483_bocv.jpg,8.99 USD,in stock,new,MiniCanvasArt,"Home & Garden > Decor > Artwork > Posters, Prints, & Visual Artwork",Landscapes & Nature
4522791436,Minimalist Moon Lake Ink Print | Black White Red Art (Digital Download),"A single pale moon hovers over a vast still lake and empty sky, its crescent edge glowing soft red in delicate black-and-white ink — pure, breathing minimalism. A calming piece for a bedroom, office or living room. ──────────────────── ✦ WHAT YOU'LL RECEIVE • 1 high-resolution PDF at 300 DPI, true 2:3 aspect ratio • Prints crisp at US sizes: 4×6, 6×9, 8×12, 12×18, 16×24, 20×30, 24×36 in • Plus international ISO sizes: A5, A4, A3, A2, A1 • A built-in printable size & quick-start guide page • INSTANT digital download — nothing is shipped ✦ HOW TO PRINT (pro tips) • Print at home, a local print shop, or online (Printique, WhiteWall, Staples, Shutterfly) • In the print dialog choose “Scale/Fit to size” and select your paper • Matte or fine-art paper gives the most authentic ink look; for large A2/A1 use heavyweight matte for a gallery feel ✦ DETAILS • Original ink-wash artwork, AI-assisted, ",https://canvasminiart.site/p/4522791436.html,https://i.etsystatic.com/65245102/r/il/2f8125/8142869202/il_fullxfull.8142869202_k6az.jpg,8.99 USD,in stock,new,MiniCanvasArt,"Home & Garden > Decor > Artwork > Posters, Prints, & Visual Artwork",Landscapes & Nature
4522790614,Bridge Moonlit Lake Red Lantern Ink | Black White Wall Art | Printable Digital Download | Zen Japandi Decor,"A small arched bridge crosses a still moonlit lake, a red lantern glowing beneath a pale moon in soft black-and-white ink — peaceful and storybook-calm. A lovely piece for a bedroom, entryway or living room. ──────────────────── ✦ WHAT YOU'LL RECEIVE • 1 high-resolution PDF at 300 DPI, true 2:3 aspect ratio • Prints crisp at US sizes: 4×6, 6×9, 8×12, 12×18, 16×24, 20×30, 24×36 in • Plus international ISO sizes: A5, A4, A3, A2, A1 • A built-in printable size & quick-start guide page • INSTANT digital download — nothing is shipped ✦ HOW TO PRINT (pro tips) • Print at home, a local print shop, or online (Printique, WhiteWall, Staples, Shutterfly) • In the print dialog choose “Scale/Fit to size” and select your paper • Matte or fine-art paper gives the most authentic ink look; for large A2/A1 use heavyweight matte for a gallery feel ✦ DETAILS • Original ink-wash artwork, AI-assisted, exclusi",https://canvasminiart.site/p/4522790614.html,https://i.etsystatic.com/65245102/r/il/07b831/8142863176/il_fullxfull.8142863176_3yhd.jpg,8.99 USD,in stock,new,MiniCanvasArt,"Home & Garden > Decor > Artwork > Posters, Prints, & Visual Artwork",Landscapes & Nature
4522782037,Moonlit Lake Reeds Ink | Black White Red Minimalist Wall Art | Printable Digital Download | Zen Japandi Decor,"Tall reeds sway over moonlit water beneath a pale moon, a single red dragonfly for one delicate accent in soft black-and-white ink — airy and calm. A light piece for a bedroom, office or bathroom. ──────────────────── ✦ WHAT YOU'LL RECEIVE • 1 high-resolution PDF at 300 DPI, true 2:3 aspect ratio • Prints crisp at US sizes: 4×6, 6×9, 8×12, 12×18, 16×24, 20×30, 24×36 in • Plus international ISO sizes: A5, A4, A3, A2, A1 • A built-in printable size & quick-start guide page • INSTANT digital download — nothing is shipped ✦ HOW TO PRINT (pro tips) • Print at home, a local print shop, or online (Printique, WhiteWall, Staples, Shutterfly) • In the print dialog choose “Scale/Fit to size” and select your paper • Matte or fine-art paper gives the most authentic ink look; for large A2/A1 use heavyweight matte for a gallery feel ✦ DETAILS • Original ink-wash artwork, AI-assisted, exclusive to MiniC",https://canvasminiart.site/p/4522782037.html,https://i.etsystatic.com/65245102/r/il/f6dfa7/8190758617/il_fullxfull.8190758617_d6sk.jpg,8.99 USD,in stock,new,MiniCanvasArt,"Home & Garden > Decor > Artwork > Posters, Prints, & Visual Artwork",Landscapes & Nature
4522789042,Still Lake Moon Reflection Ink Print | Minimalist Zen Wall Art (Digital Download),"A perfectly still lake mirrors a pale moon and misty peaks in flawless symmetry, a tiny red boat for one calm accent in black-and-white ink. A serene, elegant piece for a bedroom, bathroom or living room. ──────────────────── ✦ WHAT YOU'LL RECEIVE • 1 high-resolution PDF at 300 DPI, true 2:3 aspect ratio • Prints crisp at US sizes: 4×6, 6×9, 8×12, 12×18, 16×24, 20×30, 24×36 in • Plus international ISO sizes: A5, A4, A3, A2, A1 • A built-in printable size & quick-start guide page • INSTANT digital download — nothing is shipped ✦ HOW TO PRINT (pro tips) • Print at home, a local print shop, or online (Printique, WhiteWall, Staples, Shutterfly) • In the print dialog choose “Scale/Fit to size” and select your paper • Matte or fine-art paper gives the most authentic ink look; for large A2/A1 use heavyweight matte for a gallery feel ✦ DETAILS • Original ink-wash artwork, AI-assisted, exclusive ",https://canvasminiart.site/p/4522789042.html,https://i.etsystatic.com/65245102/r/il/729ce1/8190753017/il_fullxfull.8190753017_qz2g.jpg,8.99 USD,in stock,new,MiniCanvasArt,"Home & Garden > Decor > Artwork > Posters, Prints, & Visual Artwork",Landscapes & Nature
4522780429,Fisherman Moonlit Lake Ink Print | Red Lantern Zen Japandi Wall Art (Digital Download),"A lone fisherman drifts beneath a great moon on a still lake, a red lantern on the boat glowing in soft black-and-white ink — serene and story-rich. An evocative piece for a living room, office or bedroom. ──────────────────── ✦ WHAT YOU'LL RECEIVE • 1 high-resolution PDF at 300 DPI, true 2:3 aspect ratio • Prints crisp at US sizes: 4×6, 6×9, 8×12, 12×18, 16×24, 20×30, 24×36 in • Plus international ISO sizes: A5, A4, A3, A2, A1 • A built-in printable size & quick-start guide page • INSTANT digital download — nothing is shipped ✦ HOW TO PRINT (pro tips) • Print at home, a local print shop, or online (Printique, WhiteWall, Staples, Shutterfly) • In the print dialog choose “Scale/Fit to size” and select your paper • Matte or fine-art paper gives the most authentic ink look; for large A2/A1 use heavyweight matte for a gallery feel ✦ DETAILS • Original ink-wash artwork, AI-assisted, exclusive",https://canvasminiart.site/p/4522780429.html,https://i.etsystatic.com/65245102/r/il/c3b481/8190747855/il_fullxfull.8190747855_6leb.jpg,8.99 USD,in stock,new,MiniCanvasArt,"Home & Garden > Decor > Artwork > Posters, Prints, & Visual Artwork",Landscapes & Nature
4522779677,Heron Moonlit Lake Ink Print | Black White Red Minimalist Japandi Wall Art (Digital Download),"A solitary heron stands in a moonlit lake before misty peaks, a single red accent glowing in soft black-and-white ink — graceful and calm. A poetic piece for a bedroom, living room or office. ──────────────────── ✦ WHAT YOU'LL RECEIVE • 1 high-resolution PDF at 300 DPI, true 2:3 aspect ratio • Prints crisp at US sizes: 4×6, 6×9, 8×12, 12×18, 16×24, 20×30, 24×36 in • Plus international ISO sizes: A5, A4, A3, A2, A1 • A built-in printable size & quick-start guide page • INSTANT digital download — nothing is shipped ✦ HOW TO PRINT (pro tips) • Print at home, a local print shop, or online (Printique, WhiteWall, Staples, Shutterfly) • In the print dialog choose “Scale/Fit to size” and select your paper • Matte or fine-art paper gives the most authentic ink look; for large A2/A1 use heavyweight matte for a gallery feel ✦ DETAILS • Original ink-wash artwork, AI-assisted, exclusive to MiniCanvas",https://canvasminiart.site/p/4522779677.html,https://i.etsystatic.com/65245102/r/il/f904ca/8190741949/il_fullxfull.8190741949_ejxk.jpg,8.99 USD,in stock,new,MiniCanvasArt,"Home & Garden > Decor > Artwork > Posters, Prints, & Visual Artwork",Koi & Animals
4522778893,Pine Lake Moon Red Lantern Ink | Black White Wall Art | Printable Digital Download | Zen Japandi Home Decor,"A twisted pine leans over a still moonlit lake, a single red lantern hanging in soft black-and-white ink — timeless and tranquil. A meditative piece for a study, bedroom or living room. ──────────────────── ✦ WHAT YOU'LL RECEIVE • 1 high-resolution PDF at 300 DPI, true 2:3 aspect ratio • Prints crisp at US sizes: 4×6, 6×9, 8×12, 12×18, 16×24, 20×30, 24×36 in • Plus international ISO sizes: A5, A4, A3, A2, A1 • A built-in printable size & quick-start guide page • INSTANT digital download — nothing is shipped ✦ HOW TO PRINT (pro tips) • Print at home, a local print shop, or online (Printique, WhiteWall, Staples, Shutterfly) • In the print dialog choose “Scale/Fit to size” and select your paper • Matte or fine-art paper gives the most authentic ink look; for large A2/A1 use heavyweight matte for a gallery feel ✦ DETAILS • Original ink-wash artwork, AI-assisted, exclusive to MiniCanvasArt • ",https://canvasminiart.site/p/4522778893.html,https://i.etsystatic.com/65245102/r/il/b2e5be/8190736139/il_fullxfull.8190736139_rzvd.jpg,8.99 USD,in stock,new,MiniCanvasArt,"Home & Garden > Decor > Artwork > Posters, Prints, & Visual Artwork",Landscapes & Nature
4522778053,Full Moon Lake Reflection Ink Print | Minimalist Zen Wall Art (Digital Download),"A calm lake mirrors a large full moon with misty mountains beyond, a small red lantern at the shore in soft black-and-white ink — peaceful and grounding. A soothing piece for a bedroom, living room or office. ──────────────────── ✦ WHAT YOU'LL RECEIVE • 1 high-resolution PDF at 300 DPI, true 2:3 aspect ratio • Prints crisp at US sizes: 4×6, 6×9, 8×12, 12×18, 16×24, 20×30, 24×36 in • Plus international ISO sizes: A5, A4, A3, A2, A1 • A built-in printable size & quick-start guide page • INSTANT digital download — nothing is shipped ✦ HOW TO PRINT (pro tips) • Print at home, a local print shop, or online (Printique, WhiteWall, Staples, Shutterfly) • In the print dialog choose “Scale/Fit to size” and select your paper • Matte or fine-art paper gives the most authentic ink look; for large A2/A1 use heavyweight matte for a gallery feel ✦ DETAILS • Original ink-wash artwork, AI-assisted, exclus",https://canvasminiart.site/p/4522778053.html,https://i.etsystatic.com/65245102/r/il/1b6187/8142828952/il_fullxfull.8142828952_ragw.jpg,8.99 USD,in stock,new,MiniCanvasArt,"Home & Garden > Decor > Artwork > Posters, Prints, & Visual Artwork",Landscapes & Nature
4522784928,Moonlit Lake Boat Red Lantern Ink | Black White Minimalist Wall Art | Printable Digital Download | Zen Japandi Decor,"A lone boat drifts on a still lake beneath a great pale moon, a single red lantern glowing in soft black-and-white ink — quiet and dreamlike. A serene focal point for a bedroom, living room or office with one calm accent of color. ──────────────────── ✦ WHAT YOU'LL RECEIVE • 1 high-resolution PDF at 300 DPI, true 2:3 aspect ratio • Prints crisp at US sizes: 4×6, 6×9, 8×12, 12×18, 16×24, 20×30, 24×36 in • Plus international ISO sizes: A5, A4, A3, A2, A1 • A built-in printable size & quick-start guide page • INSTANT digital download — nothing is shipped ✦ HOW TO PRINT (pro tips) • Print at home, a local print shop, or online (Printique, WhiteWall, Staples, Shutterfly) • In the print dialog choose “Scale/Fit to size” and select your paper • Matte or fine-art paper gives the most authentic ink look; for large A2/A1 use heavyweight matte for a gallery feel ✦ DETAILS • Original ink-wash artwor",https://canvasminiart.site/p/4522784928.html,https://i.etsystatic.com/65245102/r/il/8ac5a2/8190724037/il_fullxfull.8190724037_6kdn.jpg,8.99 USD,in stock,new,MiniCanvasArt,"Home & Garden > Decor > Artwork > Posters, Prints, & Visual Artwork",Landscapes & Nature
4522770834,Cherry Blossom Petals Swirl Ink | Black White Red Wall Art | Printable Digital Download | Zen Japandi Decor,"Cherry blossoms and petals swirl gracefully across generous empty space, glowing vivid red over delicate black-and-white ink — airy and modern. A serene, minimal piece for a bedroom, living room or office. ──────────────────── ✦ WHAT YOU'LL RECEIVE • 1 high-resolution PDF at 300 DPI, true 2:3 aspect ratio • Prints crisp at US sizes: 4×6, 6×9, 8×12, 12×18, 16×24, 20×30, 24×36 in • Plus international ISO sizes: A5, A4, A3, A2, A1 • A built-in printable size & quick-start guide page • INSTANT digital download — nothing is shipped ✦ HOW TO PRINT (pro tips) • Print at home, a local print shop, or online (Printique, WhiteWall, Staples, Shutterfly) • In the print dialog choose “Scale/Fit to size” and select your paper • Matte or fine-art paper gives the most authentic ink look; for large A2/A1 use heavyweight matte for a gallery feel ✦ DETAILS • Original ink-wash artwork, AI-assisted, exclusive",https://canvasminiart.site/p/4522770834.html,https://i.etsystatic.com/65245102/r/il/0cdaa8/8190620897/il_fullxfull.8190620897_9nd2.jpg,8.99 USD,in stock,new,MiniCanvasArt,"Home & Garden > Decor > Artwork > Posters, Prints, & Visual Artwork",Florals & Botanical
4522761875,Cherry Blossom Trees Ink | Black White Red Minimalist Wall Art | Printable Digital Download | Japandi Decor,"Two cherry trees in vivid red frame a calm misty landscape in soft black-and-white ink — balanced and serene. A harmonious, grounding piece for a living room, bedroom or office. ──────────────────── ✦ WHAT YOU'LL RECEIVE • 1 high-resolution PDF at 300 DPI, true 2:3 aspect ratio • Prints crisp at US sizes: 4×6, 6×9, 8×12, 12×18, 16×24, 20×30, 24×36 in • Plus international ISO sizes: A5, A4, A3, A2, A1 • A built-in printable size & quick-start guide page • INSTANT digital download — nothing is shipped ✦ HOW TO PRINT (pro tips) • Print at home, a local print shop, or online (Printique, WhiteWall, Staples, Shutterfly) • In the print dialog choose “Scale/Fit to size” and select your paper • Matte or fine-art paper gives the most authentic ink look; for large A2/A1 use heavyweight matte for a gallery feel ✦ DETAILS • Original ink-wash artwork, AI-assisted, exclusive to MiniCanvasArt • Colors m",https://canvasminiart.site/p/4522761875.html,https://i.etsystatic.com/65245102/r/il/6d12b7/8190613477/il_fullxfull.8190613477_2j4e.jpg,8.99 USD,in stock,new,MiniCanvasArt,"Home & Garden > Decor > Artwork > Posters, Prints, & Visual Artwork",Florals & Botanical
4522768918,Pagoda Cherry Blossoms Ink Print | Black White Red Japandi Zen Art (Digital Download),"A distant pagoda rises among cherry trees in vivid red and soft mist, delicate black-and-white ink all around — serene and evocative. A calming, elegant piece for a living room, office or bedroom. ──────────────────── ✦ WHAT YOU'LL RECEIVE • 1 high-resolution PDF at 300 DPI, true 2:3 aspect ratio • Prints crisp at US sizes: 4×6, 6×9, 8×12, 12×18, 16×24, 20×30, 24×36 in • Plus international ISO sizes: A5, A4, A3, A2, A1 • A built-in printable size & quick-start guide page • INSTANT digital download — nothing is shipped ✦ HOW TO PRINT (pro tips) • Print at home, a local print shop, or online (Printique, WhiteWall, Staples, Shutterfly) • In the print dialog choose “Scale/Fit to size” and select your paper • Matte or fine-art paper gives the most authentic ink look; for large A2/A1 use heavyweight matte for a gallery feel ✦ DETAILS • Original ink-wash artwork, AI-assisted, exclusive to MiniC",https://canvasminiart.site/p/4522768918.html,https://i.etsystatic.com/65245102/r/il/4a628e/8142706460/il_fullxfull.8142706460_66fx.jpg,8.99 USD,in stock,new,MiniCanvasArt,"Home & Garden > Decor > Artwork > Posters, Prints, & Visual Artwork",Florals & Botanical
4522760191,Cherry Blossom Bridge Ink Print | Black White Red Japandi Zen Wall Art (Digital Download),"A small arched bridge nestles among cherry trees in vivid red over still water, soft black-and-white ink throughout — peaceful and storybook-calm. A lovely piece for a bedroom, living room or entryway. ──────────────────── ✦ WHAT YOU'LL RECEIVE • 1 high-resolution PDF at 300 DPI, true 2:3 aspect ratio • Prints crisp at US sizes: 4×6, 6×9, 8×12, 12×18, 16×24, 20×30, 24×36 in • Plus international ISO sizes: A5, A4, A3, A2, A1 • A built-in printable size & quick-start guide page • INSTANT digital download — nothing is shipped ✦ HOW TO PRINT (pro tips) • Print at home, a local print shop, or online (Printique, WhiteWall, Staples, Shutterfly) • In the print dialog choose “Scale/Fit to size” and select your paper • Matte or fine-art paper gives the most authentic ink look; for large A2/A1 use heavyweight matte for a gallery feel ✦ DETAILS • Original ink-wash artwork, AI-assisted, exclusive to ",https://canvasminiart.site/p/4522760191.html,https://i.etsystatic.com/65245102/r/il/495117/8142700308/il_fullxfull.8142700308_rlxy.jpg,8.99 USD,in stock,new,MiniCanvasArt,"Home & Garden > Decor > Artwork > Posters, Prints, & Visual Artwork",Florals & Botanical
4522759299,Cherry Blossoms Misty Mountain Ink Print | Japandi Zen Wall Art (Digital Download),"Cherry trees bloom in vivid red before a misty mountain in soft black-and-white ink — serene and timeless. A grounding, beautiful piece for a living room, bedroom or office. ──────────────────── ✦ WHAT YOU'LL RECEIVE • 1 high-resolution PDF at 300 DPI, true 2:3 aspect ratio • Prints crisp at US sizes: 4×6, 6×9, 8×12, 12×18, 16×24, 20×30, 24×36 in • Plus international ISO sizes: A5, A4, A3, A2, A1 • A built-in printable size & quick-start guide page • INSTANT digital download — nothing is shipped ✦ HOW TO PRINT (pro tips) • Print at home, a local print shop, or online (Printique, WhiteWall, Staples, Shutterfly) • In the print dialog choose “Scale/Fit to size” and select your paper • Matte or fine-art paper gives the most authentic ink look; for large A2/A1 use heavyweight matte for a gallery feel ✦ DETAILS • Original ink-wash artwork, AI-assisted, exclusive to MiniCanvasArt • Colors may v",https://canvasminiart.site/p/4522759299.html,https://i.etsystatic.com/65245102/r/il/142c0e/8142693832/il_fullxfull.8142693832_asq4.jpg,8.99 USD,in stock,new,MiniCanvasArt,"Home & Garden > Decor > Artwork > Posters, Prints, & Visual Artwork",Florals & Botanical
4522766284,Cherry Blossom Branch Ink | Black White Red Minimalist Wall Art | Printable Digital Download | Japandi Zen Decor,"A single elegant cherry branch reaches across the frame, blossoms glowing vivid red over fine black ink — refined and minimal. A beautifully understated piece for a bedroom, living room or office. ──────────────────── ✦ WHAT YOU'LL RECEIVE • 1 high-resolution PDF at 300 DPI, true 2:3 aspect ratio • Prints crisp at US sizes: 4×6, 6×9, 8×12, 12×18, 16×24, 20×30, 24×36 in • Plus international ISO sizes: A5, A4, A3, A2, A1 • A built-in printable size & quick-start guide page • INSTANT digital download — nothing is shipped ✦ HOW TO PRINT (pro tips) • Print at home, a local print shop, or online (Printique, WhiteWall, Staples, Shutterfly) • In the print dialog choose “Scale/Fit to size” and select your paper • Matte or fine-art paper gives the most authentic ink look; for large A2/A1 use heavyweight matte for a gallery feel ✦ DETAILS • Original ink-wash artwork, AI-assisted, exclusive to MiniC",https://canvasminiart.site/p/4522766284.html,https://i.etsystatic.com/65245102/r/il/cafcfb/8142687358/il_fullxfull.8142687358_do4f.jpg,8.99 USD,in stock,new,MiniCanvasArt,"Home & Garden > Decor > Artwork > Posters, Prints, & Visual Artwork",Florals & Botanical
4522765420,Falling Cherry Blossom Petals Ink | Black White Red Wall Art | Printable Digital Download | Zen Japandi Decor,"Cherry petals drift on the wind from a bare black branch, glowing vivid red against airy black-and-white ink — delicate and poetic. A light, calming piece for a bedroom, nursery or office. ──────────────────── ✦ WHAT YOU'LL RECEIVE • 1 high-resolution PDF at 300 DPI, true 2:3 aspect ratio • Prints crisp at US sizes: 4×6, 6×9, 8×12, 12×18, 16×24, 20×30, 24×36 in • Plus international ISO sizes: A5, A4, A3, A2, A1 • A built-in printable size & quick-start guide page • INSTANT digital download — nothing is shipped ✦ HOW TO PRINT (pro tips) • Print at home, a local print shop, or online (Printique, WhiteWall, Staples, Shutterfly) • In the print dialog choose “Scale/Fit to size” and select your paper • Matte or fine-art paper gives the most authentic ink look; for large A2/A1 use heavyweight matte for a gallery feel ✦ DETAILS • Original ink-wash artwork, AI-assisted, exclusive to MiniCanvasArt",https://canvasminiart.site/p/4522765420.html,https://i.etsystatic.com/65245102/r/il/1d434a/8142681158/il_fullxfull.8142681158_alp3.jpg,8.99 USD,in stock,new,MiniCanvasArt,"Home & Garden > Decor > Artwork > Posters, Prints, & Visual Artwork",Florals & Botanical
4522756503,Cherry Blossom Path Ink Print | Minimalist Japandi Wall Art (Digital Download),"A quiet path arches beneath cherry trees blooming in vivid red, soft black-and-white ink all around — tranquil and inviting. A calming, romantic piece for a bedroom, hallway or living room. ──────────────────── ✦ WHAT YOU'LL RECEIVE • 1 high-resolution PDF at 300 DPI, true 2:3 aspect ratio • Prints crisp at US sizes: 4×6, 6×9, 8×12, 12×18, 16×24, 20×30, 24×36 in • Plus international ISO sizes: A5, A4, A3, A2, A1 • A built-in printable size & quick-start guide page • INSTANT digital download — nothing is shipped ✦ HOW TO PRINT (pro tips) • Print at home, a local print shop, or online (Printique, WhiteWall, Staples, Shutterfly) • In the print dialog choose “Scale/Fit to size” and select your paper • Matte or fine-art paper gives the most authentic ink look; for large A2/A1 use heavyweight matte for a gallery feel ✦ DETAILS • Original ink-wash artwork, AI-assisted, exclusive to MiniCanvasAr",https://canvasminiart.site/p/4522756503.html,https://i.etsystatic.com/65245102/r/il/c0f36c/8142673234/il_fullxfull.8142673234_cupa.jpg,8.99 USD,in stock,new,MiniCanvasArt,"Home & Garden > Decor > Artwork > Posters, Prints, & Visual Artwork",Florals & Botanical
4522763560,Cherry Blossom River Ink Painting | Black White Red Japandi Wall Art (Digital Download),"Cherry trees in red bloom lean over a calm winding river in soft black-and-white ink — peaceful and atmospheric. A soothing, immersive piece for a living room, bedroom or office that draws the eye and quiets the mind. ──────────────────── ✦ WHAT YOU'LL RECEIVE • 1 high-resolution PDF at 300 DPI, true 2:3 aspect ratio • Prints crisp at US sizes: 4×6, 6×9, 8×12, 12×18, 16×24, 20×30, 24×36 in • Plus international ISO sizes: A5, A4, A3, A2, A1 • A built-in printable size & quick-start guide page • INSTANT digital download — nothing is shipped ✦ HOW TO PRINT (pro tips) • Print at home, a local print shop, or online (Printique, WhiteWall, Staples, Shutterfly) • In the print dialog choose “Scale/Fit to size” and select your paper • Matte or fine-art paper gives the most authentic ink look; for large A2/A1 use heavyweight matte for a gallery feel ✦ DETAILS • Original ink-wash artwork, AI-assiste",https://canvasminiart.site/p/4522763560.html,https://i.etsystatic.com/65245102/r/il/8e5cd1/8190568253/il_fullxfull.8190568253_jg86.jpg,8.99 USD,in stock,new,MiniCanvasArt,"Home & Garden > Decor > Artwork > Posters, Prints, & Visual Artwork",Florals & Botanical
4522754771,Cherry Blossom Tree Ink | Black White Red Minimalist Wall Art | Printable Digital Download | Japandi Zen Decor,"A single graceful cherry tree blooms in vivid red against soft black-and-white ink — delicate, calming and beautifully minimal. A serene focal point for a living room, bedroom or office, with exactly the one-accent look modern interiors love. ──────────────────── ✦ WHAT YOU'LL RECEIVE • 1 high-resolution PDF at 300 DPI, true 2:3 aspect ratio • Prints crisp at US sizes: 4×6, 6×9, 8×12, 12×18, 16×24, 20×30, 24×36 in • Plus international ISO sizes: A5, A4, A3, A2, A1 • A built-in printable size & quick-start guide page • INSTANT digital download — nothing is shipped ✦ HOW TO PRINT (pro tips) • Print at home, a local print shop, or online (Printique, WhiteWall, Staples, Shutterfly) • In the print dialog choose “Scale/Fit to size” and select your paper • Matte or fine-art paper gives the most authentic ink look; for large A2/A1 use heavyweight matte for a gallery feel ✦ DETAILS • Original ink",https://canvasminiart.site/p/4522754771.html,https://i.etsystatic.com/65245102/r/il/3a8a2f/8190561941/il_fullxfull.8190561941_l35e.jpg,8.99 USD,in stock,new,MiniCanvasArt,"Home & Garden > Decor > Artwork > Posters, Prints, & Visual Artwork",Florals & Botanical
4522738176,"S-Curve Sand Dunes Print | Red Sun, Black White Ink Art (Digital Download)","Elegant flowing S-curves of sand with soft shadow gradients beneath a red sun — refined, sculptural calm in black-and-white ink. A beautifully minimal piece for a bedroom, living room or office. ──────────────────── ✦ WHAT YOU'LL RECEIVE • 1 high-resolution PDF at 300 DPI, true 2:3 aspect ratio • Prints crisp at US sizes: 4×6, 6×9, 8×12, 12×18, 16×24, 20×30, 24×36 in • Plus international ISO sizes: A5, A4, A3, A2, A1 • A built-in printable size & quick-start guide page • INSTANT digital download — nothing is shipped ✦ HOW TO PRINT (pro tips) • Print at home, a local print shop, or online (Printique, WhiteWall, Staples, Shutterfly) • In the print dialog choose “Scale/Fit to size” and select your paper • Matte or fine-art paper gives the most authentic ink look; for large A2/A1 use heavyweight matte for a gallery feel ✦ DETAILS • Original ink-wash artwork, AI-assisted, exclusive to MiniCan",https://canvasminiart.site/p/4522738176.html,https://i.etsystatic.com/65245102/r/il/b46ab1/8190365989/il_fullxfull.8190365989_3ucv.jpg,8.99 USD,in stock,new,MiniCanvasArt,"Home & Garden > Decor > Artwork > Posters, Prints, & Visual Artwork",Landscapes & Nature
4522737352,Vast Empty Desert Dunes Red Sun | Black White Minimalist Wall Art | Printable Digital Download | Zen Decor,"Vast empty dunes stretch to the horizon beneath a small red sun — ultra-minimal calm in soft black-and-white ink. A serene, spacious piece that brings stillness to a bedroom, office or living room. ──────────────────── ✦ WHAT YOU'LL RECEIVE • 1 high-resolution PDF at 300 DPI, true 2:3 aspect ratio • Prints crisp at US sizes: 4×6, 6×9, 8×12, 12×18, 16×24, 20×30, 24×36 in • Plus international ISO sizes: A5, A4, A3, A2, A1 • A built-in printable size & quick-start guide page • INSTANT digital download — nothing is shipped ✦ HOW TO PRINT (pro tips) • Print at home, a local print shop, or online (Printique, WhiteWall, Staples, Shutterfly) • In the print dialog choose “Scale/Fit to size” and select your paper • Matte or fine-art paper gives the most authentic ink look; for large A2/A1 use heavyweight matte for a gallery feel ✦ DETAILS • Original ink-wash artwork, AI-assisted, exclusive to Mini",https://canvasminiart.site/p/4522737352.html,https://i.etsystatic.com/65245102/r/il/d1a6c2/8142458310/il_fullxfull.8142458310_qslw.jpg,8.99 USD,in stock,new,MiniCanvasArt,"Home & Garden > Decor > Artwork > Posters, Prints, & Visual Artwork",Landscapes & Nature
4522736514,"Lone Traveler Desert Ink Print | Red Sun, Dunes, Boho Wall Art (Digital Download)","A lone robed traveler walks over vast dunes beneath a red sun — solitude, journey and scale in black-and-white ink. An evocative, meditative piece for a living room, office or hallway. ──────────────────── ✦ WHAT YOU'LL RECEIVE • 1 high-resolution PDF at 300 DPI, true 2:3 aspect ratio • Prints crisp at US sizes: 4×6, 6×9, 8×12, 12×18, 16×24, 20×30, 24×36 in • Plus international ISO sizes: A5, A4, A3, A2, A1 • A built-in printable size & quick-start guide page • INSTANT digital download — nothing is shipped ✦ HOW TO PRINT (pro tips) • Print at home, a local print shop, or online (Printique, WhiteWall, Staples, Shutterfly) • In the print dialog choose “Scale/Fit to size” and select your paper • Matte or fine-art paper gives the most authentic ink look; for large A2/A1 use heavyweight matte for a gallery feel ✦ DETAILS • Original ink-wash artwork, AI-assisted, exclusive to MiniCanvasArt • C",https://canvasminiart.site/p/4522736514.html,https://i.etsystatic.com/65245102/r/il/747850/8190352175/il_fullxfull.8190352175_dkm6.jpg,8.99 USD,in stock,new,MiniCanvasArt,"Home & Garden > Decor > Artwork > Posters, Prints, & Visual Artwork",Landscapes & Nature
4522727935,"Desert Oasis Dunes Print | Red Sun, Black White Ink Wall Art (Digital Download)","Dunes cradle a small still oasis with a few palms beneath a red sun — a serene haven in soft black-and-white ink. A peaceful, uplifting piece for a bedroom, bathroom or living room. ──────────────────── ✦ WHAT YOU'LL RECEIVE • 1 high-resolution PDF at 300 DPI, true 2:3 aspect ratio • Prints crisp at US sizes: 4×6, 6×9, 8×12, 12×18, 16×24, 20×30, 24×36 in • Plus international ISO sizes: A5, A4, A3, A2, A1 • A built-in printable size & quick-start guide page • INSTANT digital download — nothing is shipped ✦ HOW TO PRINT (pro tips) • Print at home, a local print shop, or online (Printique, WhiteWall, Staples, Shutterfly) • In the print dialog choose “Scale/Fit to size” and select your paper • Matte or fine-art paper gives the most authentic ink look; for large A2/A1 use heavyweight matte for a gallery feel ✦ DETAILS • Original ink-wash artwork, AI-assisted, exclusive to MiniCanvasArt • Colo",https://canvasminiart.site/p/4522727935.html,https://i.etsystatic.com/65245102/r/il/566884/8142445248/il_fullxfull.8142445248_hn6z.jpg,8.99 USD,in stock,new,MiniCanvasArt,"Home & Garden > Decor > Artwork > Posters, Prints, & Visual Artwork",Landscapes & Nature
4522727127,Windswept Desert Dune Ink Print | Red Sun Boho Wall Art (Digital Download),"Sand sprays off a windswept dune crest beneath a red sun — movement and stillness in one breath of black-and-white ink. A dynamic yet calming piece for a living room, office or bedroom. ──────────────────── ✦ WHAT YOU'LL RECEIVE • 1 high-resolution PDF at 300 DPI, true 2:3 aspect ratio • Prints crisp at US sizes: 4×6, 6×9, 8×12, 12×18, 16×24, 20×30, 24×36 in • Plus international ISO sizes: A5, A4, A3, A2, A1 • A built-in printable size & quick-start guide page • INSTANT digital download — nothing is shipped ✦ HOW TO PRINT (pro tips) • Print at home, a local print shop, or online (Printique, WhiteWall, Staples, Shutterfly) • In the print dialog choose “Scale/Fit to size” and select your paper • Matte or fine-art paper gives the most authentic ink look; for large A2/A1 use heavyweight matte for a gallery feel ✦ DETAILS • Original ink-wash artwork, AI-assisted, exclusive to MiniCanvasArt • ",https://canvasminiart.site/p/4522727127.html,https://i.etsystatic.com/65245102/r/il/34483f/8142439260/il_fullxfull.8142439260_bo99.jpg,8.99 USD,in stock,new,MiniCanvasArt,"Home & Garden > Decor > Artwork > Posters, Prints, & Visual Artwork",Landscapes & Nature
4522726333,Lone Tree Desert Dune Red Sun | Black White Ink Wall Art | Printable Digital Download | Minimalist Boho Decor,"A single lone tree stands on a great dune beneath a red sun — quiet resilience and beauty in soft black-and-white ink. A meaningful, calming piece for a bedroom, study or living room. ──────────────────── ✦ WHAT YOU'LL RECEIVE • 1 high-resolution PDF at 300 DPI, true 2:3 aspect ratio • Prints crisp at US sizes: 4×6, 6×9, 8×12, 12×18, 16×24, 20×30, 24×36 in • Plus international ISO sizes: A5, A4, A3, A2, A1 • A built-in printable size & quick-start guide page • INSTANT digital download — nothing is shipped ✦ HOW TO PRINT (pro tips) • Print at home, a local print shop, or online (Printique, WhiteWall, Staples, Shutterfly) • In the print dialog choose “Scale/Fit to size” and select your paper • Matte or fine-art paper gives the most authentic ink look; for large A2/A1 use heavyweight matte for a gallery feel ✦ DETAILS • Original ink-wash artwork, AI-assisted, exclusive to MiniCanvasArt • Co",https://canvasminiart.site/p/4522726333.html,https://i.etsystatic.com/65245102/r/il/da01e1/8190333165/il_fullxfull.8190333165_h9i6.jpg,8.99 USD,in stock,new,MiniCanvasArt,"Home & Garden > Decor > Artwork > Posters, Prints, & Visual Artwork",Landscapes & Nature
4522733138,"Layered Desert Dunes Print | Red Sun, Black White Ink Wash (Digital Download)","Layer upon layer of dune ridges recede into haze beneath a red sun — endless calm in delicate black-and-white ink. A soothing, airy piece for a bedroom, living room or office. ──────────────────── ✦ WHAT YOU'LL RECEIVE • 1 high-resolution PDF at 300 DPI, true 2:3 aspect ratio • Prints crisp at US sizes: 4×6, 6×9, 8×12, 12×18, 16×24, 20×30, 24×36 in • Plus international ISO sizes: A5, A4, A3, A2, A1 • A built-in printable size & quick-start guide page • INSTANT digital download — nothing is shipped ✦ HOW TO PRINT (pro tips) • Print at home, a local print shop, or online (Printique, WhiteWall, Staples, Shutterfly) • In the print dialog choose “Scale/Fit to size” and select your paper • Matte or fine-art paper gives the most authentic ink look; for large A2/A1 use heavyweight matte for a gallery feel ✦ DETAILS • Original ink-wash artwork, AI-assisted, exclusive to MiniCanvasArt • Colors may",https://canvasminiart.site/p/4522733138.html,https://i.etsystatic.com/65245102/r/il/be66f2/8142425816/il_fullxfull.8142425816_290b.jpg,8.99 USD,in stock,new,MiniCanvasArt,"Home & Garden > Decor > Artwork > Posters, Prints, & Visual Artwork",Landscapes & Nature
4522732314,Camel Caravan Desert Dunes Red Sun | Black White Ink Wall Art | Printable Digital Download | Boho Decor,"A camel caravan crosses the dunes in silhouette beneath a great red sun — timeless, adventurous and serene in black-and-white ink. A striking, story-rich piece for a living room, office or entryway. ──────────────────── ✦ WHAT YOU'LL RECEIVE • 1 high-resolution PDF at 300 DPI, true 2:3 aspect ratio • Prints crisp at US sizes: 4×6, 6×9, 8×12, 12×18, 16×24, 20×30, 24×36 in • Plus international ISO sizes: A5, A4, A3, A2, A1 • A built-in printable size & quick-start guide page • INSTANT digital download — nothing is shipped ✦ HOW TO PRINT (pro tips) • Print at home, a local print shop, or online (Printique, WhiteWall, Staples, Shutterfly) • In the print dialog choose “Scale/Fit to size” and select your paper • Matte or fine-art paper gives the most authentic ink look; for large A2/A1 use heavyweight matte for a gallery feel ✦ DETAILS • Original ink-wash artwork, AI-assisted, exclusive to Min",https://canvasminiart.site/p/4522732314.html,https://i.etsystatic.com/65245102/r/il/085f5b/8142419392/il_fullxfull.8142419392_huzx.jpg,8.99 USD,in stock,new,MiniCanvasArt,"Home & Garden > Decor > Artwork > Posters, Prints, & Visual Artwork",Landscapes & Nature
4522723639,Minimalist Sand Dune Art Print | Red Sun Ink Wash Wall Art (Digital Download),"A single elegant dune curve against vast empty space, a red sun above — pure, breathing minimalism in soft ink. Calming and modern, perfect for a bedroom, office or hallway that loves space and one confident accent. ──────────────────── ✦ WHAT YOU'LL RECEIVE • 1 high-resolution PDF at 300 DPI, true 2:3 aspect ratio • Prints crisp at US sizes: 4×6, 6×9, 8×12, 12×18, 16×24, 20×30, 24×36 in • Plus international ISO sizes: A5, A4, A3, A2, A1 • A built-in printable size & quick-start guide page • INSTANT digital download — nothing is shipped ✦ HOW TO PRINT (pro tips) • Print at home, a local print shop, or online (Printique, WhiteWall, Staples, Shutterfly) • In the print dialog choose “Scale/Fit to size” and select your paper • Matte or fine-art paper gives the most authentic ink look; for large A2/A1 use heavyweight matte for a gallery feel ✦ DETAILS • Original ink-wash artwork, AI-assisted,",https://canvasminiart.site/p/4522723639.html,https://i.etsystatic.com/65245102/r/il/3c46c8/8142412784/il_fullxfull.8142412784_exao.jpg,8.99 USD,in stock,new,MiniCanvasArt,"Home & Garden > Decor > Artwork > Posters, Prints, & Visual Artwork",Landscapes & Nature
4522730578,Desert Dunes Red Sun Ink | Black White Minimalist Wall Art | Printable Digital Download | Boho Zen Decor,"Sweeping sand dunes curve beneath a single vivid red sun — warm, calm and beautifully minimal in black-and-white ink. A serene focal point for a living room, bedroom or office, with exactly the one-accent look modern interiors love. ──────────────────── ✦ WHAT YOU'LL RECEIVE • 1 high-resolution PDF at 300 DPI, true 2:3 aspect ratio • Prints crisp at US sizes: 4×6, 6×9, 8×12, 12×18, 16×24, 20×30, 24×36 in • Plus international ISO sizes: A5, A4, A3, A2, A1 • A built-in printable size & quick-start guide page • INSTANT digital download — nothing is shipped ✦ HOW TO PRINT (pro tips) • Print at home, a local print shop, or online (Printique, WhiteWall, Staples, Shutterfly) • In the print dialog choose “Scale/Fit to size” and select your paper • Matte or fine-art paper gives the most authentic ink look; for large A2/A1 use heavyweight matte for a gallery feel ✦ DETAILS • Original ink-wash artw",https://canvasminiart.site/p/4522730578.html,https://i.etsystatic.com/65245102/r/il/52c826/8190306611/il_fullxfull.8190306611_g4yx.jpg,8.99 USD,in stock,new,MiniCanvasArt,"Home & Garden > Decor > Artwork > Posters, Prints, & Visual Artwork",Landscapes & Nature
4522704116,Ink Wash Crane Print | Red Sun Misty Peaks Wall Art (Digital Download),"A single crane glides across misty peaks beneath a red sun — graceful and serene in black-and-white ink. A poetic, calming piece for a bedroom, living room or office that brings movement, nature and one confident accent of color. ──────────────────── ✦ WHAT YOU'LL RECEIVE • 1 high-resolution PDF at 300 DPI, true 2:3 aspect ratio • Prints crisp at US sizes: 4×6, 6×9, 8×12, 12×18, 16×24, 20×30, 24×36 in • Plus international ISO sizes: A5, A4, A3, A2, A1 • A built-in printable size & quick-start guide page • INSTANT digital download — nothing is shipped ✦ HOW TO PRINT (pro tips) • Print at home, a local print shop, or online (Printique, WhiteWall, Staples, Shutterfly) • In the print dialog choose “Scale/Fit to size” and select your paper • Matte or fine-art paper gives the most authentic ink look; for large A2/A1 use heavyweight matte for a gallery feel ✦ DETAILS • Original ink-wash artwork",https://canvasminiart.site/p/4522704116.html,https://i.etsystatic.com/65245102/r/il/9ec5c0/8142195792/il_fullxfull.8142195792_fp0b.jpg,8.99 USD,in stock,new,MiniCanvasArt,"Home & Garden > Decor > Artwork > Posters, Prints, & Visual Artwork",Koi & Animals
4522695387,Distant Mountain Ridges Print | Red Sun Minimalist Ink Wash Art (Digital Download),"Layer upon layer of mountain ridges fade into pale mist beneath a large red sun — endless calm in delicate black-and-white ink. A soothing, airy piece for a bedroom, living room or office. Minimal, modern and serene. ──────────────────── ✦ WHAT YOU'LL RECEIVE • 1 high-resolution PDF at 300 DPI, true 2:3 aspect ratio • Prints crisp at US sizes: 4×6, 6×9, 8×12, 12×18, 16×24, 20×30, 24×36 in • Plus international ISO sizes: A5, A4, A3, A2, A1 • A built-in printable size & quick-start guide page • INSTANT digital download — nothing is shipped ✦ HOW TO PRINT (pro tips) • Print at home, a local print shop, or online (Printique, WhiteWall, Staples, Shutterfly) • In the print dialog choose “Scale/Fit to size” and select your paper • Matte or fine-art paper gives the most authentic ink look; for large A2/A1 use heavyweight matte for a gallery feel ✦ DETAILS • Original ink-wash artwork, AI-assisted",https://canvasminiart.site/p/4522695387.html,https://i.etsystatic.com/65245102/r/il/66a3d8/8190090365/il_fullxfull.8190090365_9jqx.jpg,8.99 USD,in stock,new,MiniCanvasArt,"Home & Garden > Decor > Artwork > Posters, Prints, & Visual Artwork",Landscapes & Nature
4522694627,Misty Mountain River Valley Red Sun | Black White Ink Wall Art | Printable Digital Download | Zen Japandi Decor,"A river winds through a misty mountain valley beneath a red sun — peaceful and atmospheric in black-and-white ink. A serene, immersive piece for a living room, office or bedroom that draws the eye and calms the mind. ──────────────────── ✦ WHAT YOU'LL RECEIVE • 1 high-resolution PDF at 300 DPI, true 2:3 aspect ratio • Prints crisp at US sizes: 4×6, 6×9, 8×12, 12×18, 16×24, 20×30, 24×36 in • Plus international ISO sizes: A5, A4, A3, A2, A1 • A built-in printable size & quick-start guide page • INSTANT digital download — nothing is shipped ✦ HOW TO PRINT (pro tips) • Print at home, a local print shop, or online (Printique, WhiteWall, Staples, Shutterfly) • In the print dialog choose “Scale/Fit to size” and select your paper • Matte or fine-art paper gives the most authentic ink look; for large A2/A1 use heavyweight matte for a gallery feel ✦ DETAILS • Original ink-wash artwork, AI-assisted",https://canvasminiart.site/p/4522694627.html,https://i.etsystatic.com/65245102/r/il/06a5bc/8142184024/il_fullxfull.8142184024_o8j0.jpg,8.99 USD,in stock,new,MiniCanvasArt,"Home & Garden > Decor > Artwork > Posters, Prints, & Visual Artwork",Landscapes & Nature
4522701830,Snow Peak Misty Red Sun | Black White Ink Wall Art | Printable Digital Download | Minimalist Zen Home Decor,"A lone snow-capped peak rises above drifting mist beneath a red sun — crisp, grand and serene in black-and-white ink. A breathtaking centerpiece for a living room, office or bedroom. Bold contrast with one calm accent of color. ──────────────────── ✦ WHAT YOU'LL RECEIVE • 1 high-resolution PDF at 300 DPI, true 2:3 aspect ratio • Prints crisp at US sizes: 4×6, 6×9, 8×12, 12×18, 16×24, 20×30, 24×36 in • Plus international ISO sizes: A5, A4, A3, A2, A1 • A built-in printable size & quick-start guide page • INSTANT digital download — nothing is shipped ✦ HOW TO PRINT (pro tips) • Print at home, a local print shop, or online (Printique, WhiteWall, Staples, Shutterfly) • In the print dialog choose “Scale/Fit to size” and select your paper • Matte or fine-art paper gives the most authentic ink look; for large A2/A1 use heavyweight matte for a gallery feel ✦ DETAILS • Original ink-wash artwork, ",https://canvasminiart.site/p/4522701830.html,https://i.etsystatic.com/65245102/r/il/677f88/8142177772/il_fullxfull.8142177772_epb8.jpg,8.99 USD,in stock,new,MiniCanvasArt,"Home & Garden > Decor > Artwork > Posters, Prints, & Visual Artwork",Landscapes & Nature
4522701094,Rolling Misty Hills Red Sun | Black White Minimalist Wall Art | Printable Digital Download | Zen Japandi Decor,"Softly rolling hills layer into the distance beneath a red sun — gentle, calming and minimal in black-and-white ink. A soothing focal point for a bedroom, living room or office. Understated elegance with one confident accent. ──────────────────── ✦ WHAT YOU'LL RECEIVE • 1 high-resolution PDF at 300 DPI, true 2:3 aspect ratio • Prints crisp at US sizes: 4×6, 6×9, 8×12, 12×18, 16×24, 20×30, 24×36 in • Plus international ISO sizes: A5, A4, A3, A2, A1 • A built-in printable size & quick-start guide page • INSTANT digital download — nothing is shipped ✦ HOW TO PRINT (pro tips) • Print at home, a local print shop, or online (Printique, WhiteWall, Staples, Shutterfly) • In the print dialog choose “Scale/Fit to size” and select your paper • Matte or fine-art paper gives the most authentic ink look; for large A2/A1 use heavyweight matte for a gallery feel ✦ DETAILS • Original ink-wash artwork, AI",https://canvasminiart.site/p/4522701094.html,https://i.etsystatic.com/65245102/r/il/0cee03/8190072721/il_fullxfull.8190072721_elmr.jpg,8.99 USD,in stock,new,MiniCanvasArt,"Home & Garden > Decor > Artwork > Posters, Prints, & Visual Artwork",Landscapes & Nature
4522692481,Karst Cliffs Fog Red Sun Ink Print | Minimalist Zen Wall Art (Digital Download),"Steep cliffs rise through deep fog beneath a red sun — dramatic and serene in black-and-white ink. A bold yet calming statement for a living room, office or hallway that brings depth, mystery and one striking accent of color. ──────────────────── ✦ WHAT YOU'LL RECEIVE • 1 high-resolution PDF at 300 DPI, true 2:3 aspect ratio • Prints crisp at US sizes: 4×6, 6×9, 8×12, 12×18, 16×24, 20×30, 24×36 in • Plus international ISO sizes: A5, A4, A3, A2, A1 • A built-in printable size & quick-start guide page • INSTANT digital download — nothing is shipped ✦ HOW TO PRINT (pro tips) • Print at home, a local print shop, or online (Printique, WhiteWall, Staples, Shutterfly) • In the print dialog choose “Scale/Fit to size” and select your paper • Matte or fine-art paper gives the most authentic ink look; for large A2/A1 use heavyweight matte for a gallery feel ✦ DETAILS • Original ink-wash artwork, AI",https://canvasminiart.site/p/4522692481.html,https://i.etsystatic.com/65245102/r/il/13792a/8142166060/il_fullxfull.8142166060_a9r9.jpg,8.99 USD,in stock,new,MiniCanvasArt,"Home & Garden > Decor > Artwork > Posters, Prints, & Visual Artwork",Landscapes & Nature
4522691753,Misty Mountains Lake Reflection Red Sun Ink Print | Minimalist Zen Wall Art (Digital Download),"Misty mountains mirror in a perfectly still lake, a red sun reflected on the water — serenity doubled. A calming, symmetrical piece for a bedroom, bathroom or living room. Peaceful, elegant and quietly captivating. ──────────────────── ✦ WHAT YOU'LL RECEIVE • 1 high-resolution PDF at 300 DPI, true 2:3 aspect ratio • Prints crisp at US sizes: 4×6, 6×9, 8×12, 12×18, 16×24, 20×30, 24×36 in • Plus international ISO sizes: A5, A4, A3, A2, A1 • A built-in printable size & quick-start guide page • INSTANT digital download — nothing is shipped ✦ HOW TO PRINT (pro tips) • Print at home, a local print shop, or online (Printique, WhiteWall, Staples, Shutterfly) • In the print dialog choose “Scale/Fit to size” and select your paper • Matte or fine-art paper gives the most authentic ink look; for large A2/A1 use heavyweight matte for a gallery feel ✦ DETAILS • Original ink-wash artwork, AI-assisted, ",https://canvasminiart.site/p/4522691753.html,https://i.etsystatic.com/65245102/r/il/f85e65/8142160278/il_fullxfull.8142160278_e7bu.jpg,8.99 USD,in stock,new,MiniCanvasArt,"Home & Garden > Decor > Artwork > Posters, Prints, & Visual Artwork",Landscapes & Nature
4522691077,Misty Mountains Pine Trees Red Sun Ink Wall Art | Japandi Decor (Digital Download),"Twisted pines cling to a misty ridge beneath a red sun — timeless and tranquil in black-and-white ink. A serene, nature-forward piece for a living room, study or bedroom that brings calm and a single confident pop of color. ──────────────────── ✦ WHAT YOU'LL RECEIVE • 1 high-resolution PDF at 300 DPI, true 2:3 aspect ratio • Prints crisp at US sizes: 4×6, 6×9, 8×12, 12×18, 16×24, 20×30, 24×36 in • Plus international ISO sizes: A5, A4, A3, A2, A1 • A built-in printable size & quick-start guide page • INSTANT digital download — nothing is shipped ✦ HOW TO PRINT (pro tips) • Print at home, a local print shop, or online (Printique, WhiteWall, Staples, Shutterfly) • In the print dialog choose “Scale/Fit to size” and select your paper • Matte or fine-art paper gives the most authentic ink look; for large A2/A1 use heavyweight matte for a gallery feel ✦ DETAILS • Original ink-wash artwork, AI-a",https://canvasminiart.site/p/4522691077.html,https://i.etsystatic.com/65245102/r/il/88b13e/8142154366/il_fullxfull.8142154366_epw3.jpg,8.99 USD,in stock,new,MiniCanvasArt,"Home & Garden > Decor > Artwork > Posters, Prints, & Visual Artwork",Landscapes & Nature
4522690369,Mountain Peak Above Clouds Red Sun Ink Art | Minimalist Zen Wall Decor (Digital Download),"A single dramatic peak rises above a sea of clouds, a red sun glowing beyond — solitude and scale in soft ink. A breathtaking, meditative centerpiece for a living room, office or bedroom. Minimal, calming and striking all at once. ──────────────────── ✦ WHAT YOU'LL RECEIVE • 1 high-resolution PDF at 300 DPI, true 2:3 aspect ratio • Prints crisp at US sizes: 4×6, 6×9, 8×12, 12×18, 16×24, 20×30, 24×36 in • Plus international ISO sizes: A5, A4, A3, A2, A1 • A built-in printable size & quick-start guide page • INSTANT digital download — nothing is shipped ✦ HOW TO PRINT (pro tips) • Print at home, a local print shop, or online (Printique, WhiteWall, Staples, Shutterfly) • In the print dialog choose “Scale/Fit to size” and select your paper • Matte or fine-art paper gives the most authentic ink look; for large A2/A1 use heavyweight matte for a gallery feel ✦ DETAILS • Original ink-wash artwor",https://canvasminiart.site/p/4522690369.html,https://i.etsystatic.com/65245102/r/il/c7d121/8142148442/il_fullxfull.8142148442_rw2j.jpg,8.99 USD,in stock,new,MiniCanvasArt,"Home & Garden > Decor > Artwork > Posters, Prints, & Visual Artwork",Landscapes & Nature
4522697524,Misty Mountains Red Sun Ink Print | Minimalist Japandi Wall Art (Digital Download),"Layered mountains fade into soft fog beneath a single vivid red sun — pure calm in black-and-white ink. A serene, grounding focal point for a living room, bedroom or office, and exactly the minimalist-with-one-accent look that defines modern interiors. Quietly powerful. ──────────────────── ✦ WHAT YOU'LL RECEIVE • 1 high-resolution PDF at 300 DPI, true 2:3 aspect ratio • Prints crisp at US sizes: 4×6, 6×9, 8×12, 12×18, 16×24, 20×30, 24×36 in • Plus international ISO sizes: A5, A4, A3, A2, A1 • A built-in printable size & quick-start guide page • INSTANT digital download — nothing is shipped ✦ HOW TO PRINT (pro tips) • Print at home, a local print shop, or online (Printique, WhiteWall, Staples, Shutterfly) • In the print dialog choose “Scale/Fit to size” and select your paper • Matte or fine-art paper gives the most authentic ink look; for large A2/A1 use heavyweight matte for a gallery f",https://canvasminiart.site/p/4522697524.html,https://i.etsystatic.com/65245102/r/il/a0b273/8142142766/il_fullxfull.8142142766_krnk.jpg,8.99 USD,in stock,new,MiniCanvasArt,"Home & Garden > Decor > Artwork > Posters, Prints, & Visual Artwork",Landscapes & Nature
4522366956,Samsung Frame TV Art + Printable Wall Art | Snow Peaks Dawn | 4K 16:9 + Print | Digital Download,"Majestic snow-capped peaks rise above a sea of clouds at dawn beneath a vivid red sun — grand, serene and breathtaking, a true centerpiece for your Frame TV. ──────────────────── ✦ INSIDE YOUR DOWNLOAD — 1 ZIP with 2 files (2 uses!): 📺 The .JPG file (4K, 3840x2160, 16:9) → for your SAMSUNG FRAME TV / art TV • Add it via the SmartThings app or a USB stick (guide included), use Art Mode 🖼️ The .PDF file (high-resolution) → to PRINT it as WALL ART • Print at home, a local shop, or online (Printique, Staples), Fit to size, matte paper • Wide 16:9 sizes: 16x9, 20x11, 24x13.5, 32x18 in • Plus a simple step-by-step install guide • INSTANT digital download — nothing is shipped ✦ DETAILS • Original cinematic ink-landscape art, AI-assisted, exclusive to MiniCanvasArt • Personal use; not for resale. Colors may vary slightly by screen/printer Thank you for supporting a small studio 🖤 © MiniCanvasArt",https://canvasminiart.site/p/4522366956.html,https://i.etsystatic.com/65245102/r/il/ec0cbe/8139837446/il_fullxfull.8139837446_j1s6.jpg,8.99 USD,in stock,new,MiniCanvasArt,"Home & Garden > Decor > Artwork > Posters, Prints, & Visual Artwork",Japanese & Zen
4522358887,Samsung Frame TV Art + Printable Wall Art | Waterfall Gorge | 4K 16:9 + Print | Digital Download,"A tall misty waterfall tumbles through a dramatic ink gorge, a single red maple glowing on the cliff — lush, atmospheric and cinematic on Samsung The Frame. ──────────────────── ✦ INSIDE YOUR DOWNLOAD — 1 ZIP with 2 files (2 uses!): 📺 The .JPG file (4K, 3840x2160, 16:9) → for your SAMSUNG FRAME TV / art TV • Add it via the SmartThings app or a USB stick (guide included), use Art Mode 🖼️ The .PDF file (high-resolution) → to PRINT it as WALL ART • Print at home, a local shop, or online (Printique, Staples), Fit to size, matte paper • Wide 16:9 sizes: 16x9, 20x11, 24x13.5, 32x18 in • Plus a simple step-by-step install guide • INSTANT digital download — nothing is shipped ✦ DETAILS • Original cinematic ink-landscape art, AI-assisted, exclusive to MiniCanvasArt • Personal use; not for resale. Colors may vary slightly by screen/printer Thank you for supporting a small studio 🖤 © MiniCanvasArt",https://canvasminiart.site/p/4522358887.html,https://i.etsystatic.com/65245102/r/il/9ab97f/8187723781/il_fullxfull.8187723781_ib9a.jpg,8.99 USD,in stock,new,MiniCanvasArt,"Home & Garden > Decor > Artwork > Posters, Prints, & Visual Artwork",Landscapes & Nature
4522364596,Samsung Frame TV Art + Printable Wall Art | Cranes Over Wetland | 4K 16:9 + Print | Digital Download,"Red-crowned cranes glide over a vast misty wetland in soft ink — elegant, peaceful and full of movement, a graceful nature scene for your Frame TV. ──────────────────── ✦ INSIDE YOUR DOWNLOAD — 1 ZIP with 2 files (2 uses!): 📺 The .JPG file (4K, 3840x2160, 16:9) → for your SAMSUNG FRAME TV / art TV • Add it via the SmartThings app or a USB stick (guide included), use Art Mode 🖼️ The .PDF file (high-resolution) → to PRINT it as WALL ART • Print at home, a local shop, or online (Printique, Staples), Fit to size, matte paper • Wide 16:9 sizes: 16x9, 20x11, 24x13.5, 32x18 in • Plus a simple step-by-step install guide • INSTANT digital download — nothing is shipped ✦ DETAILS • Original cinematic ink-landscape art, AI-assisted, exclusive to MiniCanvasArt • Personal use; not for resale. Colors may vary slightly by screen/printer Thank you for supporting a small studio 🖤 © MiniCanvasArt",https://canvasminiart.site/p/4522364596.html,https://i.etsystatic.com/65245102/r/il/6e290f/8139820268/il_fullxfull.8139820268_h77j.jpg,8.99 USD,in stock,new,MiniCanvasArt,"Home & Garden > Decor > Artwork > Posters, Prints, & Visual Artwork",Koi & Animals
4522363470,Samsung Frame TV Art + Printable Wall Art | Bamboo Forest Path | 4K 16:9 + Print | Digital Download,"A misty path winds through a towering bamboo forest, light filtering through, a single red lantern glowing — a serene, immersive scene made for Samsung The Frame. ──────────────────── ✦ INSIDE YOUR DOWNLOAD — 1 ZIP with 2 files (2 uses!): 📺 The .JPG file (4K, 3840x2160, 16:9) → for your SAMSUNG FRAME TV / art TV • Add it via the SmartThings app or a USB stick (guide included), use Art Mode 🖼️ The .PDF file (high-resolution) → to PRINT it as WALL ART • Print at home, a local shop, or online (Printique, Staples), Fit to size, matte paper • Wide 16:9 sizes: 16x9, 20x11, 24x13.5, 32x18 in • Plus a simple step-by-step install guide • INSTANT digital download — nothing is shipped ✦ DETAILS • Original cinematic ink-landscape art, AI-assisted, exclusive to MiniCanvasArt • Personal use; not for resale. Colors may vary slightly by screen/printer Thank you for supporting a small studio 🖤 © MiniCanv",https://canvasminiart.site/p/4522363470.html,https://i.etsystatic.com/65245102/r/il/ae9b37/8139813372/il_fullxfull.8139813372_dn4s.jpg,8.99 USD,in stock,new,MiniCanvasArt,"Home & Garden > Decor > Artwork > Posters, Prints, & Visual Artwork",Florals & Botanical
4522355721,Samsung Frame TV Art + Printable Wall Art | Moonlit Lake | 4K 16:9 + Print | Digital Download,"A still mountain lake mirrors a pale moon, a tiny red lantern drifting on a boat — a peaceful, atmospheric nightscape that turns your Frame TV into a moment of calm. ──────────────────── ✦ INSIDE YOUR DOWNLOAD — 1 ZIP with 2 files (2 uses!): 📺 The .JPG file (4K, 3840x2160, 16:9) → for your SAMSUNG FRAME TV / art TV • Add it via the SmartThings app or a USB stick (guide included), use Art Mode 🖼️ The .PDF file (high-resolution) → to PRINT it as WALL ART • Print at home, a local shop, or online (Printique, Staples), Fit to size, matte paper • Wide 16:9 sizes: 16x9, 20x11, 24x13.5, 32x18 in • Plus a simple step-by-step install guide • INSTANT digital download — nothing is shipped ✦ DETAILS • Original cinematic ink-landscape art, AI-assisted, exclusive to MiniCanvasArt • Personal use; not for resale. Colors may vary slightly by screen/printer Thank you for supporting a small studio 🖤 © MiniC",https://canvasminiart.site/p/4522355721.html,https://i.etsystatic.com/65245102/r/il/5e4ef5/8187702653/il_fullxfull.8187702653_oot4.jpg,8.99 USD,in stock,new,MiniCanvasArt,"Home & Garden > Decor > Artwork > Posters, Prints, & Visual Artwork",Landscapes & Nature
4522354655,Samsung Frame TV Art + Printable Wall Art | Cherry Blossom Valley | 4K 16:9 + Print | Digital Download,"A tranquil river valley blooms with cherry blossoms in soft red against misty ink mountains — a romantic, calming cinematic scene that brings spring to your Frame TV all year. ──────────────────── ✦ INSIDE YOUR DOWNLOAD — 1 ZIP with 2 files (2 uses!): 📺 The .JPG file (4K, 3840x2160, 16:9) → for your SAMSUNG FRAME TV / art TV • Add it via the SmartThings app or a USB stick (guide included), use Art Mode 🖼️ The .PDF file (high-resolution) → to PRINT it as WALL ART • Print at home, a local shop, or online (Printique, Staples), Fit to size, matte paper • Wide 16:9 sizes: 16x9, 20x11, 24x13.5, 32x18 in • Plus a simple step-by-step install guide • INSTANT digital download — nothing is shipped ✦ DETAILS • Original cinematic ink-landscape art, AI-assisted, exclusive to MiniCanvasArt • Personal use; not for resale. Colors may vary slightly by screen/printer Thank you for supporting a small studio",https://canvasminiart.site/p/4522354655.html,https://i.etsystatic.com/65245102/r/il/1145e5/8139799148/il_fullxfull.8139799148_c1m0.jpg,8.99 USD,in stock,new,MiniCanvasArt,"Home & Garden > Decor > Artwork > Posters, Prints, & Visual Artwork",Florals & Botanical
4522353551,Samsung Frame TV Art + Printable Wall Art | Desert Dunes Red Sun | 4K 16:9 + Print | Digital Download,"Sweeping minimalist dunes curve across your screen beneath a single red sun — calm, warm and beautifully minimal on Samsung The Frame. Effortless modern elegance. ──────────────────── ✦ INSIDE YOUR DOWNLOAD — 1 ZIP with 2 files (2 uses!): 📺 The .JPG file (4K, 3840x2160, 16:9) → for your SAMSUNG FRAME TV / art TV • Add it via the SmartThings app or a USB stick (guide included), use Art Mode 🖼️ The .PDF file (high-resolution) → to PRINT it as WALL ART • Print at home, a local shop, or online (Printique, Staples), Fit to size, matte paper • Wide 16:9 sizes: 16x9, 20x11, 24x13.5, 32x18 in • Plus a simple step-by-step install guide • INSTANT digital download — nothing is shipped ✦ DETAILS • Original cinematic ink-landscape art, AI-assisted, exclusive to MiniCanvasArt • Personal use; not for resale. Colors may vary slightly by screen/printer Thank you for supporting a small studio 🖤 © MiniCanv",https://canvasminiart.site/p/4522353551.html,https://i.etsystatic.com/65245102/r/il/cfe8d4/8139791692/il_fullxfull.8139791692_93zz.jpg,8.99 USD,in stock,new,MiniCanvasArt,"Home & Garden > Decor > Artwork > Posters, Prints, & Visual Artwork",Landscapes & Nature
4522359182,Samsung Frame TV Art + Printable Wall Art | Foggy Pine Forest | 4K 16:9 + Print | Digital Download,"A hushed, foggy pine forest in soft ink, with one small red bird as the spark of life — a serene, biophilic landscape that makes your Frame TV feel like a window into nature. ──────────────────── ✦ INSIDE YOUR DOWNLOAD — 1 ZIP with 2 files (2 uses!): 📺 The .JPG file (4K, 3840x2160, 16:9) → for your SAMSUNG FRAME TV / art TV • Add it via the SmartThings app or a USB stick (guide included), use Art Mode 🖼️ The .PDF file (high-resolution) → to PRINT it as WALL ART • Print at home, a local shop, or online (Printique, Staples), Fit to size, matte paper • Wide 16:9 sizes: 16x9, 20x11, 24x13.5, 32x18 in • Plus a simple step-by-step install guide • INSTANT digital download — nothing is shipped ✦ DETAILS • Original cinematic ink-landscape art, AI-assisted, exclusive to MiniCanvasArt • Personal use; not for resale. Colors may vary slightly by screen/printer Thank you for supporting a small studio ",https://canvasminiart.site/p/4522359182.html,https://i.etsystatic.com/65245102/r/il/de5d33/8187681255/il_fullxfull.8187681255_dwrc.jpg,8.99 USD,in stock,new,MiniCanvasArt,"Home & Garden > Decor > Artwork > Posters, Prints, & Visual Artwork",Landscapes & Nature
4522351331,"Stormy Sea Wave Art | Samsung Frame TV, Printable Wall (Digital Download)","A dramatic ink ocean swells across your screen, a small red sun glowing low on the horizon — bold, moody and cinematic on Samsung The Frame. Perfect for a modern living room with presence. ──────────────────── ✦ INSIDE YOUR DOWNLOAD — 1 ZIP with 2 files (2 uses!): 📺 The .JPG file (4K, 3840x2160, 16:9) → for your SAMSUNG FRAME TV / art TV • Add it via the SmartThings app or a USB stick (guide included), use Art Mode 🖼️ The .PDF file (high-resolution) → to PRINT it as WALL ART • Print at home, a local shop, or online (Printique, Staples), Fit to size, matte paper • Wide 16:9 sizes: 16x9, 20x11, 24x13.5, 32x18 in • Plus a simple step-by-step install guide • INSTANT digital download — nothing is shipped ✦ DETAILS • Original cinematic ink-landscape art, AI-assisted, exclusive to MiniCanvasArt • Personal use; not for resale. Colors may vary slightly by screen/printer Thank you for supporting a",https://canvasminiart.site/p/4522351331.html,https://i.etsystatic.com/65245102/r/il/e002ab/8187674127/il_fullxfull.8187674127_18qc.jpg,8.99 USD,in stock,new,MiniCanvasArt,"Home & Garden > Decor > Artwork > Posters, Prints, & Visual Artwork",Landscapes & Nature
4522357132,Samsung Frame TV Art + Printable Wall Art | Misty Mountains Red Sun | 4K 16:9 + Print | Digital Download,"Imagine walking into your living room and seeing this: layered misty mountains fade into fog beneath a single vivid red sun. Your TV isn't a black rectangle anymore — it's a window into a tranquil world. This is art that works twice. On your Samsung Frame TV, it transforms screen time into gallery time. Printed on your wall, it brings that same cinematic calm to any room. For those who believe technology and aesthetics should coexist beautifully. ──────────────────── ✦ TWO USES IN ONE DOWNLOAD 📺 FOR SAMSUNG FRAME TV • 4K JPG file (3840×2160, 16:9 aspect ratio) • Add via SmartThings app or USB stick • Use Art Mode to display 24/7 without burn-in 🖼️ FOR WALL ART PRINT • High-resolution PDF for printing • Wide 16:9 sizes: 16×9, 20×11, 24×13.5, 32×18 in • Print at home, Staples, or online (Printique) • Plus a simple step-by-step install guide • INSTANT digital download — nothing is shipped ✦",https://canvasminiart.site/p/4522357132.html,https://i.etsystatic.com/65245102/r/il/bf4e67/8187666825/il_fullxfull.8187666825_l5kq.jpg,8.99 USD,in stock,new,MiniCanvasArt,"Home & Garden > Decor > Artwork > Posters, Prints, & Visual Artwork",Landscapes & Nature
4522076288,Skull and Roses Black White Red | Gothic Tattoo Wall Art | Printable Digital Download | Dark Academia Home Decor,"A classic skull surrounded by blooming roses in fine black-and-white ink — the roses glow vivid red. Timeless tattoo-style art and an evergreen bestseller, it brings bold, romantic edge to a living room, studio or bedroom. A perfect gift for ink lovers. ──────────────────── ✦ WHAT YOU'LL RECEIVE • 1 high-resolution PDF at 300 DPI, true 2:3 aspect ratio • Prints crisp at US sizes: 4×6, 6×9, 8×12, 12×18, 16×24, 20×30, 24×36 in • Plus international ISO sizes: A5, A4, A3, A2, A1 • A built-in printable size & quick-start guide page • INSTANT digital download — nothing is shipped ✦ HOW TO PRINT (pro tips) • Print at home, a local print shop, or online (Printique, WhiteWall, Staples, Shutterfly) • In the print dialog choose “Scale/Fit to size” and select your paper • Matte or fine-art paper looks best; for 24×36 / A1 use heavyweight matte for a gallery feel ✦ DETAILS • Original anatomical-botan",https://canvasminiart.site/p/4522076288.html,https://i.etsystatic.com/65245102/r/il/f2b345/8185504041/il_fullxfull.8185504041_r6vb.jpg,8.99 USD,in stock,new,MiniCanvasArt,"Home & Garden > Decor > Artwork > Posters, Prints, & Visual Artwork",Japanese & Zen
4522068485,Floral Uterus Anatomy Black White Red | Botanical Anatomical Wall Art | Printable Digital Download | Feminist Decor,"An anatomical uterus reimagined with blooming flowers in fine black-and-white ink — one flower in vivid red. A graceful celebration of the feminine, perfect for a bedroom, studio, OB-GYN, midwife or doula space. A meaningful, empowering gift. ──────────────────── ✦ WHAT YOU'LL RECEIVE • 1 high-resolution PDF at 300 DPI, true 2:3 aspect ratio • Prints crisp at US sizes: 4×6, 6×9, 8×12, 12×18, 16×24, 20×30, 24×36 in • Plus international ISO sizes: A5, A4, A3, A2, A1 • A built-in printable size & quick-start guide page • INSTANT digital download — nothing is shipped ✦ HOW TO PRINT (pro tips) • Print at home, a local print shop, or online (Printique, WhiteWall, Staples, Shutterfly) • In the print dialog choose “Scale/Fit to size” and select your paper • Matte or fine-art paper looks best; for 24×36 / A1 use heavyweight matte for a gallery feel ✦ DETAILS • Original anatomical-botanical artwor",https://canvasminiart.site/p/4522068485.html,https://i.etsystatic.com/65245102/r/il/2a3971/8185499963/il_fullxfull.8185499963_pvgq.jpg,8.99 USD,in stock,new,MiniCanvasArt,"Home & Garden > Decor > Artwork > Posters, Prints, & Visual Artwork",Florals & Botanical
4522075014,Skeleton Hand Flowers Black White Red | Botanical Anatomy Wall Art | Printable Digital Download | Dark Academia Decor,"A skeletal hand entwined with delicate flowers in fine black-and-white ink — one bloom in vivid red. Elegant and a little eerie, it's a perfect accent for a study, studio or gothic interior, and a unique gift for tattoo and dark-academia lovers. ──────────────────── ✦ WHAT YOU'LL RECEIVE • 1 high-resolution PDF at 300 DPI, true 2:3 aspect ratio • Prints crisp at US sizes: 4×6, 6×9, 8×12, 12×18, 16×24, 20×30, 24×36 in • Plus international ISO sizes: A5, A4, A3, A2, A1 • A built-in printable size & quick-start guide page • INSTANT digital download — nothing is shipped ✦ HOW TO PRINT (pro tips) • Print at home, a local print shop, or online (Printique, WhiteWall, Staples, Shutterfly) • In the print dialog choose “Scale/Fit to size” and select your paper • Matte or fine-art paper looks best; for 24×36 / A1 use heavyweight matte for a gallery feel ✦ DETAILS • Original anatomical-botanical art",https://canvasminiart.site/p/4522075014.html,https://i.etsystatic.com/65245102/r/il/5bb4d0/8137599214/il_fullxfull.8137599214_7xty.jpg,8.99 USD,in stock,new,MiniCanvasArt,"Home & Garden > Decor > Artwork > Posters, Prints, & Visual Artwork",Florals & Botanical
4522074368,Ribcage Flowers Anatomy Black White Red | Botanical Anatomical Wall Art | Printable Digital Download | Gothic Decor,"A ribcage filled with blooming flowers in fine black-and-white ink — one flower in vivid red. A poetic image of life growing within, ideal for a bedroom, studio or medical office, and a striking gift for gothic and dark-academia lovers. ──────────────────── ✦ WHAT YOU'LL RECEIVE • 1 high-resolution PDF at 300 DPI, true 2:3 aspect ratio • Prints crisp at US sizes: 4×6, 6×9, 8×12, 12×18, 16×24, 20×30, 24×36 in • Plus international ISO sizes: A5, A4, A3, A2, A1 • A built-in printable size & quick-start guide page • INSTANT digital download — nothing is shipped ✦ HOW TO PRINT (pro tips) • Print at home, a local print shop, or online (Printique, WhiteWall, Staples, Shutterfly) • In the print dialog choose “Scale/Fit to size” and select your paper • Matte or fine-art paper looks best; for 24×36 / A1 use heavyweight matte for a gallery feel ✦ DETAILS • Original anatomical-botanical artwork, AI-",https://canvasminiart.site/p/4522074368.html,https://i.etsystatic.com/65245102/r/il/3c6cfa/8185490647/il_fullxfull.8185490647_8d4t.jpg,8.99 USD,in stock,new,MiniCanvasArt,"Home & Garden > Decor > Artwork > Posters, Prints, & Visual Artwork",Florals & Botanical
4522073826,Skull Death&#39;s Head Moth Flowers Black White Red | Gothic Wall Art | Printable Digital Download | Memento Mori Decor,"A skull, a death's-head moth and blooming flowers in intricate black-and-white ink — the moth's markings glow vivid red. A haunting memento mori and a proven bestseller aesthetic, perfect for gothic, dark academia and tattoo-loving interiors. ──────────────────── ✦ WHAT YOU'LL RECEIVE • 1 high-resolution PDF at 300 DPI, true 2:3 aspect ratio • Prints crisp at US sizes: 4×6, 6×9, 8×12, 12×18, 16×24, 20×30, 24×36 in • Plus international ISO sizes: A5, A4, A3, A2, A1 • A built-in printable size & quick-start guide page • INSTANT digital download — nothing is shipped ✦ HOW TO PRINT (pro tips) • Print at home, a local print shop, or online (Printique, WhiteWall, Staples, Shutterfly) • In the print dialog choose “Scale/Fit to size” and select your paper • Matte or fine-art paper looks best; for 24×36 / A1 use heavyweight matte for a gallery feel ✦ DETAILS • Original anatomical-botanical artwor",https://canvasminiart.site/p/4522073826.html,https://i.etsystatic.com/65245102/r/il/13303e/8185487027/il_fullxfull.8185487027_1o6t.jpg,8.99 USD,in stock,new,MiniCanvasArt,"Home & Garden > Decor > Artwork > Posters, Prints, & Visual Artwork",Japanese & Zen
4522073292,Floral Brain Anatomy Black White Red | Botanical Anatomical Wall Art | Printable Digital Download | Dark Academia,"A human brain entwined with delicate flowers in fine black-and-white ink — one bloom in vivid red. A beautiful 'mind in bloom' piece for a study, office, therapy or neurology space, or any dark-academia interior. Thoughtful and unique. ──────────────────── ✦ WHAT YOU'LL RECEIVE • 1 high-resolution PDF at 300 DPI, true 2:3 aspect ratio • Prints crisp at US sizes: 4×6, 6×9, 8×12, 12×18, 16×24, 20×30, 24×36 in • Plus international ISO sizes: A5, A4, A3, A2, A1 • A built-in printable size & quick-start guide page • INSTANT digital download — nothing is shipped ✦ HOW TO PRINT (pro tips) • Print at home, a local print shop, or online (Printique, WhiteWall, Staples, Shutterfly) • In the print dialog choose “Scale/Fit to size” and select your paper • Matte or fine-art paper looks best; for 24×36 / A1 use heavyweight matte for a gallery feel ✦ DETAILS • Original anatomical-botanical artwork, AI-a",https://canvasminiart.site/p/4522073292.html,https://i.etsystatic.com/65245102/r/il/4c3167/8185483353/il_fullxfull.8185483353_ejb6.jpg,8.99 USD,in stock,new,MiniCanvasArt,"Home & Garden > Decor > Artwork > Posters, Prints, & Visual Artwork",Florals & Botanical
4522072802,Floral Lungs Anatomy Black White Red | Botanical Anatomical Wall Art | Printable Digital Download | Clinic Decor,"Human lungs bloom into branching flowers in fine black-and-white ink — with one flower in vivid red. A poetic 'breathe' image, perfect for a bedroom, yoga or breathwork space, or a pulmonology / therapy office. Striking, calming and meaningful. ──────────────────── ✦ WHAT YOU'LL RECEIVE • 1 high-resolution PDF at 300 DPI, true 2:3 aspect ratio • Prints crisp at US sizes: 4×6, 6×9, 8×12, 12×18, 16×24, 20×30, 24×36 in • Plus international ISO sizes: A5, A4, A3, A2, A1 • A built-in printable size & quick-start guide page • INSTANT digital download — nothing is shipped ✦ HOW TO PRINT (pro tips) • Print at home, a local print shop, or online (Printique, WhiteWall, Staples, Shutterfly) • In the print dialog choose “Scale/Fit to size” and select your paper • Matte or fine-art paper looks best; for 24×36 / A1 use heavyweight matte for a gallery feel ✦ DETAILS • Original anatomical-botanical artw",https://canvasminiart.site/p/4522072802.html,https://i.etsystatic.com/65245102/r/il/f82a7a/8185479349/il_fullxfull.8185479349_dj2h.jpg,8.99 USD,in stock,new,MiniCanvasArt,"Home & Garden > Decor > Artwork > Posters, Prints, & Visual Artwork",Florals & Botanical
4522064985,Spine Flowers Anatomy Print | Botanical Black White Red Ink (Digital Download),"A human spine climbs with flowers in fine black-and-white ink — one bloom in vivid red. Elegant and unexpected, it's ideal for a chiropractor, massage, physio or wellness clinic, or any dark-academia interior. A standout gift for spine and body-work professionals. ──────────────────── ✦ WHAT YOU'LL RECEIVE • 1 high-resolution PDF at 300 DPI, true 2:3 aspect ratio • Prints crisp at US sizes: 4×6, 6×9, 8×12, 12×18, 16×24, 20×30, 24×36 in • Plus international ISO sizes: A5, A4, A3, A2, A1 • A built-in printable size & quick-start guide page • INSTANT digital download — nothing is shipped ✦ HOW TO PRINT (pro tips) • Print at home, a local print shop, or online (Printique, WhiteWall, Staples, Shutterfly) • In the print dialog choose “Scale/Fit to size” and select your paper • Matte or fine-art paper looks best; for 24×36 / A1 use heavyweight matte for a gallery feel ✦ DETAILS • Original anato",https://canvasminiart.site/p/4522064985.html,https://i.etsystatic.com/65245102/r/il/fa1c8a/8185474875/il_fullxfull.8185474875_3g5o.jpg,8.99 USD,in stock,new,MiniCanvasArt,"Home & Garden > Decor > Artwork > Posters, Prints, & Visual Artwork",Florals & Botanical
4522071692,Anatomical Heart Roses Print | Black White Red Botanical Wall Art (Digital Download),"An anatomical heart wrapped in roses, drawn in delicate black-and-white ink — with one rose in vivid red. Romantic yet edgy, it makes a powerful statement for a bedroom, living room, studio — or a doctor's, cardiology or therapy office. A meaningful, unique gift. ──────────────────── ✦ WHAT YOU'LL RECEIVE • 1 high-resolution PDF at 300 DPI, true 2:3 aspect ratio • Prints crisp at US sizes: 4×6, 6×9, 8×12, 12×18, 16×24, 20×30, 24×36 in • Plus international ISO sizes: A5, A4, A3, A2, A1 • A built-in printable size & quick-start guide page • INSTANT digital download — nothing is shipped ✦ HOW TO PRINT (pro tips) • Print at home, a local print shop, or online (Printique, WhiteWall, Staples, Shutterfly) • In the print dialog choose “Scale/Fit to size” and select your paper • Matte or fine-art paper looks best; for 24×36 / A1 use heavyweight matte for a gallery feel ✦ DETAILS • Original anatom",https://canvasminiart.site/p/4522071692.html,https://i.etsystatic.com/65245102/r/il/8bcd56/8185471155/il_fullxfull.8185471155_ctaf.jpg,8.99 USD,in stock,new,MiniCanvasArt,"Home & Garden > Decor > Artwork > Posters, Prints, & Visual Artwork",Florals & Botanical
4522064033,Floral Skull Black White Red Rose | Gothic Botanical Wall Art | Printable Digital Download | Dark Academia Decor,"A skull blooms with intricate flowers in fine black-and-white ink — and a single rose burns vivid red. Beauty and mortality in one image (memento mori), it's a striking statement for a living room, study or studio. Perfect for lovers of gothic, dark academia and tattoo art. ──────────────────── ✦ WHAT YOU'LL RECEIVE • 1 high-resolution PDF at 300 DPI, true 2:3 aspect ratio • Prints crisp at US sizes: 4×6, 6×9, 8×12, 12×18, 16×24, 20×30, 24×36 in • Plus international ISO sizes: A5, A4, A3, A2, A1 • A built-in printable size & quick-start guide page • INSTANT digital download — nothing is shipped ✦ HOW TO PRINT (pro tips) • Print at home, a local print shop, or online (Printique, WhiteWall, Staples, Shutterfly) • In the print dialog choose “Scale/Fit to size” and select your paper • Matte or fine-art paper looks best; for 24×36 / A1 use heavyweight matte for a gallery feel ✦ DETAILS • Orig",https://canvasminiart.site/p/4522064033.html,https://i.etsystatic.com/65245102/r/il/c77cbc/8137571890/il_fullxfull.8137571890_6va9.jpg,8.99 USD,in stock,new,MiniCanvasArt,"Home & Garden > Decor > Artwork > Posters, Prints, & Visual Artwork",Florals & Botanical
4522057745,Guilin Li River Fisherman Cormorant Ink Painting | Black White Red Landscape (Digital Download),"The karst peaks of Guilin's Li River rise through mist in pure ink, a fisherman gliding by on a bamboo raft with his cormorant — and only a small lantern glows vivid red. A timeless, tranquil Chinese landscape for a living room, office or bedroom. ──────────────────── ✦ WHAT YOU'LL RECEIVE • 1 high-resolution PDF at 300 DPI, true 2:3 aspect ratio • Prints crisp at US sizes: 4×6, 6×9, 8×12, 12×18, 16×24, 20×30, 24×36 in • Plus international ISO sizes: A5, A4, A3, A2, A1 • A built-in printable size & quick-start guide page • INSTANT digital download — nothing is shipped ✦ HOW TO PRINT (pro tips) • Print at home, a local print shop, or online (Printique, WhiteWall, Staples, Shutterfly) • In the print dialog choose “Scale/Fit to size” and select your paper • Matte or fine-art paper gives the most authentic ink-painting look; for 24×36 / A1 use heavyweight matte for a true gallery feel ✦ DETA",https://canvasminiart.site/p/4522057745.html,https://i.etsystatic.com/65245102/r/il/882e35/8137524168/il_fullxfull.8137524168_ktgg.jpg,8.99 USD,in stock,new,MiniCanvasArt,"Home & Garden > Decor > Artwork > Posters, Prints, & Visual Artwork",Landscapes & Nature
4522057263,Chrysanthemum Chinese Ink Black White Red | Four Gentlemen Selective Color Wall Art | Printable Digital Download,"Chrysanthemums bloom boldly in pure ink — and only the flowers glow vivid red. One of China's Four Gentlemen, the chrysanthemum stands for resilience and grace in autumn. A warm, elegant accent for a living room, bedroom or studio. A meaningful gift. ──────────────────── ✦ WHAT YOU'LL RECEIVE • 1 high-resolution PDF at 300 DPI, true 2:3 aspect ratio • Prints crisp at US sizes: 4×6, 6×9, 8×12, 12×18, 16×24, 20×30, 24×36 in • Plus international ISO sizes: A5, A4, A3, A2, A1 • A built-in printable size & quick-start guide page • INSTANT digital download — nothing is shipped ✦ HOW TO PRINT (pro tips) • Print at home, a local print shop, or online (Printique, WhiteWall, Staples, Shutterfly) • In the print dialog choose “Scale/Fit to size” and select your paper • Matte or fine-art paper gives the most authentic ink-painting look; for 24×36 / A1 use heavyweight matte for a true gallery feel ✦ D",https://canvasminiart.site/p/4522057263.html,https://i.etsystatic.com/65245102/r/il/720005/8137520574/il_fullxfull.8137520574_jmun.jpg,8.99 USD,in stock,new,MiniCanvasArt,"Home & Garden > Decor > Artwork > Posters, Prints, & Visual Artwork",Florals & Botanical
4522056711,Orchid Chinese Ink Black White Red | Four Gentlemen Selective Color Wall Art | Printable Digital Download | Zen Decor,"Delicate orchids unfurl in pure ink — and only the blossoms glow vivid red. One of China's revered Four Gentlemen, the orchid symbolizes refinement and quiet nobility. Elegant and minimal, it's a graceful accent for a bedroom, office or spa space. ──────────────────── ✦ WHAT YOU'LL RECEIVE • 1 high-resolution PDF at 300 DPI, true 2:3 aspect ratio • Prints crisp at US sizes: 4×6, 6×9, 8×12, 12×18, 16×24, 20×30, 24×36 in • Plus international ISO sizes: A5, A4, A3, A2, A1 • A built-in printable size & quick-start guide page • INSTANT digital download — nothing is shipped ✦ HOW TO PRINT (pro tips) • Print at home, a local print shop, or online (Printique, WhiteWall, Staples, Shutterfly) • In the print dialog choose “Scale/Fit to size” and select your paper • Matte or fine-art paper gives the most authentic ink-painting look; for 24×36 / A1 use heavyweight matte for a true gallery feel ✦ DETA",https://canvasminiart.site/p/4522056711.html,https://i.etsystatic.com/65245102/r/il/e58c62/8137517040/il_fullxfull.8137517040_qxyp.jpg,8.99 USD,in stock,new,MiniCanvasArt,"Home & Garden > Decor > Artwork > Posters, Prints, & Visual Artwork",Florals & Botanical
4522056169,Peking Opera Mask Chinese Ink Black White Red | Selective Color Wall Art | Printable Digital Download | Bold Decor,"A Peking opera face gazes out in striking ink — and only its painted patterns blaze vivid red. A bold celebration of Chinese theatrical heritage, this dramatic portrait commands a living room, studio or entryway. Unique, cultural and unforgettable. ──────────────────── ✦ WHAT YOU'LL RECEIVE • 1 high-resolution PDF at 300 DPI, true 2:3 aspect ratio • Prints crisp at US sizes: 4×6, 6×9, 8×12, 12×18, 16×24, 20×30, 24×36 in • Plus international ISO sizes: A5, A4, A3, A2, A1 • A built-in printable size & quick-start guide page • INSTANT digital download — nothing is shipped ✦ HOW TO PRINT (pro tips) • Print at home, a local print shop, or online (Printique, WhiteWall, Staples, Shutterfly) • In the print dialog choose “Scale/Fit to size” and select your paper • Matte or fine-art paper gives the most authentic ink-painting look; for 24×36 / A1 use heavyweight matte for a true gallery feel ✦ DET",https://canvasminiart.site/p/4522056169.html,https://i.etsystatic.com/65245102/r/il/e7863e/8185409857/il_fullxfull.8185409857_9tjg.jpg,8.99 USD,in stock,new,MiniCanvasArt,"Home & Garden > Decor > Artwork > Posters, Prints, & Visual Artwork",Japanese & Zen
4522062464,Chinese Junk Boat Misty River Ink | Black White Red Sail Selective Color | Printable Digital Download | Zen Decor,"A traditional Chinese junk drifts across a misty river in pure ink — and only its sail glows vivid red. A serene, poetic scene of journey and stillness, perfect for a living room, bedroom or office. Calm, atmospheric and quietly beautiful. ──────────────────── ✦ WHAT YOU'LL RECEIVE • 1 high-resolution PDF at 300 DPI, true 2:3 aspect ratio • Prints crisp at US sizes: 4×6, 6×9, 8×12, 12×18, 16×24, 20×30, 24×36 in • Plus international ISO sizes: A5, A4, A3, A2, A1 • A built-in printable size & quick-start guide page • INSTANT digital download — nothing is shipped ✦ HOW TO PRINT (pro tips) • Print at home, a local print shop, or online (Printique, WhiteWall, Staples, Shutterfly) • In the print dialog choose “Scale/Fit to size” and select your paper • Matte or fine-art paper gives the most authentic ink-painting look; for 24×36 / A1 use heavyweight matte for a true gallery feel ✦ DETAILS • Or",https://canvasminiart.site/p/4522062464.html,https://i.etsystatic.com/65245102/r/il/b23478/8137509208/il_fullxfull.8137509208_frck.jpg,8.99 USD,in stock,new,MiniCanvasArt,"Home & Garden > Decor > Artwork > Posters, Prints, & Visual Artwork",Landscapes & Nature
4522061964,Forbidden City Palace Roofs Chinese Ink | Black White Red Selective Color Wall Art | Printable Digital Download,"The sweeping eaves of the Forbidden City rise in monochrome ink — and only the imperial roofs glow vivid red. An elegant tribute to China's grandest palace, this refined architectural piece suits a living room, hallway or office. Timeless culture for your walls. ──────────────────── ✦ WHAT YOU'LL RECEIVE • 1 high-resolution PDF at 300 DPI, true 2:3 aspect ratio • Prints crisp at US sizes: 4×6, 6×9, 8×12, 12×18, 16×24, 20×30, 24×36 in • Plus international ISO sizes: A5, A4, A3, A2, A1 • A built-in printable size & quick-start guide page • INSTANT digital download — nothing is shipped ✦ HOW TO PRINT (pro tips) • Print at home, a local print shop, or online (Printique, WhiteWall, Staples, Shutterfly) • In the print dialog choose “Scale/Fit to size” and select your paper • Matte or fine-art paper gives the most authentic ink-painting look; for 24×36 / A1 use heavyweight matte for a true gall",https://canvasminiart.site/p/4522061964.html,https://i.etsystatic.com/65245102/r/il/0c4d56/8185402077/il_fullxfull.8185402077_5vc1.jpg,8.99 USD,in stock,new,MiniCanvasArt,"Home & Garden > Decor > Artwork > Posters, Prints, & Visual Artwork",Japanese & Zen
4522054593,Terracotta Warrior Chinese Ink Black White Red | Selective Color Wall Art | Printable Digital Download | History Art,"A Terracotta Army warrior stands in solemn detail, rendered in pure ink — and only his banner burns vivid red. A striking tribute to ancient China's history and craftsmanship, it brings gravitas and culture to a study, office or living room. A bold gift for history lovers. ──────────────────── ✦ WHAT YOU'LL RECEIVE • 1 high-resolution PDF at 300 DPI, true 2:3 aspect ratio • Prints crisp at US sizes: 4×6, 6×9, 8×12, 12×18, 16×24, 20×30, 24×36 in • Plus international ISO sizes: A5, A4, A3, A2, A1 • A built-in printable size & quick-start guide page • INSTANT digital download — nothing is shipped ✦ HOW TO PRINT (pro tips) • Print at home, a local print shop, or online (Printique, WhiteWall, Staples, Shutterfly) • In the print dialog choose “Scale/Fit to size” and select your paper • Matte or fine-art paper gives the most authentic ink-painting look; for 24×36 / A1 use heavyweight matte for ",https://canvasminiart.site/p/4522054593.html,https://i.etsystatic.com/65245102/r/il/1fab0c/8185397611/il_fullxfull.8185397611_hje4.jpg,8.99 USD,in stock,new,MiniCanvasArt,"Home & Garden > Decor > Artwork > Posters, Prints, & Visual Artwork",Samurai & Warriors
4522060916,Chinese Phoenix Fenghuang Ink Black White Red | Selective Color Wall Art | Printable Digital Download | Bold Decor,"The Fenghuang — the Chinese phoenix of virtue, grace and rebirth — soars through ink clouds, its flame-plumage flickering vivid red against pure monochrome. A graceful yet powerful statement for a living room, entryway or studio. An uplifting gift to mark a new beginning. ──────────────────── ✦ WHAT YOU'LL RECEIVE • 1 high-resolution PDF at 300 DPI, true 2:3 aspect ratio • Prints crisp at US sizes: 4×6, 6×9, 8×12, 12×18, 16×24, 20×30, 24×36 in • Plus international ISO sizes: A5, A4, A3, A2, A1 • A built-in printable size & quick-start guide page • INSTANT digital download — nothing is shipped ✦ HOW TO PRINT (pro tips) • Print at home, a local print shop, or online (Printique, WhiteWall, Staples, Shutterfly) • In the print dialog choose “Scale/Fit to size” and select your paper • Matte or fine-art paper gives the most authentic ink-painting look; for 24×36 / A1 use heavyweight matte for a",https://canvasminiart.site/p/4522060916.html,https://i.etsystatic.com/65245102/r/il/ad96fc/8185393585/il_fullxfull.8185393585_nc4a.jpg,8.99 USD,in stock,new,MiniCanvasArt,"Home & Garden > Decor > Artwork > Posters, Prints, & Visual Artwork",Dragons & Mythical
4522053437,Giant Panda Bamboo Chinese Ink Black White | Selective Color Wall Art | Printable Digital Download | Nursery Decor,"A giant panda rests among bamboo in soft monochrome ink — and only a single maple leaf glows vivid red. Gentle, charming and modern, this piece brings a calm, joyful touch to a nursery, child's room, bedroom or office. An adorable yet elegant gift for panda lovers. ──────────────────── ✦ WHAT YOU'LL RECEIVE • 1 high-resolution PDF at 300 DPI, true 2:3 aspect ratio • Prints crisp at US sizes: 4×6, 6×9, 8×12, 12×18, 16×24, 20×30, 24×36 in • Plus international ISO sizes: A5, A4, A3, A2, A1 • A built-in printable size & quick-start guide page • INSTANT digital download — nothing is shipped ✦ HOW TO PRINT (pro tips) • Print at home, a local print shop, or online (Printique, WhiteWall, Staples, Shutterfly) • In the print dialog choose “Scale/Fit to size” and select your paper • Matte or fine-art paper gives the most authentic ink-painting look; for 24×36 / A1 use heavyweight matte for a true g",https://canvasminiart.site/p/4522053437.html,https://i.etsystatic.com/65245102/r/il/bd609f/8137492832/il_fullxfull.8137492832_irh8.jpg,8.99 USD,in stock,new,MiniCanvasArt,"Home & Garden > Decor > Artwork > Posters, Prints, & Visual Artwork",Florals & Botanical
4522059732,Great Wall of China Ink Black White Red Sun | Selective Color Wall Art | Printable Digital Download | Asian Decor,"The Great Wall snakes endlessly over misty mountains in pure ink — and only the rising sun burns vivid red. A breathtaking symbol of endurance and ambition, this dramatic landscape makes a powerful focal point for a living room, office or study. Bold, timeless and inspiring. ──────────────────── ✦ WHAT YOU'LL RECEIVE • 1 high-resolution PDF at 300 DPI, true 2:3 aspect ratio • Prints crisp at US sizes: 4×6, 6×9, 8×12, 12×18, 16×24, 20×30, 24×36 in • Plus international ISO sizes: A5, A4, A3, A2, A1 • A built-in printable size & quick-start guide page • INSTANT digital download — nothing is shipped ✦ HOW TO PRINT (pro tips) • Print at home, a local print shop, or online (Printique, WhiteWall, Staples, Shutterfly) • In the print dialog choose “Scale/Fit to size” and select your paper • Matte or fine-art paper gives the most authentic ink-painting look; for 24×36 / A1 use heavyweight matte fo",https://canvasminiart.site/p/4522059732.html,https://i.etsystatic.com/65245102/r/il/02473e/8185386107/il_fullxfull.8185386107_67xe.jpg,8.99 USD,in stock,new,MiniCanvasArt,"Home & Garden > Decor > Artwork > Posters, Prints, & Visual Artwork",Japanese & Zen
4521999197,Shan Shui Mountains Red Pavilion Chinese Ink | Black White Selective Color Landscape | Printable Digital Download,"Misty karst mountains and a winding river fill the page in monochrome ink — and only a small pavilion roof glows vivid red. A classic shan shui landscape of serenity and scale, it brings a peaceful, gallery-grade calm to any living room, office or bedroom. ──────────────────── ✦ WHAT YOU'LL RECEIVE • 1 high-resolution PDF at 300 DPI, true 2:3 aspect ratio • Prints crisp at US sizes: 4×6, 6×9, 8×12, 12×18, 16×24, 20×30, 24×36 in • Plus international ISO sizes: A5, A4, A3, A2, A1 • A built-in printable size & quick-start guide page • INSTANT digital download — nothing is shipped ✦ HOW TO PRINT (pro tips) • Print at home, a local print shop, or online (Printique, WhiteWall, Staples, Shutterfly) • In the print dialog choose “Scale/Fit to size” and select your paper • Matte or fine-art paper gives the most authentic ink-painting look; for 24×36 / A1 use heavyweight matte for a true gallery fe",https://canvasminiart.site/p/4521999197.html,https://i.etsystatic.com/65245102/r/il/8c5ba2/8185008433/il_fullxfull.8185008433_nex7.jpg,8.99 USD,in stock,new,MiniCanvasArt,"Home & Garden > Decor > Artwork > Posters, Prints, & Visual Artwork",Landscapes & Nature
4521998593,Chinese Dragon Flaming Pearl Ink Art | Black White Red Wall Decor (Digital Download),"A dragon coils through ink clouds chasing a flaming pearl — and only the pearl burns vivid red. The Chinese dragon embodies power, wisdom and good fortune; this dynamic, dramatic piece commands a living room, office or gaming wall. Bold and auspicious. ──────────────────── ✦ WHAT YOU'LL RECEIVE • 1 high-resolution PDF at 300 DPI, true 2:3 aspect ratio • Prints crisp at US sizes: 4×6, 6×9, 8×12, 12×18, 16×24, 20×30, 24×36 in • Plus international ISO sizes: A5, A4, A3, A2, A1 • A built-in printable size & quick-start guide page • INSTANT digital download — nothing is shipped ✦ HOW TO PRINT (pro tips) • Print at home, a local print shop, or online (Printique, WhiteWall, Staples, Shutterfly) • In the print dialog choose “Scale/Fit to size” and select your paper • Matte or fine-art paper gives the most authentic ink-painting look; for 24×36 / A1 use heavyweight matte for a true gallery feel ✦",https://canvasminiart.site/p/4521998593.html,https://i.etsystatic.com/65245102/r/il/68f890/8137110116/il_fullxfull.8137110116_hooq.jpg,8.99 USD,in stock,new,MiniCanvasArt,"Home & Garden > Decor > Artwork > Posters, Prints, & Visual Artwork",Dragons & Mythical
4522005118,Willow River Red Boat Chinese Ink Painting | Zen Landscape Art (Digital Download),"A weeping willow leans over a misty river in pure ink — and only a tiny boat drifts in vivid red. A poetic shan shui scene of stillness and journey, it brings a soothing, story-rich calm to a living room, hallway or office. Understated and elegant. ──────────────────── ✦ WHAT YOU'LL RECEIVE • 1 high-resolution PDF at 300 DPI, true 2:3 aspect ratio • Prints crisp at US sizes: 4×6, 6×9, 8×12, 12×18, 16×24, 20×30, 24×36 in • Plus international ISO sizes: A5, A4, A3, A2, A1 • A built-in printable size & quick-start guide page • INSTANT digital download — nothing is shipped ✦ HOW TO PRINT (pro tips) • Print at home, a local print shop, or online (Printique, WhiteWall, Staples, Shutterfly) • In the print dialog choose “Scale/Fit to size” and select your paper • Matte or fine-art paper gives the most authentic ink-painting look; for 24×36 / A1 use heavyweight matte for a true gallery feel ✦ DET",https://canvasminiart.site/p/4522005118.html,https://i.etsystatic.com/65245102/r/il/b615c7/8185001319/il_fullxfull.8185001319_dyuj.jpg,8.99 USD,in stock,new,MiniCanvasArt,"Home & Garden > Decor > Artwork > Posters, Prints, & Visual Artwork",Landscapes & Nature
4522004576,Red Lotus Chinese Ink Black White | Selective Color Wall Art Print | Printable Digital Download | Zen Spa Decor,"Lotus rise from monochrome ink water — only the blossoms glow vivid red, the Chinese symbol of purity and rising above hardship. Calm and spa-like yet striking, this piece is perfect for a bedroom, bathroom or meditation corner. A serene, uplifting gift. ──────────────────── ✦ WHAT YOU'LL RECEIVE • 1 high-resolution PDF at 300 DPI, true 2:3 aspect ratio • Prints crisp at US sizes: 4×6, 6×9, 8×12, 12×18, 16×24, 20×30, 24×36 in • Plus international ISO sizes: A5, A4, A3, A2, A1 • A built-in printable size & quick-start guide page • INSTANT digital download — nothing is shipped ✦ HOW TO PRINT (pro tips) • Print at home, a local print shop, or online (Printique, WhiteWall, Staples, Shutterfly) • In the print dialog choose “Scale/Fit to size” and select your paper • Matte or fine-art paper gives the most authentic ink-painting look; for 24×36 / A1 use heavyweight matte for a true gallery feel",https://canvasminiart.site/p/4522004576.html,https://i.etsystatic.com/65245102/r/il/3ed92d/8137102430/il_fullxfull.8137102430_kdlv.jpg,8.99 USD,in stock,new,MiniCanvasArt,"Home & Garden > Decor > Artwork > Posters, Prints, & Visual Artwork",Florals & Botanical
4521996759,Red-Crowned Crane Chinese Ink Black White | Selective Color Wall Art | Printable Digital Download | Longevity Decor,"A crane stands beneath a pine in pure ink — and only its crown shines vivid red, the Chinese symbol of longevity, nobility and good fortune. Elegant and serene, it makes a refined statement above a console, bed or desk, and a meaningful gift for elders. ──────────────────── ✦ WHAT YOU'LL RECEIVE • 1 high-resolution PDF at 300 DPI, true 2:3 aspect ratio • Prints crisp at US sizes: 4×6, 6×9, 8×12, 12×18, 16×24, 20×30, 24×36 in • Plus international ISO sizes: A5, A4, A3, A2, A1 • A built-in printable size & quick-start guide page • INSTANT digital download — nothing is shipped ✦ HOW TO PRINT (pro tips) • Print at home, a local print shop, or online (Printique, WhiteWall, Staples, Shutterfly) • In the print dialog choose “Scale/Fit to size” and select your paper • Matte or fine-art paper gives the most authentic ink-painting look; for 24×36 / A1 use heavyweight matte for a true gallery feel ",https://canvasminiart.site/p/4521996759.html,https://i.etsystatic.com/65245102/r/il/366bad/8184992495/il_fullxfull.8184992495_555b.jpg,8.99 USD,in stock,new,MiniCanvasArt,"Home & Garden > Decor > Artwork > Posters, Prints, & Visual Artwork",Koi & Animals
4522003338,Peach Blossom Chinese Ink Black White Pink | Selective Color Wall Art | Printable Digital Download | Oriental Decor,"A peach blossom branch blooms out of monochrome ink — only the petals glow soft pink-red, the Chinese symbol of love, spring and longevity. Delicate and romantic yet bold, it's a lovely accent for a bedroom, nursery or entryway, and a heartfelt gift. ──────────────────── ✦ WHAT YOU'LL RECEIVE • 1 high-resolution PDF at 300 DPI, true 2:3 aspect ratio • Prints crisp at US sizes: 4×6, 6×9, 8×12, 12×18, 16×24, 20×30, 24×36 in • Plus international ISO sizes: A5, A4, A3, A2, A1 • A built-in printable size & quick-start guide page • INSTANT digital download — nothing is shipped ✦ HOW TO PRINT (pro tips) • Print at home, a local print shop, or online (Printique, WhiteWall, Staples, Shutterfly) • In the print dialog choose “Scale/Fit to size” and select your paper • Matte or fine-art paper gives the most authentic ink-painting look; for 24×36 / A1 use heavyweight matte for a true gallery feel ✦ D",https://canvasminiart.site/p/4522003338.html,https://i.etsystatic.com/65245102/r/il/34220a/8184988501/il_fullxfull.8184988501_81jy.jpg,8.99 USD,in stock,new,MiniCanvasArt,"Home & Garden > Decor > Artwork > Posters, Prints, & Visual Artwork",Florals & Botanical
4522002670,Pine Mountain Red Sun Landscape Print | Chinese Ink Zen Art (Digital Download),"An ancient pine clings to a misty cliff in monochrome ink — and only the rising sun glows vivid red. A serene shan shui landscape symbolizing endurance and longevity, it brings a grounding, contemplative calm to a living room, office or bedroom. ──────────────────── ✦ WHAT YOU'LL RECEIVE • 1 high-resolution PDF at 300 DPI, true 2:3 aspect ratio • Prints crisp at US sizes: 4×6, 6×9, 8×12, 12×18, 16×24, 20×30, 24×36 in • Plus international ISO sizes: A5, A4, A3, A2, A1 • A built-in printable size & quick-start guide page • INSTANT digital download — nothing is shipped ✦ HOW TO PRINT (pro tips) • Print at home, a local print shop, or online (Printique, WhiteWall, Staples, Shutterfly) • In the print dialog choose “Scale/Fit to size” and select your paper • Matte or fine-art paper gives the most authentic ink-painting look; for 24×36 / A1 use heavyweight matte for a true gallery feel ✦ DETAIL",https://canvasminiart.site/p/4522002670.html,https://i.etsystatic.com/65245102/r/il/686500/8184984777/il_fullxfull.8184984777_olqi.jpg,8.99 USD,in stock,new,MiniCanvasArt,"Home & Garden > Decor > Artwork > Posters, Prints, & Visual Artwork",Landscapes & Nature
4521994973,Bamboo Red Bird Chinese Ink Print | Selective Color Zen Wall Art (Digital Download),"A single small bird rests on bamboo rendered in pure ink — and only the bird flickers vivid red. Bamboo is the Chinese symbol of integrity and resilience; this airy, calming piece suits a bedroom, reading nook or office beautifully. Quiet, elegant and modern. ──────────────────── ✦ WHAT YOU'LL RECEIVE • 1 high-resolution PDF at 300 DPI, true 2:3 aspect ratio • Prints crisp at US sizes: 4×6, 6×9, 8×12, 12×18, 16×24, 20×30, 24×36 in • Plus international ISO sizes: A5, A4, A3, A2, A1 • A built-in printable size & quick-start guide page • INSTANT digital download — nothing is shipped ✦ HOW TO PRINT (pro tips) • Print at home, a local print shop, or online (Printique, WhiteWall, Staples, Shutterfly) • In the print dialog choose “Scale/Fit to size” and select your paper • Matte or fine-art paper gives the most authentic ink-painting look; for 24×36 / A1 use heavyweight matte for a true gallery",https://canvasminiart.site/p/4521994973.html,https://i.etsystatic.com/65245102/r/il/397f12/8137086748/il_fullxfull.8137086748_dgt2.jpg,8.99 USD,in stock,new,MiniCanvasArt,"Home & Garden > Decor > Artwork > Posters, Prints, & Visual Artwork",Florals & Botanical
4521994405,Plum Blossom Chinese Ink Black White Red | Selective Color Wall Art | Printable Digital Download | Oriental Decor,"A plum blossom branch breaks into bloom against monochrome ink — only the flowers burn vivid crimson, the Chinese emblem of resilience and hope in winter. Elegant and minimal, it brings a calm yet bold accent to a bedroom, hallway or studio. A graceful gift. ──────────────────── ✦ WHAT YOU'LL RECEIVE • 1 high-resolution PDF at 300 DPI, true 2:3 aspect ratio • Prints crisp at US sizes: 4×6, 6×9, 8×12, 12×18, 16×24, 20×30, 24×36 in • Plus international ISO sizes: A5, A4, A3, A2, A1 • A built-in printable size & quick-start guide page • INSTANT digital download — nothing is shipped ✦ HOW TO PRINT (pro tips) • Print at home, a local print shop, or online (Printique, WhiteWall, Staples, Shutterfly) • In the print dialog choose “Scale/Fit to size” and select your paper • Matte or fine-art paper gives the most authentic ink-painting look; for 24×36 / A1 use heavyweight matte for a true gallery ",https://canvasminiart.site/p/4521994405.html,https://i.etsystatic.com/65245102/r/il/8052a9/8184977357/il_fullxfull.8184977357_31hn.jpg,8.99 USD,in stock,new,MiniCanvasArt,"Home & Garden > Decor > Artwork > Posters, Prints, & Visual Artwork",Florals & Botanical
4521993765,Red Koi Fish Chinese Ink Black White | Selective Color Wall Art Print | Printable Digital Download | Feng Shui Decor,"Two koi glide through monochrome ink water — and only the fish glow in vivid red, the timeless Chinese symbol of luck, wealth and perseverance. The bold black-and-white-with-one-color look makes this a modern, striking focal point for a living room, office or entryway. A meaningful feng shui gift. ──────────────────── ✦ WHAT YOU'LL RECEIVE • 1 high-resolution PDF at 300 DPI, true 2:3 aspect ratio • Prints crisp at US sizes: 4×6, 6×9, 8×12, 12×18, 16×24, 20×30, 24×36 in • Plus international ISO sizes: A5, A4, A3, A2, A1 • A built-in printable size & quick-start guide page • INSTANT digital download — nothing is shipped ✦ HOW TO PRINT (pro tips) • Print at home, a local print shop, or online (Printique, WhiteWall, Staples, Shutterfly) • In the print dialog choose “Scale/Fit to size” and select your paper • Matte or fine-art paper gives the most authentic ink-painting look; for 24×36 / A1 u",https://canvasminiart.site/p/4521993765.html,https://i.etsystatic.com/65245102/r/il/67a46a/8184973099/il_fullxfull.8184973099_e91q.jpg,8.99 USD,in stock,new,MiniCanvasArt,"Home & Garden > Decor > Artwork > Posters, Prints, & Visual Artwork",Koi & Animals
4521846922,Mount Fuji Cherry Blossom Ink Print | Japanese Sumi-e Wall Art (Digital Download),"Mount Fuji floats above a sea of cloud as cherry blossoms drift below — serenity, endurance and the fleeting beauty of spring in a single view. A peaceful, grounding landscape for a living room, bedroom or office, and a timeless gift for anyone who loves Japan and quiet, natural beauty. ──────────────────── ✦ WHAT YOU'LL RECEIVE • 1 high-resolution PDF at 300 DPI, true 2:3 aspect ratio • Prints crisp at US sizes: 4×6, 6×9, 8×12, 12×18, 16×24, 20×30, 24×36 in • Plus international ISO sizes: A5, A4, A3, A2, A1 • A built-in printable size & quick-start guide page • INSTANT digital download — nothing is shipped ✦ HOW TO PRINT (pro tips) • Print at home, a local print shop, or online (Printique, WhiteWall, Staples, Shutterfly) • In the print dialog choose “Scale/Fit to size” and select your paper • Matte or fine-art paper gives the most authentic sumi-e look; for 24×36 / A1 use heavyweight ma",https://canvasminiart.site/p/4521846922.html,https://i.etsystatic.com/65245102/r/il/a98214/8136019862/il_fullxfull.8136019862_ebay.jpg,8.99 USD,in stock,new,MiniCanvasArt,"Home & Garden > Decor > Artwork > Posters, Prints, & Visual Artwork",Florals & Botanical
4521839399,Phoenix Rising Sumi-e Ink Art Print | Japanese Zen Wall Decor (Digital Download),"The phoenix rises in a sweep of ink and fire — the eternal symbol of rebirth, renewal and coming back stronger. Vivid crimson and gold against soft paper make this an energizing, uplifting centerpiece. A powerful, meaningful gift to mark a fresh start, a recovery or a hard-won comeback. ──────────────────── ✦ WHAT YOU'LL RECEIVE • 1 high-resolution PDF at 300 DPI, true 2:3 aspect ratio • Prints crisp at US sizes: 4×6, 6×9, 8×12, 12×18, 16×24, 20×30, 24×36 in • Plus international ISO sizes: A5, A4, A3, A2, A1 • A built-in printable size & quick-start guide page • INSTANT digital download — nothing is shipped ✦ HOW TO PRINT (pro tips) • Print at home, a local print shop, or online (Printique, WhiteWall, Staples, Shutterfly) • In the print dialog choose “Scale/Fit to size” and select your paper • Matte or fine-art paper gives the most authentic sumi-e look; for 24×36 / A1 use heavyweight ma",https://canvasminiart.site/p/4521839399.html,https://i.etsystatic.com/65245102/r/il/c80221/8136013412/il_fullxfull.8136013412_f9e2.jpg,8.99 USD,in stock,new,MiniCanvasArt,"Home & Garden > Decor > Artwork > Posters, Prints, & Visual Artwork",Dragons & Mythical
4521838511,Nine-Tailed Fox Kitsune Ink | Japanese Wall Art Print | Printable Digital Download | Mystical Zen Home Decor,"She moves through swirling ink and embers of red and gold — the nine-tailed kitsune, shapeshifter, guardian, and one of Japan's most beloved spirits. Mysterious. Graceful. A little bit dangerous. For fans of Japanese folklore, anime aesthetics, and dark academia interiors, this is the statement piece that says: I know the stories. I appreciate the magic. I curate my space with intention. ──────────────────── ✦ WHAT YOU'LL RECEIVE • 1 high-resolution PDF at 300 DPI, true 2:3 aspect ratio • Prints crisp at US sizes: 4×6 up to 24×36 in • Plus international ISO sizes: A5, A4, A3, A2, A1 • Built-in printable size guide • INSTANT digital download — nothing is shipped ✦ PERFECT FOR • Anime and manga enthusiasts • Dark academia / witchy aesthetic spaces • Japanese folklore collectors • Anyone who loves fox spirits and mythology ✦ HOW TO PRINT • Print at home, local shop (Staples, FedEx), or onli",https://canvasminiart.site/p/4521838511.html,https://i.etsystatic.com/65245102/r/il/b2f5dc/8136006212/il_fullxfull.8136006212_oko3.jpg,8.99 USD,in stock,new,MiniCanvasArt,"Home & Garden > Decor > Artwork > Posters, Prints, & Visual Artwork",Dragons & Mythical
4521837539,Bamboo Sparrow Sumi-e Ink Print | Japanese Zen Japandi Wall Art (Digital Download),"A lone sparrow rests on slender bamboo — a quiet poem about resilience and finding stillness in the everyday. Airy, delicate brushwork fills the room with calm and light, making this an ideal piece for a bedroom, nursery or reading nook. Understated, soothing and effortlessly elegant. ──────────────────── ✦ WHAT YOU'LL RECEIVE • 1 high-resolution PDF at 300 DPI, true 2:3 aspect ratio • Prints crisp at US sizes: 4×6, 6×9, 8×12, 12×18, 16×24, 20×30, 24×36 in • Plus international ISO sizes: A5, A4, A3, A2, A1 • A built-in printable size & quick-start guide page • INSTANT digital download — nothing is shipped ✦ HOW TO PRINT (pro tips) • Print at home, a local print shop, or online (Printique, WhiteWall, Staples, Shutterfly) • In the print dialog choose “Scale/Fit to size” and select your paper • Matte or fine-art paper gives the most authentic sumi-e look; for 24×36 / A1 use heavyweight matt",https://canvasminiart.site/p/4521837539.html,https://i.etsystatic.com/65245102/r/il/7c498c/8183893063/il_fullxfull.8183893063_p9cj.jpg,8.99 USD,in stock,new,MiniCanvasArt,"Home & Garden > Decor > Artwork > Posters, Prints, & Visual Artwork",Koi & Animals
4521843136,Great Wave Japanese Ink Minimalist | Ukiyo-e Wall Art Print | Printable Digital Download | Coastal Zen Decor,"A single great wave curls beneath a quiet sky and a small rising sun — power and calm captured in one breath. A modern, minimal tribute to classic Japanese woodblock art, this indigo-and-ink piece looks stunning in coastal, modern and Japandi interiors. Timeless on its own or as a striking pair. ──────────────────── ✦ WHAT YOU'LL RECEIVE • 1 high-resolution PDF at 300 DPI, true 2:3 aspect ratio • Prints crisp at US sizes: 4×6, 6×9, 8×12, 12×18, 16×24, 20×30, 24×36 in • Plus international ISO sizes: A5, A4, A3, A2, A1 • A built-in printable size & quick-start guide page • INSTANT digital download — nothing is shipped ✦ HOW TO PRINT (pro tips) • Print at home, a local print shop, or online (Printique, WhiteWall, Staples, Shutterfly) • In the print dialog choose “Scale/Fit to size” and select your paper • Matte or fine-art paper gives the most authentic sumi-e look; for 24×36 / A1 use heavy",https://canvasminiart.site/p/4521843136.html,https://i.etsystatic.com/65245102/r/il/041ea3/8183887145/il_fullxfull.8183887145_b1a6.jpg,8.99 USD,in stock,new,MiniCanvasArt,"Home & Garden > Decor > Artwork > Posters, Prints, & Visual Artwork",Landscapes & Nature
4521841920,Lotus Flower Pond Sumi-e Ink Print | Japanese Zen Japandi Wall Art (Digital Download),"Lotus blossoms rise from still, dark water — the ancient symbol of purity and of rising above hardship. Gentle ink washes and soft blush-pink blooms make this a calming, spa-like piece for a bedroom, bathroom or meditation corner. A serene, uplifting gift for someone beginning a new chapter. ──────────────────── ✦ WHAT YOU'LL RECEIVE • 1 high-resolution PDF at 300 DPI, true 2:3 aspect ratio • Prints crisp at US sizes: 4×6, 6×9, 8×12, 12×18, 16×24, 20×30, 24×36 in • Plus international ISO sizes: A5, A4, A3, A2, A1 • A built-in printable size & quick-start guide page • INSTANT digital download — nothing is shipped ✦ HOW TO PRINT (pro tips) • Print at home, a local print shop, or online (Printique, WhiteWall, Staples, Shutterfly) • In the print dialog choose “Scale/Fit to size” and select your paper • Matte or fine-art paper gives the most authentic sumi-e look; for 24×36 / A1 use heavyweig",https://canvasminiart.site/p/4521841920.html,https://i.etsystatic.com/65245102/r/il/743c50/8183879953/il_fullxfull.8183879953_7u9g.jpg,8.99 USD,in stock,new,MiniCanvasArt,"Home & Garden > Decor > Artwork > Posters, Prints, & Visual Artwork",Florals & Botanical
4521834471,Japanese Dragon Storm Clouds Ink Print | Mythical Zen Wall Art (Digital Download),"A great dragon coils through storm clouds — the Eastern symbol of power, wisdom and protection. Dynamic black ink laced with red and gold gives this piece real motion and drama, making it a striking focal wall for a living room, office or gaming setup. Bold without being loud. ──────────────────── ✦ WHAT YOU'LL RECEIVE • 1 high-resolution PDF at 300 DPI, true 2:3 aspect ratio • Prints crisp at US sizes: 4×6, 6×9, 8×12, 12×18, 16×24, 20×30, 24×36 in • Plus international ISO sizes: A5, A4, A3, A2, A1 • A built-in printable size & quick-start guide page • INSTANT digital download — nothing is shipped ✦ HOW TO PRINT (pro tips) • Print at home, a local print shop, or online (Printique, WhiteWall, Staples, Shutterfly) • In the print dialog choose “Scale/Fit to size” and select your paper • Matte or fine-art paper gives the most authentic sumi-e look; for 24×36 / A1 use heavyweight matte for a ",https://canvasminiart.site/p/4521834471.html,https://i.etsystatic.com/65245102/r/il/00f9eb/8135979750/il_fullxfull.8135979750_tjs2.jpg,8.99 USD,in stock,new,MiniCanvasArt,"Home & Garden > Decor > Artwork > Posters, Prints, & Visual Artwork",Dragons & Mythical
4521833487,Prowling Tiger Sumi-e Ink Art Print | Japanese Zen Home Decor (Digital Download),"A tiger advances out of the mist, eyes locked on yours — raw strength held in perfect stillness. Bold, confident brushwork and a deep red sun make this a commanding centerpiece for an office, study or living room. The perfect gift for anyone who values courage, focus and quiet power. ──────────────────── ✦ WHAT YOU'LL RECEIVE • 1 high-resolution PDF at 300 DPI, true 2:3 aspect ratio • Prints crisp at US sizes: 4×6, 6×9, 8×12, 12×18, 16×24, 20×30, 24×36 in • Plus international ISO sizes: A5, A4, A3, A2, A1 • A built-in printable size & quick-start guide page • INSTANT digital download — nothing is shipped ✦ HOW TO PRINT (pro tips) • Print at home, a local print shop, or online (Printique, WhiteWall, Staples, Shutterfly) • In the print dialog choose “Scale/Fit to size” and select your paper • Matte or fine-art paper gives the most authentic sumi-e look; for 24×36 / A1 use heavyweight matte",https://canvasminiart.site/p/4521833487.html,https://i.etsystatic.com/65245102/r/il/ff7d1a/8135973170/il_fullxfull.8135973170_7aeq.jpg,8.99 USD,in stock,new,MiniCanvasArt,"Home & Garden > Decor > Artwork > Posters, Prints, & Visual Artwork",Koi & Animals
4521831637,Koi Fish Yin Yang Sumi-e Ink | Japanese Wall Art Print | Printable Digital Download | Zen Japandi Home Decor,"Two koi circle each other in an endless dance — the timeless symbol of balance, abundance and good fortune. Painted in flowing sumi-e ink with a single spark of crimson, this piece becomes a calm, meditative focal point the moment it goes on the wall. A meaningful housewarming, wedding or anniversary gift, and a quiet daily reminder that opposites move best together. ──────────────────── ✦ WHAT YOU'LL RECEIVE • 1 high-resolution PDF at 300 DPI, true 2:3 aspect ratio • Prints crisp at US sizes: 4×6, 6×9, 8×12, 12×18, 16×24, 20×30, 24×36 in • Plus international ISO sizes: A5, A4, A3, A2, A1 • A built-in printable size & quick-start guide page • INSTANT digital download — nothing is shipped ✦ HOW TO PRINT (pro tips) • Print at home, a local print shop, or online (Printique, WhiteWall, Staples, Shutterfly) • In the print dialog choose “Scale/Fit to size” and select your paper • Matte or fine",https://canvasminiart.site/p/4521831637.html,https://i.etsystatic.com/65245102/r/il/be860f/8135958954/il_fullxfull.8135958954_k3fe.jpg,8.99 USD,in stock,new,MiniCanvasArt,"Home & Garden > Decor > Artwork > Posters, Prints, & Visual Artwork",Koi & Animals
4521680018,Pencil Samurai Red Scarf Sketch | Hand-Drawn Japanese Wall Art | Printable Digital Download | Selective Color Art,"A finely detailed graphite samurai, his red headband and scarf the only flash of color — the intimate feel of a master's sketchbook page. The hand-drawn texture and selective red make this a refined, characterful piece for a study, office or bedroom. Quietly powerful and unique. ──────────────────── ✦ WHAT YOU'LL RECEIVE • 1 high-resolution PDF at 300 DPI, true 2:3 aspect ratio • Prints crisp at US sizes: 4×6, 6×9, 8×12, 12×18, 16×24, 20×30, 24×36 in • Plus international ISO sizes: A5, A4, A3, A2, A1 • A built-in printable size & quick-start guide page • INSTANT digital download — nothing is shipped ✦ HOW TO PRINT (pro tips) • Print at home, a local print shop, or online (Printique, WhiteWall, Staples, Shutterfly) • In the print dialog choose “Scale/Fit to size” and select your paper • Matte or fine-art paper gives the most authentic sumi-e look; for 24×36 / A1 use heavyweight matte for ",https://canvasminiart.site/p/4521680018.html,https://i.etsystatic.com/65245102/r/il/dea131/8134791572/il_fullxfull.8134791572_oiz5.jpg,8.99 USD,in stock,new,MiniCanvasArt,"Home & Garden > Decor > Artwork > Posters, Prints, & Visual Artwork",Samurai & Warriors
4521679516,Black White Samurai Red Sun Accent | Japanese Sumi-e Ink Wall Art | Printable Digital Download | Selective Color,"A monochrome samurai stands against a single bold red sun — the one spark of color in a world of charcoal ink. This striking selective-color piece brings instant drama and a modern, gallery-grade edge to a living room, office or hallway. Minimal, bold and unforgettable. ──────────────────── ✦ WHAT YOU'LL RECEIVE • 1 high-resolution PDF at 300 DPI, true 2:3 aspect ratio • Prints crisp at US sizes: 4×6, 6×9, 8×12, 12×18, 16×24, 20×30, 24×36 in • Plus international ISO sizes: A5, A4, A3, A2, A1 • A built-in printable size & quick-start guide page • INSTANT digital download — nothing is shipped ✦ HOW TO PRINT (pro tips) • Print at home, a local print shop, or online (Printique, WhiteWall, Staples, Shutterfly) • In the print dialog choose “Scale/Fit to size” and select your paper • Matte or fine-art paper gives the most authentic sumi-e look; for 24×36 / A1 use heavyweight matte for a true ga",https://canvasminiart.site/p/4521679516.html,https://i.etsystatic.com/65245102/r/il/3a44c1/8134787698/il_fullxfull.8134787698_4bfa.jpg,8.99 USD,in stock,new,MiniCanvasArt,"Home & Garden > Decor > Artwork > Posters, Prints, & Visual Artwork",Samurai & Warriors
4521679014,Samurai Bamboo Grove Ink Print | Moonlit Japanese Wall Art (Digital Download),"A samurai stands alert in a moonlit bamboo grove, blade ready, a pale full moon overhead and one spark of red — tension and beauty held in balance. Moody ink brushwork makes this an atmospheric, cinematic piece for a living room, office or bedroom. Quietly dramatic. ──────────────────── ✦ WHAT YOU'LL RECEIVE • 1 high-resolution PDF at 300 DPI, true 2:3 aspect ratio • Prints crisp at US sizes: 4×6, 6×9, 8×12, 12×18, 16×24, 20×30, 24×36 in • Plus international ISO sizes: A5, A4, A3, A2, A1 • A built-in printable size & quick-start guide page • INSTANT digital download — nothing is shipped ✦ HOW TO PRINT (pro tips) • Print at home, a local print shop, or online (Printique, WhiteWall, Staples, Shutterfly) • In the print dialog choose “Scale/Fit to size” and select your paper • Matte or fine-art paper gives the most authentic sumi-e look; for 24×36 / A1 use heavyweight matte for a true galler",https://canvasminiart.site/p/4521679014.html,https://i.etsystatic.com/65245102/r/il/4c875b/8182681759/il_fullxfull.8182681759_qfj4.jpg,8.99 USD,in stock,new,MiniCanvasArt,"Home & Garden > Decor > Artwork > Posters, Prints, & Visual Artwork",Samurai & Warriors
4521672007,Samurai with Red-Crowned Crane Marsh | Japanese Sumi-e Wall Art | Printable Digital Download | Poetic Japan Decor,"A wandering samurai pauses in misty marsh reeds beside an elegant red-crowned crane — a quiet meeting of warrior and grace. Delicate brushwork and a touch of crimson make this a poetic, refined piece for a bedroom, hallway or reading nook. Serene, story-rich and understated. ──────────────────── ✦ WHAT YOU'LL RECEIVE • 1 high-resolution PDF at 300 DPI, true 2:3 aspect ratio • Prints crisp at US sizes: 4×6, 6×9, 8×12, 12×18, 16×24, 20×30, 24×36 in • Plus international ISO sizes: A5, A4, A3, A2, A1 • A built-in printable size & quick-start guide page • INSTANT digital download — nothing is shipped ✦ HOW TO PRINT (pro tips) • Print at home, a local print shop, or online (Printique, WhiteWall, Staples, Shutterfly) • In the print dialog choose “Scale/Fit to size” and select your paper • Matte or fine-art paper gives the most authentic sumi-e look; for 24×36 / A1 use heavyweight matte for a tr",https://canvasminiart.site/p/4521672007.html,https://i.etsystatic.com/65245102/r/il/8b4a17/8182677931/il_fullxfull.8182677931_ofkx.jpg,8.99 USD,in stock,new,MiniCanvasArt,"Home & Garden > Decor > Artwork > Posters, Prints, & Visual Artwork",Samurai & Warriors
4521678174,Meditating Samurai Zen Incense | Japanese Sumi-e Ink Wall Art | Printable Digital Download | Calm Japandi Decor,"A samurai sits in still meditation, katana laid before him, a single thread of incense rising — the warrior at peace. Soft ink and deep negative space make this a deeply calming piece for a bedroom, meditation corner, yoga studio or office. A serene reminder that true strength is quiet. ──────────────────── ✦ WHAT YOU'LL RECEIVE • 1 high-resolution PDF at 300 DPI, true 2:3 aspect ratio • Prints crisp at US sizes: 4×6, 6×9, 8×12, 12×18, 16×24, 20×30, 24×36 in • Plus international ISO sizes: A5, A4, A3, A2, A1 • A built-in printable size & quick-start guide page • INSTANT digital download — nothing is shipped ✦ HOW TO PRINT (pro tips) • Print at home, a local print shop, or online (Printique, WhiteWall, Staples, Shutterfly) • In the print dialog choose “Scale/Fit to size” and select your paper • Matte or fine-art paper gives the most authentic sumi-e look; for 24×36 / A1 use heavyweight ma",https://canvasminiart.site/p/4521678174.html,https://i.etsystatic.com/65245102/r/il/373f8c/8182674779/il_fullxfull.8182674779_sxkj.jpg,8.99 USD,in stock,new,MiniCanvasArt,"Home & Garden > Decor > Artwork > Posters, Prints, & Visual Artwork",Samurai & Warriors
4521671187,Samurai and Ink Dragon Storm Sky | Japanese Sumi-e Wall Art | Printable Digital Download | Mythical Japan Decor,"A samurai raises his katana to the heavens as a great ink dragon coils through the storm above — power, courage and destiny entwined. Bold brushwork with red and gold accents gives this piece epic, mythic drama, ideal as a statement wall in a living room, office or gaming setup. ──────────────────── ✦ WHAT YOU'LL RECEIVE • 1 high-resolution PDF at 300 DPI, true 2:3 aspect ratio • Prints crisp at US sizes: 4×6, 6×9, 8×12, 12×18, 16×24, 20×30, 24×36 in • Plus international ISO sizes: A5, A4, A3, A2, A1 • A built-in printable size & quick-start guide page • INSTANT digital download — nothing is shipped ✦ HOW TO PRINT (pro tips) • Print at home, a local print shop, or online (Printique, WhiteWall, Staples, Shutterfly) • In the print dialog choose “Scale/Fit to size” and select your paper • Matte or fine-art paper gives the most authentic sumi-e look; for 24×36 / A1 use heavyweight matte for ",https://canvasminiart.site/p/4521671187.html,https://i.etsystatic.com/65245102/r/il/4c9ecd/8134773396/il_fullxfull.8134773396_2bd3.jpg,8.99 USD,in stock,new,MiniCanvasArt,"Home & Garden > Decor > Artwork > Posters, Prints, & Visual Artwork",Dragons & Mythical
4521670677,Samurai on Cliff Misty Mountains Dawn | Japanese Sumi-e Ink Wall Art | Printable Digital Download | Zen Decor,"A lone samurai surveys misty layered mountains at first light, a great red sun rising beyond — a quiet moment of perspective and calm. Atmospheric ink washes make this a serene, grounding landscape for a bedroom, living room or office. Peaceful, contemplative and timeless. ──────────────────── ✦ WHAT YOU'LL RECEIVE • 1 high-resolution PDF at 300 DPI, true 2:3 aspect ratio • Prints crisp at US sizes: 4×6, 6×9, 8×12, 12×18, 16×24, 20×30, 24×36 in • Plus international ISO sizes: A5, A4, A3, A2, A1 • A built-in printable size & quick-start guide page • INSTANT digital download — nothing is shipped ✦ HOW TO PRINT (pro tips) • Print at home, a local print shop, or online (Printique, WhiteWall, Staples, Shutterfly) • In the print dialog choose “Scale/Fit to size” and select your paper • Matte or fine-art paper gives the most authentic sumi-e look; for 24×36 / A1 use heavyweight matte for a true",https://canvasminiart.site/p/4521670677.html,https://i.etsystatic.com/65245102/r/il/b913f2/8134770140/il_fullxfull.8134770140_nttm.jpg,8.99 USD,in stock,new,MiniCanvasArt,"Home & Garden > Decor > Artwork > Posters, Prints, & Visual Artwork",Samurai & Warriors
4521670281,Two Samurai Rain Duel Katana | Japanese Sumi-e Ink Wall Art | Printable Digital Download | Dramatic Japan Decor,"Two samurai face each other in the pouring rain, katanas drawn, a red sun burning through the storm — a single breath before everything changes. Dynamic ink and splashing rain give this piece raw cinematic energy, perfect as a bold centerpiece for a living room, office or gaming space. ──────────────────── ✦ WHAT YOU'LL RECEIVE • 1 high-resolution PDF at 300 DPI, true 2:3 aspect ratio • Prints crisp at US sizes: 4×6, 6×9, 8×12, 12×18, 16×24, 20×30, 24×36 in • Plus international ISO sizes: A5, A4, A3, A2, A1 • A built-in printable size & quick-start guide page • INSTANT digital download — nothing is shipped ✦ HOW TO PRINT (pro tips) • Print at home, a local print shop, or online (Printique, WhiteWall, Staples, Shutterfly) • In the print dialog choose “Scale/Fit to size” and select your paper • Matte or fine-art paper gives the most authentic sumi-e look; for 24×36 / A1 use heavyweight mat",https://canvasminiart.site/p/4521670281.html,https://i.etsystatic.com/65245102/r/il/6313f1/8182664801/il_fullxfull.8182664801_7xjz.jpg,8.99 USD,in stock,new,MiniCanvasArt,"Home & Garden > Decor > Artwork > Posters, Prints, & Visual Artwork",Samurai & Warriors
4521676556,Onna-Bugeisha Female Samurai Cherry Blossom | Japanese Ink Wall Art | Printable Digital Download | Sakura Decor,"She stands poised among drifting cherry blossoms — the onna-bugeisha, a woman warrior of feudal Japan. Grace and strength in perfect balance. Soft pink sakura, deep crimson armor, and golden accents. This is more than wall art. It's a daily reminder that femininity and fierceness coexist. A meaningful gift for a strong woman in your life, or a statement piece for anyone who believes in quiet power. ──────────────────── ✦ WHAT YOU'LL RECEIVE • 1 high-resolution PDF at 300 DPI, true 2:3 aspect ratio • Prints crisp at US sizes: 4×6 up to 24×36 in • Plus international ISO sizes: A5, A4, A3, A2, A1 • Built-in printable size guide • INSTANT digital download — nothing is shipped ✦ IDEAL AS A GIFT • Women's empowerment / feminist decor • Martial arts practitioners • Cherry blossom / sakura lovers • Graduation, promotion, or ""you've got this"" moments ✦ HOW TO PRINT • Print at home, local shop, or",https://canvasminiart.site/p/4521676556.html,https://i.etsystatic.com/65245102/r/il/30bcab/8182661745/il_fullxfull.8182661745_8pxj.jpg,8.99 USD,in stock,new,MiniCanvasArt,"Home & Garden > Decor > Artwork > Posters, Prints, & Visual Artwork",Samurai & Warriors
4521666199,Lone Samurai Snow Red Sun Sumi-e Ink Wall Art | Japandi Decor (Digital Download),"A lone samurai stands unmoved in falling snow beneath a blood-red rising sun — stillness, discipline and quiet resolve in a single frame. Bold sumi-e brushwork and generous negative space make this a powerful yet calming focal point for a living room, office or study. A striking gift for anyone who values inner strength. ──────────────────── ✦ WHAT YOU'LL RECEIVE • 1 high-resolution PDF at 300 DPI, true 2:3 aspect ratio • Prints crisp at US sizes: 4×6, 6×9, 8×12, 12×18, 16×24, 20×30, 24×36 in • Plus international ISO sizes: A5, A4, A3, A2, A1 • A built-in printable size & quick-start guide page • INSTANT digital download — nothing is shipped ✦ HOW TO PRINT (pro tips) • Print at home, a local print shop, or online (Printique, WhiteWall, Staples, Shutterfly) • In the print dialog choose “Scale/Fit to size” and select your paper • Matte or fine-art paper gives the most authentic sumi-e look",https://canvasminiart.site/p/4521666199.html,https://i.etsystatic.com/65245102/r/il/01e296/8182635129/il_fullxfull.8182635129_nxdm.jpg,8.99 USD,in stock,new,MiniCanvasArt,"Home & Garden > Decor > Artwork > Posters, Prints, & Visual Artwork",Samurai & Warriors
4518039480,Bamboo Forest Mist Art Print | Japanese Wall Art | Digital Download,"Serene bamboo forest in morning mist, peaceful meditation scene. ✨ WHAT YOU GET: • High-resolution digital files (300 DPI) • Sizes: 8x10, 11x14, 16x20, 24x36 in + A4, A3, A2, A1 • Instant download after purchase 🖼️ PERFECT FOR: • Living room, bedroom, office • Modern & minimalist interiors • Framing and gifting 📥 Digital download only — no physical item shipped. © MiniCanvasArt",https://canvasminiart.site/p/4518039480.html,https://i.etsystatic.com/65245102/r/il/534686/8109088564/il_fullxfull.8109088564_lgyb.jpg,8.99 USD,in stock,new,MiniCanvasArt,"Home & Garden > Decor > Artwork > Posters, Prints, & Visual Artwork",Florals & Botanical
4518036679,Samurai Meditation Cherry Blossom Art | Japanese Wall Art Print | Digital Download,"Samurai warrior meditating under cherry blossoms, minimalist ink style. ✨ WHAT YOU GET: • High-resolution digital files (300 DPI) • Sizes: 8x10, 11x14, 16x20, 24x36 in + A4, A3, A2, A1 • Instant download after purchase 🖼️ PERFECT FOR: • Living room, bedroom, office • Modern & minimalist interiors • Framing and gifting 📥 Digital download only — no physical item shipped. © MiniCanvasArt",https://canvasminiart.site/p/4518036679.html,https://i.etsystatic.com/65245102/r/il/2a241f/8156965593/il_fullxfull.8156965593_6dfi.jpg,8.99 USD,in stock,new,MiniCanvasArt,"Home & Garden > Decor > Artwork > Posters, Prints, & Visual Artwork",Samurai & Warriors
4518034978,Koi Fish Yin Yang Japanese Print | Japanese Wall Art | Digital Download,"Two koi fish swimming in circular pattern, traditional ink painting style. ✨ WHAT YOU GET: • High-resolution digital files (300 DPI) • Sizes: 8x10, 11x14, 16x20, 24x36 in + A4, A3, A2, A1 • Instant download after purchase 🖼️ PERFECT FOR: • Living room, bedroom, office • Modern & minimalist interiors • Framing and gifting 📥 Digital download only — no physical item shipped. © MiniCanvasArt",https://canvasminiart.site/p/4518034978.html,https://i.etsystatic.com/65245102/r/il/d1e1bd/8156969913/il_fullxfull.8156969913_igrr.jpg,8.99 USD,in stock,new,MiniCanvasArt,"Home & Garden > Decor > Artwork > Posters, Prints, & Visual Artwork",Koi & Animals
4518038151,Elegant Geisha Parasol Art Print | Japanese Wall Art | Digital Download,"Graceful geisha with kimono and parasol, cherry blossoms falling. ✨ WHAT YOU GET: • High-resolution digital files (300 DPI) • Sizes: 8x10, 11x14, 16x20, 24x36 in + A4, A3, A2, A1 • Instant download after purchase 🖼️ PERFECT FOR: • Living room, bedroom, office • Modern & minimalist interiors • Framing and gifting 📥 Digital download only — no physical item shipped. © MiniCanvasArt",https://canvasminiart.site/p/4518038151.html,https://i.etsystatic.com/65245102/r/il/17d2a9/8109067160/il_fullxfull.8109067160_aecx.jpg,8.99 USD,in stock,new,MiniCanvasArt,"Home & Garden > Decor > Artwork > Posters, Prints, & Visual Artwork",Japanese & Zen
4518038879,Japanese Dragon Cloud Art Print | Asian Wall Decor | Digital Download,"Majestic dragon coiling through clouds, ink wash style. ✨ WHAT YOU GET: • High-resolution digital files (300 DPI) • Sizes: 8x10, 11x14, 16x20, 24x36 in + A4, A3, A2, A1 • Instant download after purchase 🖼️ PERFECT FOR: • Living room, bedroom, office • Modern & minimalist interiors • Framing and gifting 📥 Digital download only — no physical item shipped. © MiniCanvasArt",https://canvasminiart.site/p/4518038879.html,https://i.etsystatic.com/65245102/r/il/57f1e5/8109072038/il_fullxfull.8109072038_ebxz.jpg,8.99 USD,in stock,new,MiniCanvasArt,"Home & Garden > Decor > Artwork > Posters, Prints, & Visual Artwork",Dragons & Mythical
4518039627,Bonsai Tree Zen Garden Art Print | Japanese Wall Art | Digital Download,"Ancient bonsai on rocky cliff, sumi-e ink style. ✨ WHAT YOU GET: • High-resolution digital files (300 DPI) • Sizes: 8x10, 11x14, 16x20, 24x36 in + A4, A3, A2, A1 • Instant download after purchase 🖼️ PERFECT FOR: • Living room, bedroom, office • Modern & minimalist interiors • Framing and gifting 📥 Digital download only — no physical item shipped. © MiniCanvasArt",https://canvasminiart.site/p/4518039627.html,https://i.etsystatic.com/65245102/r/il/fa9058/8156983183/il_fullxfull.8156983183_d4p9.jpg,8.99 USD,in stock,new,MiniCanvasArt,"Home & Garden > Decor > Artwork > Posters, Prints, & Visual Artwork",Japanese & Zen
4518040337,Red-Crowned Cranes Dancing Print | Japanese Wall Art | Digital Download,"Elegant cranes dancing, symbol of longevity and grace. ✨ WHAT YOU GET: • High-resolution digital files (300 DPI) • Sizes: 8x10, 11x14, 16x20, 24x36 in + A4, A3, A2, A1 • Instant download after purchase 🖼️ PERFECT FOR: • Living room, bedroom, office • Modern & minimalist interiors • Framing and gifting 📥 Digital download only — no physical item shipped. © MiniCanvasArt",https://canvasminiart.site/p/4518040337.html,https://i.etsystatic.com/65245102/r/il/7fe205/8156987157/il_fullxfull.8156987157_npl4.jpg,8.99 USD,in stock,new,MiniCanvasArt,"Home & Garden > Decor > Artwork > Posters, Prints, & Visual Artwork",Koi & Animals
4518041025,Great Wave Japanese Art Print | Ukiyo-e Style | Digital Download,"Modern minimalist wave in ukiyo-e style, deep blue and white. ✨ WHAT YOU GET: • High-resolution digital files (300 DPI) • Sizes: 8x10, 11x14, 16x20, 24x36 in + A4, A3, A2, A1 • Instant download after purchase 🖼️ PERFECT FOR: • Living room, bedroom, office • Modern & minimalist interiors • Framing and gifting 📥 Digital download only — no physical item shipped. © MiniCanvasArt",https://canvasminiart.site/p/4518041025.html,https://i.etsystatic.com/65245102/r/il/6663b7/8156991375/il_fullxfull.8156991375_6agd.jpg,8.99 USD,in stock,new,MiniCanvasArt,"Home & Garden > Decor > Artwork > Posters, Prints, & Visual Artwork",Landscapes & Nature
4518040862,Cherry Blossom Branch Minimalist | Japanese Wall Art | Digital Download,"Delicate sakura branch, spring feeling, minimalist Japanese art. ✨ WHAT YOU GET: • High-resolution digital files (300 DPI) • Sizes: 8x10, 11x14, 16x20, 24x36 in + A4, A3, A2, A1 • Instant download after purchase 🖼️ PERFECT FOR: • Living room, bedroom, office • Modern & minimalist interiors • Framing and gifting 📥 Digital download only — no physical item shipped. © MiniCanvasArt",https://canvasminiart.site/p/4518040862.html,https://i.etsystatic.com/65245102/r/il/dc8889/8157003579/il_fullxfull.8157003579_4wbo.jpg,8.99 USD,in stock,new,MiniCanvasArt,"Home & Garden > Decor > Artwork > Posters, Prints, & Visual Artwork",Florals & Botanical
4518066688,Ginkgo Leaves Golden Autumn Art | Botanical Print | Digital Download,"Golden ginkgo leaves arrangement, elegant fan shapes. ✨ WHAT YOU GET: • High-resolution digital files (300 DPI) • Sizes: 8x10, 11x14, 16x20, 24x36 in + A4, A3, A2, A1 • Instant download after purchase 🖼️ PERFECT FOR: • Living room, bedroom, office • Modern & minimalist interiors • Framing and gifting 📥 Digital download only — no physical item shipped. © MiniCanvasArt",https://canvasminiart.site/p/4518066688.html,https://i.etsystatic.com/65245102/r/il/9b2eed/8109274454/il_fullxfull.8109274454_2egr.jpg,8.99 USD,in stock,new,MiniCanvasArt,"Home & Garden > Decor > Artwork > Posters, Prints, & Visual Artwork",Florals & Botanical
4518068197,Succulent Rosette Modern Print | Botanical Art | Digital Download,"Geometric succulent rosette, jade green, desert plant aesthetic. ✨ WHAT YOU GET: • High-resolution digital files (300 DPI) • Sizes: 8x10, 11x14, 16x20, 24x36 in + A4, A3, A2, A1 • Instant download after purchase 🖼️ PERFECT FOR: • Living room, bedroom, office • Modern & minimalist interiors • Framing and gifting 📥 Digital download only — no physical item shipped. © MiniCanvasArt",https://canvasminiart.site/p/4518068197.html,https://i.etsystatic.com/65245102/r/il/6c26f1/8109270292/il_fullxfull.8109270292_fcwa.jpg,8.99 USD,in stock,new,MiniCanvasArt,"Home & Garden > Decor > Artwork > Posters, Prints, & Visual Artwork",Florals & Botanical
4518067635,Lavender Bundle Provence Print | Botanical Art | Digital Download,"French lavender watercolor illustration, purple and green. ✨ WHAT YOU GET: • High-resolution digital files (300 DPI) • Sizes: 8x10, 11x14, 16x20, 24x36 in + A4, A3, A2, A1 • Instant download after purchase 🖼️ PERFECT FOR: • Living room, bedroom, office • Modern & minimalist interiors • Framing and gifting 📥 Digital download only — no physical item shipped. © MiniCanvasArt",https://canvasminiart.site/p/4518067635.html,https://i.etsystatic.com/65245102/r/il/03a5da/8157172157/il_fullxfull.8157172157_5rf8.jpg,8.99 USD,in stock,new,MiniCanvasArt,"Home & Garden > Decor > Artwork > Posters, Prints, & Visual Artwork",Florals & Botanical
4518067083,Wildflower Pressed Flower Art | Botanical Print | Digital Download,"Delicate wildflower arrangement, soft pastel colors, romantic botanical. ✨ WHAT YOU GET: • High-resolution digital files (300 DPI) • Sizes: 8x10, 11x14, 16x20, 24x36 in + A4, A3, A2, A1 • Instant download after purchase 🖼️ PERFECT FOR: • Living room, bedroom, office • Modern & minimalist interiors • Framing and gifting 📥 Digital download only — no physical item shipped. © MiniCanvasArt",https://canvasminiart.site/p/4518067083.html,https://i.etsystatic.com/65245102/r/il/562aea/8157167977/il_fullxfull.8157167977_8yg0.jpg,8.99 USD,in stock,new,MiniCanvasArt,"Home & Garden > Decor > Artwork > Posters, Prints, & Visual Artwork",Florals & Botanical
4518063590,Tropical Palm Leaf Modern Print | Botanical Art | Digital Download,"Bold palm leaf, Scandinavian minimalist style. ✨ WHAT YOU GET: • High-resolution digital files (300 DPI) • Sizes: 8x10, 11x14, 16x20, 24x36 in + A4, A3, A2, A1 • Instant download after purchase 🖼️ PERFECT FOR: • Living room, bedroom, office • Modern & minimalist interiors • Framing and gifting 📥 Digital download only — no physical item shipped. © MiniCanvasArt",https://canvasminiart.site/p/4518063590.html,https://i.etsystatic.com/65245102/r/il/be6fd1/8109253988/il_fullxfull.8109253988_jv88.jpg,8.99 USD,in stock,new,MiniCanvasArt,"Home & Garden > Decor > Artwork > Posters, Prints, & Visual Artwork",Florals & Botanical
4518061580,Monstera Leaf Botanical Art Print | Plant Wall Art | Digital Download,"Monstera deliciosa leaf, detailed botanical illustration, modern minimalist. ✨ WHAT YOU GET: • High-resolution digital files (300 DPI) • Sizes: 8x10, 11x14, 16x20, 24x36 in + A4, A3, A2, A1 • Instant download after purchase 🖼️ PERFECT FOR: • Living room, bedroom, office • Modern & minimalist interiors • Framing and gifting 📥 Digital download only — no physical item shipped. © MiniCanvasArt",https://canvasminiart.site/p/4518061580.html,https://i.etsystatic.com/65245102/r/il/18e649/8157142225/il_fullxfull.8157142225_339v.jpg,8.99 USD,in stock,new,MiniCanvasArt,"Home & Garden > Decor > Artwork > Posters, Prints, & Visual Artwork",Florals & Botanical
4518063087,Cherry Blossom Branch Minimalist | Japanese Wall Art | Digital Download,"Delicate sakura branch, spring feeling, minimalist Japanese art. ✨ WHAT YOU GET: • High-resolution digital files (300 DPI) • Sizes: 8x10, 11x14, 16x20, 24x36 in + A4, A3, A2, A1 • Instant download after purchase 🖼️ PERFECT FOR: • Living room, bedroom, office • Modern & minimalist interiors • Framing and gifting 📥 Digital download only — no physical item shipped. © MiniCanvasArt",https://canvasminiart.site/p/4518063087.html,https://i.etsystatic.com/65245102/r/il/57e266/8109230898/il_fullxfull.8109230898_7u79.jpg,8.99 USD,in stock,new,MiniCanvasArt,"Home & Garden > Decor > Artwork > Posters, Prints, & Visual Artwork",Florals & Botanical
4518062511,Full Moon Pagoda Silhouette Art | Japanese Wall Art | Digital Download,"Moon over Japanese pagoda, peaceful night scene, zen atmosphere. ✨ WHAT YOU GET: • High-resolution digital files (300 DPI) • Sizes: 8x10, 11x14, 16x20, 24x36 in + A4, A3, A2, A1 • Instant download after purchase 🖼️ PERFECT FOR: • Living room, bedroom, office • Modern & minimalist interiors • Framing and gifting 📥 Digital download only — no physical item shipped. © MiniCanvasArt",https://canvasminiart.site/p/4518062511.html,https://i.etsystatic.com/65245102/r/il/ff001f/8157132499/il_fullxfull.8157132499_em6f.jpg,8.99 USD,in stock,new,MiniCanvasArt,"Home & Garden > Decor > Artwork > Posters, Prints, & Visual Artwork",Japanese & Zen
4518059588,Bamboo Forest Mist Art Print | Japanese Wall Art | Digital Download,"Serene bamboo forest in morning mist, peaceful meditation scene. ✨ WHAT YOU GET: • High-resolution digital files (300 DPI) • Sizes: 8x10, 11x14, 16x20, 24x36 in + A4, A3, A2, A1 • Instant download after purchase 🖼️ PERFECT FOR: • Living room, bedroom, office • Modern & minimalist interiors • Framing and gifting 📥 Digital download only — no physical item shipped. © MiniCanvasArt",https://canvasminiart.site/p/4518059588.html,https://i.etsystatic.com/65245102/r/il/3cc7c3/8109222328/il_fullxfull.8109222328_4dyd.jpg,8.99 USD,in stock,new,MiniCanvasArt,"Home & Garden > Decor > Artwork > Posters, Prints, & Visual Artwork",Florals & Botanical
4518060595,Red-Crowned Cranes Dancing Print | Japanese Wall Art | Digital Download,"Elegant cranes dancing, symbol of longevity and grace. ✨ WHAT YOU GET: • High-resolution digital files (300 DPI) • Sizes: 8x10, 11x14, 16x20, 24x36 in + A4, A3, A2, A1 • Instant download after purchase 🖼️ PERFECT FOR: • Living room, bedroom, office • Modern & minimalist interiors • Framing and gifting 📥 Digital download only — no physical item shipped. © MiniCanvasArt",https://canvasminiart.site/p/4518060595.html,https://i.etsystatic.com/65245102/r/il/5ccfef/8109214328/il_fullxfull.8109214328_jirz.jpg,8.99 USD,in stock,new,MiniCanvasArt,"Home & Garden > Decor > Artwork > Posters, Prints, & Visual Artwork",Koi & Animals
4518057784,Bonsai Tree Zen Garden Art Print | Japanese Wall Art | Digital Download,"Ancient bonsai on rocky cliff, sumi-e ink style. ✨ WHAT YOU GET: • High-resolution digital files (300 DPI) • Sizes: 8x10, 11x14, 16x20, 24x36 in + A4, A3, A2, A1 • Instant download after purchase 🖼️ PERFECT FOR: • Living room, bedroom, office • Modern & minimalist interiors • Framing and gifting 📥 Digital download only — no physical item shipped. © MiniCanvasArt",https://canvasminiart.site/p/4518057784.html,https://i.etsystatic.com/65245102/r/il/7ec5a0/8109209666/il_fullxfull.8109209666_gbz6.jpg,8.99 USD,in stock,new,MiniCanvasArt,"Home & Garden > Decor > Artwork > Posters, Prints, & Visual Artwork",Japanese & Zen
4518057164,Japanese Dragon Cloud Art Print | Asian Wall Decor | Digital Download,"Majestic dragon coiling through clouds, ink wash style. ✨ WHAT YOU GET: • High-resolution digital files (300 DPI) • Sizes: 8x10, 11x14, 16x20, 24x36 in + A4, A3, A2, A1 • Instant download after purchase 🖼️ PERFECT FOR: • Living room, bedroom, office • Modern & minimalist interiors • Framing and gifting 📥 Digital download only — no physical item shipped. © MiniCanvasArt",https://canvasminiart.site/p/4518057164.html,https://i.etsystatic.com/65245102/r/il/ff9c8d/8157111391/il_fullxfull.8157111391_1meo.jpg,8.99 USD,in stock,new,MiniCanvasArt,"Home & Garden > Decor > Artwork > Posters, Prints, & Visual Artwork",Dragons & Mythical
4518056496,Elegant Geisha Parasol Art Print | Japanese Wall Art | Digital Download,"Graceful geisha with kimono and parasol, cherry blossoms falling. ✨ WHAT YOU GET: • High-resolution digital files (300 DPI) • Sizes: 8x10, 11x14, 16x20, 24x36 in + A4, A3, A2, A1 • Instant download after purchase 🖼️ PERFECT FOR: • Living room, bedroom, office • Modern & minimalist interiors • Framing and gifting 📥 Digital download only — no physical item shipped. © MiniCanvasArt",https://canvasminiart.site/p/4518056496.html,https://i.etsystatic.com/65245102/r/il/42c0e0/8157106813/il_fullxfull.8157106813_npyp.jpg,8.99 USD,in stock,new,MiniCanvasArt,"Home & Garden > Decor > Artwork > Posters, Prints, & Visual Artwork",Japanese & Zen
4518057731,Elegant Geisha Parasol Art Print | Japanese Wall Art | Digital Download,"Graceful geisha with kimono and parasol, cherry blossoms falling. ✨ WHAT YOU GET: • High-resolution digital files (300 DPI) • Sizes: 8x10, 11x14, 16x20, 24x36 in + A4, A3, A2, A1 • Instant download after purchase 🖼️ PERFECT FOR: • Living room, bedroom, office • Modern & minimalist interiors • Framing and gifting 📥 Digital download only — no physical item shipped. © MiniCanvasArt",https://canvasminiart.site/p/4518057731.html,https://i.etsystatic.com/65245102/r/il/c8e698/8157098083/il_fullxfull.8157098083_t3z4.jpg,8.99 USD,in stock,new,MiniCanvasArt,"Home & Garden > Decor > Artwork > Posters, Prints, & Visual Artwork",Japanese & Zen
4518054722,Koi Fish Yin Yang Japanese Print | Japanese Wall Art | Digital Download,"Two koi fish swimming in circular pattern, traditional ink painting style. ✨ WHAT YOU GET: • High-resolution digital files (300 DPI) • Sizes: 8x10, 11x14, 16x20, 24x36 in + A4, A3, A2, A1 • Instant download after purchase 🖼️ PERFECT FOR: • Living room, bedroom, office • Modern & minimalist interiors • Framing and gifting 📥 Digital download only — no physical item shipped. © MiniCanvasArt",https://canvasminiart.site/p/4518054722.html,https://i.etsystatic.com/65245102/r/il/fecc87/8109186062/il_fullxfull.8109186062_s8wb.jpg,8.99 USD,in stock,new,MiniCanvasArt,"Home & Garden > Decor > Artwork > Posters, Prints, & Visual Artwork",Koi & Animals
4518053254,Samurai Meditation Cherry Blossom Art | Japanese Wall Art Print | Digital Download,"Samurai warrior meditating under cherry blossoms, minimalist ink style. ✨ WHAT YOU GET: • High-resolution digital files (300 DPI) • Sizes: 8x10, 11x14, 16x20, 24x36 in + A4, A3, A2, A1 • Instant download after purchase 🖼️ PERFECT FOR: • Living room, bedroom, office • Modern & minimalist interiors • Framing and gifting 📥 Digital download only — no physical item shipped. © MiniCanvasArt",https://canvasminiart.site/p/4518053254.html,https://i.etsystatic.com/65245102/r/il/be3aad/8157082329/il_fullxfull.8157082329_7jn6.jpg,8.99 USD,in stock,new,MiniCanvasArt,"Home & Garden > Decor > Artwork > Posters, Prints, & Visual Artwork",Samurai & Warriors
4515885515,Japanese Dragon Clouds Art Print | Printable Wall Art | Instant Digital Download,"The dragon coils through storm clouds, ancient and powerful, scales catching lightning. In Asian mythology, the dragon brings rain, wisdom, and transformation — a guardian spirit for those who dare to grow. This isn't just fantasy art. It's a symbol of ambition, power, and the courage to change. Perfect for game rooms, offices, and anywhere you need a reminder that greatness requires a little wildness. ──────────────────── ✦ WHAT YOU'LL RECEIVE • 1 high-resolution PDF at 300 DPI, true 2:3 aspect ratio • Prints crisp at US sizes: 4×6 up to 24×36 in • Plus international ISO sizes: A5, A4, A3, A2, A1 • Built-in printable size guide • INSTANT digital download — nothing is shipped ✦ PERFECT FOR • Game room or man cave • Home office or creative studio • Fantasy / mythology enthusiasts • Lunar New Year or Asian-inspired decor ✦ HOW TO PRINT • Print at home, local shop, or online • High-contrast",https://canvasminiart.site/p/4515885515.html,https://i.etsystatic.com/65245102/r/il/19f425/8094071008/il_fullxfull.8094071008_pa6x.jpg,2.99 USD,in stock,new,MiniCanvasArt,"Home & Garden > Decor > Artwork > Posters, Prints, & Visual Artwork",Dragons & Mythical
4515895124,Japanese Geisha Ink Print | Traditional Maiko Wall Art (Digital Download),"Elegant Japanese geisha and maiko art in traditional styles. Beautiful feminine Japanese culture celebrating grace, tradition, and timeless beauty. ✨ WHAT YOU GET: • 1 high-quality digital art file (JPG) • Instant download after purchase • Print at home or at any local/online print shop 📐 PERFECT FOR: • 8x10, 11x14, 16x20 print sizes • Gallery walls and home decor • Gift for art lovers 🖨️ HOW TO PRINT: Upload the file to Shutterfly, Walgreens, CVS, Canva, or any local print shop. For best results, print on matte photo paper or fine art paper. ℹ️ IMPORTANT: • This is a DIGITAL DOWNLOAD — no physical item will be shipped • Design created with AI tools • For personal use only. Not for resale or commercial use. Thank you for supporting MiniCanvasArt! 🎨",https://canvasminiart.site/p/4515895124.html,https://i.etsystatic.com/65245102/r/il/a44fc1/8094162448/il_fullxfull.8094162448_afkq.jpg,2.99 USD,in stock,new,MiniCanvasArt,"Home & Garden > Decor > Artwork > Posters, Prints, & Visual Artwork",Japanese & Zen
4515898629,Japanese Geisha Ink Portrait Art Print | Printable Wall Art | Instant Digital Download,"Elegant Japanese geisha and maiko art in traditional styles. Beautiful feminine Japanese culture celebrating grace, tradition, and timeless beauty. ✨ WHAT YOU GET: • 1 high-quality digital art file (JPG) • Instant download after purchase • Print at home or at any local/online print shop 📐 PERFECT FOR: • 8x10, 11x14, 16x20 print sizes • Gallery walls and home decor • Gift for art lovers 🖨️ HOW TO PRINT: Upload the file to Shutterfly, Walgreens, CVS, Canva, or any local print shop. For best results, print on matte photo paper or fine art paper. ℹ️ IMPORTANT: • This is a DIGITAL DOWNLOAD — no physical item will be shipped • Design created with AI tools • For personal use only. Not for resale or commercial use. Thank you for supporting MiniCanvasArt! 🎨",https://canvasminiart.site/p/4515898629.html,https://i.etsystatic.com/65245102/r/il/864859/8094164872/il_fullxfull.8094164872_bsxj.jpg,2.99 USD,in stock,new,MiniCanvasArt,"Home & Garden > Decor > Artwork > Posters, Prints, & Visual Artwork",Japanese & Zen
4515898965,Japanese Geisha Art Print | Traditional Ink Wall Art (Digital Download),"Elegant Japanese geisha and maiko art in traditional styles. Beautiful feminine Japanese culture celebrating grace, tradition, and timeless beauty. ✨ WHAT YOU GET: • 1 high-quality digital art file (JPG) • Instant download after purchase • Print at home or at any local/online print shop 📐 PERFECT FOR: • 8x10, 11x14, 16x20 print sizes • Gallery walls and home decor • Gift for art lovers 🖨️ HOW TO PRINT: Upload the file to Shutterfly, Walgreens, CVS, Canva, or any local print shop. For best results, print on matte photo paper or fine art paper. ℹ️ IMPORTANT: • This is a DIGITAL DOWNLOAD — no physical item will be shipped • Design created with AI tools • For personal use only. Not for resale or commercial use. Thank you for supporting MiniCanvasArt! 🎨",https://canvasminiart.site/p/4515898965.html,https://i.etsystatic.com/65245102/r/il/945556/8142073635/il_fullxfull.8142073635_rcj7.jpg,2.99 USD,in stock,new,MiniCanvasArt,"Home & Garden > Decor > Artwork > Posters, Prints, & Visual Artwork",Japanese & Zen
4515896160,Geisha Portrait Sumi-e Art Print | Printable Wall Art | Instant Digital Download,"Elegant Japanese geisha and maiko art in traditional styles. Beautiful feminine Japanese culture celebrating grace, tradition, and timeless beauty. ✨ WHAT YOU GET: • 1 high-quality digital art file (JPG) • Instant download after purchase • Print at home or at any local/online print shop 📐 PERFECT FOR: • 8x10, 11x14, 16x20 print sizes • Gallery walls and home decor • Gift for art lovers 🖨️ HOW TO PRINT: Upload the file to Shutterfly, Walgreens, CVS, Canva, or any local print shop. For best results, print on matte photo paper or fine art paper. ℹ️ IMPORTANT: • This is a DIGITAL DOWNLOAD — no physical item will be shipped • Design created with AI tools • For personal use only. Not for resale or commercial use. Thank you for supporting MiniCanvasArt! 🎨",https://canvasminiart.site/p/4515896160.html,https://i.etsystatic.com/65245102/r/il/a385b5/8142076061/il_fullxfull.8142076061_orb3.jpg,2.99 USD,in stock,new,MiniCanvasArt,"Home & Garden > Decor > Artwork > Posters, Prints, & Visual Artwork",Japanese & Zen
